CustomerID,country,recency_days,frequency,total_quantity,monetary,avg_unit_price,num_products,avg_basket_value,country_group,cluster_kmeans,cluster_dbscan,cluster_none,cluster_standard,cluster_minmax
12346,United Kingdom,326,1,74215,77183.6,1.04,1,77183.6,United Kingdom,0,-1,1,0,1
12347,Iceland,2,7,2458,4310.0,2.644010989010989,103,615.7142857142857,Other,0,0,0,0,0
12348,Finland,75,4,2341,1797.24,5.764838709677419,22,449.31,Other,0,0,0,0,1
12349,Italy,19,1,631,1757.55,8.289041095890411,73,1757.55,Other,0,-1,0,0,0
12350,Norway,310,1,197,334.4,3.841176470588235,17,334.4,Other,1,0,0,1,1
12352,Norway,36,8,536,2506.04,15.93070588235294,59,313.255,Other,0,-1,0,0,0
12353,Bahrain,204,1,20,89.0,6.074999999999999,4,89.0,Other,1,0,0,1,1
12354,Spain,232,1,530,1079.4,4.5037931034482765,58,1079.4,Spain,1,0,0,1,1
12355,Bahrain,214,1,240,459.4,4.203846153846154,13,459.4,Other,1,0,0,1,1
12356,Portugal,23,3,1591,2811.43,3.201186440677966,53,937.1433333333333,Other,0,0,0,0,0
12357,Switzerland,33,1,2708,6207.67,3.3486259541984733,131,6207.67,Switzerland,0,0,0,0,0
12358,Austria,2,2,248,1168.06,8.27421052631579,13,584.03,Other,0,0,0,0,0
12359,Cyprus,58,4,1622,6372.58,8.620403225806452,214,1593.145,Other,0,0,0,0,0
12360,Austria,52,3,1165,2662.06,3.5496899224806198,105,887.3533333333334,Other,0,0,0,0,0
12361,Belgium,287,1,91,189.9,3.335,10,189.9,Belgium,1,0,0,1,1
12362,Belgium,3,10,2229,5226.23,3.94093984962406,201,522.6229999999999,Belgium,0,0,0,0,0
12363,Unspecified,110,2,408,552.0,2.3117391304347827,23,276.0,Other,1,0,0,1,1
12364,Belgium,8,4,1506,1313.1,1.910235294117647,70,328.275,Belgium,0,0,0,0,0
12365,Cyprus,291,2,174,641.38,17.150454545454547,22,320.69,Other,1,0,0,1,1
12367,Denmark,4,1,173,168.9,3.2,11,168.9,Other,1,0,0,1,0
12370,Cyprus,51,4,2353,3545.69,2.800299401197605,143,886.4225,Other,0,0,0,0,0
12371,Switzerland,45,2,591,1887.96,3.8742857142857146,63,943.98,Switzerland,0,0,0,0,0
12372,Denmark,72,3,794,1298.04,3.001346153846154,34,432.68,Other,0,0,0,0,1
12373,Austria,311,1,197,364.6,4.582142857142857,14,364.6,Other,1,0,0,1,1
12374,Austria,25,1,342,742.9300000000001,4.21969696969697,33,742.9300000000001,Other,1,0,0,1,1
12375,Finland,11,2,178,457.5,6.912941176470589,14,228.75,Other,1,0,0,1,0
12377,Switzerland,315,2,944,1628.12,2.718831168831169,72,814.06,Switzerland,0,0,0,0,1
12378,Switzerland,130,1,2529,4008.62,2.9974429223744297,219,4008.62,Switzerland,0,0,0,0,1
12379,Belgium,82,2,407,852.24,2.86625,39,426.12,Belgium,1,0,0,1,1
12380,Belgium,22,4,1127,2724.81,3.378653846153846,77,681.2025,Belgium,0,0,0,0,0
12381,Norway,5,5,808,1845.31,4.683218390804598,70,369.062,Other,0,0,0,0,0
12383,Belgium,185,5,1532,1850.56,3.086969696969697,84,370.11199999999997,Belgium,0,0,0,0,1
12384,Switzerland,29,2,126,585.27,7.87925925925926,26,292.635,Switzerland,1,0,0,1,1
12386,Australia,338,2,354,401.9,2.391,10,200.95,Other,1,0,0,1,1
12388,Australia,16,6,1462,2780.66,2.7777,57,463.4433333333333,Other,0,0,0,0,0
12390,Belgium,80,1,353,549.84,3.996875,32,549.84,Belgium,1,0,0,1,1
12391,Cyprus,22,1,300,460.89,2.4599,92,460.89,Other,1,0,0,1,0
12393,Australia,72,4,816,1582.6000000000001,2.2796875,47,395.65000000000003,Other,0,0,0,0,1
12394,Belgium,64,2,819,1272.48,3.3707407407407404,26,636.24,Belgium,0,0,0,0,1
12395,Belgium,19,12,2118,3018.63,3.9688461538461537,91,251.5525,Belgium,0,0,0,0,0
12397,Belgium,36,2,1263,2409.9,3.4682539682539684,110,1204.95,Belgium,0,0,0,0,0
12398,Switzerland,46,1,1394,1635.6599999999999,1.992705882352941,85,1635.6599999999999,Switzerland,0,0,0,0,0
12399,Belgium,119,4,1178,1108.65,2.1145762711864404,47,277.1625,Belgium,0,0,0,0,1
12401,Belgium,303,1,11,84.3,9.68,5,84.3,Belgium,1,0,0,1,1
12402,Belgium,323,1,94,225.6,3.290909090909091,11,225.6,Belgium,1,0,0,1,1
12403,Denmark,50,1,96,427.7,7.080000000000001,5,427.7,Other,1,0,0,1,1
12405,Finland,149,1,857,1710.39,3.5442592592592597,54,1710.39,Other,0,0,0,0,1
12406,Denmark,22,2,1818,3415.3,2.487047619047619,92,1707.65,Other,0,0,0,0,0
12407,Belgium,50,5,1416,1708.1200000000001,3.2674025974025973,57,341.624,Belgium,0,0,0,0,0
12408,Belgium,33,5,1409,2888.55,3.0228571428571427,81,577.71,Belgium,0,0,0,0,0
12409,Switzerland,79,3,5551,11072.67,3.574495412844037,91,3690.89,Switzerland,0,-1,0,0,0
12410,Switzerland,309,2,211,693.3299999999999,6.335384615384616,26,346.66499999999996,Switzerland,1,0,0,1,1
12412,Denmark,75,3,829,1226.88,2.7137704918032783,43,408.96000000000004,Other,0,0,0,0,1
12413,France,67,3,286,758.1,4.798421052631579,29,252.70000000000002,France,1,0,0,1,1
12414,Austria,217,3,300,562.41,8.57,16,187.47,Other,1,0,0,1,1
12415,Australia,24,21,77374,124914.53,2.9370868347338934,444,5948.310952380953,Other,0,-1,1,0,0
12417,Belgium,3,9,1552,3649.1,5.337916666666666,158,405.4555555555555,Belgium,0,0,0,0,0
12418,Switzerland,113,1,407,668.58,3.5644117647058824,34,668.58,Switzerland,1,0,0,1,1
12420,Cyprus,64,1,345,600.39,4.707241379310345,29,600.39,Other,1,0,0,1,1
12421,Spain,16,4,484,807.04,4.520222222222222,32,201.76,Spain,0,0,0,0,0
12422,Australia,96,3,370,803.5600000000001,3.26025641025641,39,267.85333333333335,Other,1,0,0,1,1
12423,Belgium,1,8,1339,1859.31,2.9135999999999997,97,232.41375,Belgium,0,0,0,0,0
12424,Australia,163,2,740,1760.96,2.780666666666667,30,880.48,Other,0,0,0,0,1
12425,Portugal,78,1,496,777.2,2.5644444444444443,36,777.2,Other,1,0,0,1,1
12426,Germany,195,1,258,582.73,3.9363333333333332,30,582.73,Germany,1,0,0,1,1
12427,Germany,22,3,533,825.8,4.589032258064516,26,275.26666666666665,Germany,0,0,0,0,0
12428,Finland,26,9,3536,7956.46,4.627414965986395,258,884.0511111111111,Other,0,0,0,0,0
12429,Denmark,9,4,1557,3750.4,3.6307216494845362,82,937.6,Other,0,0,0,0,0
12430,Norway,43,1,117,256.4,6.225454545454546,11,256.4,Other,1,0,0,1,1
12431,Australia,36,15,2906,6487.45,3.785063829787234,163,432.49666666666667,Other,0,0,0,0,0
12432,Norway,43,5,1801,5059.32,10.550833333333333,107,1011.8639999999999,Other,0,0,0,0,0
12433,Norway,1,7,11071,13375.87,2.1927380952380955,219,1910.8385714285716,Other,0,0,0,0,0
12434,Australia,85,2,394,806.14,3.6726,46,403.07,Other,1,0,0,1,1
12435,Denmark,80,2,2055,7829.89,5.479166666666667,31,3914.945,Other,0,-1,0,0,1
12436,Norway,100,1,211,509.01,5.2675,16,509.01,Other,1,0,0,1,1
12437,France,2,18,2922,4951.41,4.0125628140703515,118,275.0783333333333,France,0,0,0,0,0
12438,Norway,14,2,1180,2906.85,3.894897959183673,84,1453.425,Other,0,0,0,0,0
12441,France,367,1,121,173.55,3.700909090909091,11,173.55,France,1,0,0,1,1
12442,Spain,3,1,182,172.06,3.34,12,172.06,Spain,1,0,0,1,0
12444,Norway,21,5,1153,5005.46,6.3586931818181816,138,1001.092,Other,0,0,0,0,0
12445,Spain,22,1,62,133.4,7.9875,4,133.4,Spain,1,0,0,1,1
12446,RSA,58,1,351,1002.3100000000001,4.352631578947368,57,1002.3100000000001,Other,0,0,0,0,1
12447,Belgium,243,1,190,476.49,3.5742307692307693,26,476.49,Belgium,1,0,0,1,1
12448,Spain,44,1,243,449.45,5.951818181818182,22,449.45,Spain,1,0,0,1,1
12449,Belgium,22,4,1553,4067.29,3.694712041884817,118,1016.8225,Belgium,0,0,0,0,0
12450,Spain,156,2,128,197.88,1.6175,7,98.94,Spain,1,0,0,1,1
12451,Switzerland,11,5,6575,9035.52,2.450084745762712,265,1807.104,Switzerland,0,0,0,0,0
12452,Switzerland,17,2,185,430.57,4.485,21,215.285,Switzerland,1,0,0,1,0
12453,Austria,134,1,473,707.09,2.393255813953488,43,707.09,Other,1,0,0,1,1
12454,Spain,56,1,1006,3528.34,7.282,15,3528.34,Spain,0,-1,0,0,1
12455,Spain,73,6,2089,2466.86,3.173333333333334,85,411.1433333333334,Spain,0,0,0,0,0
12456,Switzerland,44,3,1633,3181.04,3.62456,105,1060.3466666666666,Switzerland,0,0,0,0,0
12457,Switzerland,66,7,843,2363.23,5.357096774193548,53,337.6042857142857,Switzerland,0,0,0,0,0
12458,Switzerland,71,2,506,947.4,4.326315789473685,35,473.7,Switzerland,1,0,0,1,1
12461,Switzerland,94,2,287,826.88,4.258857142857143,35,413.44,Switzerland,1,0,0,1,1
12462,Spain,19,2,536,1189.59,4.689516129032258,51,594.795,Spain,0,0,0,0,0
12463,Belgium,53,4,776,1344.78,3.0434939759036146,65,336.195,Belgium,0,0,0,0,0
12464,Belgium,10,8,112,1212.05,11.832758620689654,6,151.50625,Belgium,1,0,0,1,0
12465,Belgium,17,2,479,742.1899999999999,2.76,46,371.09499999999997,Belgium,0,0,0,0,0
12468,Germany,188,2,366,729.5400000000001,3.5149999999999997,36,364.77000000000004,Germany,1,0,0,1,1
12471,Germany,2,30,8212,19824.05,4.300369565217392,150,660.8016666666666,Germany,0,0,0,0,0
12472,Germany,32,7,4148,6572.11,2.397669616519174,219,938.8728571428571,Germany,0,0,0,0,0
12473,Germany,29,5,2439,3938.5499999999997,8.323928571428572,140,787.7099999999999,Germany,0,0,0,0,0
12474,Germany,17,18,4847,7375.79,2.8656603773584903,253,409.7661111111111,Germany,0,0,0,0,0
12475,Germany,54,1,535,723.38,2.941111111111111,36,723.38,Germany,1,0,0,1,1
12476,Germany,16,11,2408,6816.42,4.831030042918456,177,619.6745454545454,Germany,0,0,0,0,0
12477,Germany,23,6,3653,13219.74,4.3832,191,2203.29,Germany,0,0,0,0,0
12478,Greece,4,1,236,680.99,4.537777777777778,36,680.99,Other,0,0,0,0,0
12479,Germany,11,1,385,527.2,2.6687096774193546,31,527.2,Germany,1,0,0,1,0
12480,Germany,28,4,1707,3281.63,3.1344155844155845,129,820.4075,Germany,0,0,0,0,0
12481,Germany,23,10,3304,5596.32,3.4149769585253456,150,559.632,Germany,0,0,0,0,0
12483,Sweden,17,8,1110,2484.98,5.198133333333334,46,310.6225,Other,0,0,0,0,0
12484,Spain,33,6,2191,4541.72,3.126098265895954,256,756.9533333333334,Spain,0,0,0,0,0
12488,France,10,3,529,1298.66,3.7347272727272727,46,432.8866666666667,France,0,0,0,0,0
12489,France,336,1,105,334.93,5.908,15,334.93,France,1,0,0,1,1
12490,France,5,10,3064,5417.93,2.692857142857143,131,541.793,France,0,0,0,0,0
12491,France,39,1,260,460.40000000000003,3.376923076923077,25,460.40000000000003,France,1,0,0,1,1
12492,Germany,63,2,192,263.21000000000004,3.3475,19,131.60500000000002,Germany,1,0,0,1,1
12493,France,166,2,207,433.74,4.309090909090909,20,216.87,France,1,0,0,1,1
12494,France,16,7,707,1246.1000000000001,3.862207792207792,63,178.01428571428573,France,0,0,0,0,0
12497,Germany,82,1,1236,1043.1,2.06,14,1043.1,Germany,1,0,0,1,1
12498,Germany,21,3,159,403.70000000000005,4.197826086956522,21,134.5666666666667,Germany,1,0,0,1,1
12500,Germany,23,11,2678,4257.82,5.63688524590164,34,387.07454545454544,Germany,0,0,0,0,0
12501,Germany,337,1,1783,2169.39,2.4126845637583894,149,2169.39,Germany,0,0,0,0,1
12502,Spain,96,5,820,3723.87,6.425238095238095,102,744.774,Spain,0,0,0,0,0
12504,Germany,18,2,90,482.04999999999995,9.011111111111111,6,241.02499999999998,Germany,1,0,0,1,1
12506,France,233,1,23,73.5,3.1956521739130435,23,73.5,France,1,0,0,1,1
12507,Spain,134,3,894,1304.81,4.862857142857143,19,434.93666666666667,Spain,1,0,0,1,1
12508,France,26,2,272,398.27,1.7204347826086959,57,199.135,France,1,0,0,1,0
12509,France,284,1,55,176.5,5.564285714285715,7,176.5,France,1,0,0,1,1
12510,Spain,143,2,353,982.5699999999999,4.263333333333334,29,491.28499999999997,Spain,1,0,0,1,1
12512,Israel,66,2,99,138.03,2.5794117647058825,31,69.015,Other,1,0,0,1,1
12513,France,113,1,462,612.29,2.180571428571428,35,612.29,France,1,0,0,1,1
12514,Italy,267,1,440,1017.68,3.296862745098039,51,1017.68,Other,1,0,0,1,1
12515,Italy,353,1,131,383.7,6.78125,16,383.7,Other,1,0,0,1,1
12516,Germany,78,2,875,1312.06,2.725769230769231,20,656.03,Germany,0,0,0,0,1
12517,Germany,28,5,1371,2502.84,2.3527464788732395,232,500.56800000000004,Germany,0,0,0,0,0
12518,Germany,1,5,1318,2056.89,2.837177419354839,84,411.378,Germany,0,0,0,0,0
12519,Germany,64,1,183,340.84,2.9911111111111115,17,340.84,Germany,1,0,0,1,1
12520,Germany,79,5,1439,2634.26,3.288421052631579,121,526.8520000000001,Germany,0,0,0,0,0
12521,Germany,143,1,309,599.68,2.995789473684211,38,599.68,Germany,1,0,0,1,1
12522,Germany,39,2,194,192.72,5.0008333333333335,11,96.36,Germany,1,0,0,1,1
12523,France,19,11,865,1789.77,4.935471698113207,84,162.70636363636365,France,0,0,0,0,0
12524,Germany,9,8,3699,4485.72,2.9170833333333333,113,560.715,Germany,0,0,0,0,0
12526,Germany,1,3,632,1316.66,3.3538028169014087,64,438.8866666666667,Germany,0,0,0,0,0
12527,Germany,82,3,234,348.71000000000004,2.9294444444444445,18,116.23666666666668,Germany,1,0,0,1,1
12528,Germany,9,6,756,1933.48,5.487934782608695,50,322.24666666666667,Germany,0,0,0,0,0
12530,Germany,60,4,913,1662.28,3.8854545454545453,51,415.57,Germany,0,0,0,0,0
12531,Germany,15,1,45,125.22,3.8094117647058825,17,125.22,Germany,1,0,0,1,1
12532,France,30,1,153,349.83000000000004,3.698125,16,349.83000000000004,France,1,0,0,1,1
12534,Germany,131,1,651,1089.18,3.035396825396825,63,1089.18,Germany,0,0,0,0,1
12535,France,92,2,219,716.35,4.451470588235294,28,358.175,France,1,0,0,1,1
12536,France,43,3,2803,12601.830000000002,34.75452107279693,260,4200.610000000001,France,0,-1,0,0,0
12538,Spain,29,1,191,363.95,3.6433333333333335,21,363.95,Spain,1,0,0,1,1
12539,Spain,22,4,2067,5568.35,4.176520146520147,157,1392.0875,Spain,0,0,0,0,0
12540,Spain,20,17,6685,13400.24,3.847050209205021,277,788.2494117647059,Spain,0,0,0,0,0
12541,Spain,30,3,680,981.18,3.615769230769231,46,327.06,Spain,0,0,0,0,0
12544,Spain,36,1,136,372.7,4.106315789473685,19,372.7,Spain,1,0,0,1,1
12545,Spain,75,2,523,1000.39,4.0238,42,500.195,Spain,0,0,0,0,1
12546,Spain,47,2,633,1161.5,3.199275362318841,59,580.75,Spain,0,0,0,0,1
12547,Spain,198,2,134,207.79999999999998,7.95,7,103.89999999999999,Spain,1,0,0,1,1
12548,Spain,166,1,49,95.19999999999999,6.720000000000001,5,95.19999999999999,Spain,1,0,0,1,1
12550,Spain,79,1,569,964.83,3.0903508771929826,57,964.83,Spain,0,0,0,0,1
12551,Spain,358,1,100,168.0,1.6800000000000002,10,168.0,Spain,1,0,0,1,1
12552,Italy,39,2,88,437.82,9.1155,20,218.91,Other,1,0,0,1,1
12553,France,8,10,1965,3692.28,3.1996335078534033,95,369.228,France,0,0,0,0,0
12556,Spain,50,2,358,603.71,2.6623140495867768,100,301.855,Spain,1,0,0,1,1
12557,Spain,16,5,4384,11990.960000000001,2.1766666666666667,15,2398.192,Spain,0,0,0,0,0
12558,USA,8,1,196,269.96,1.25,11,269.96,Other,1,0,0,1,0
12559,Germany,311,2,283,561.71,3.5490476190476192,21,280.855,Germany,1,0,0,1,1
12560,Germany,5,3,1110,2134.01,2.8562857142857143,91,711.3366666666667,Germany,0,0,0,0,0
12561,Germany,303,1,177,238.85,2.964375,16,238.85,Germany,1,0,0,1,1
12562,France,8,7,1779,3781.7400000000002,3.188214285714286,99,540.2485714285715,France,0,0,0,0,0
12564,France,261,1,133,456.9,5.576190476190476,21,456.9,France,1,0,0,1,1
12565,Saudi Arabia,289,1,80,145.92,2.351111111111111,9,145.92,Other,1,0,0,1,1
12566,Germany,86,1,265,351.65,3.903684210526316,19,351.65,Germany,1,0,0,1,1
12567,France,23,10,4305,9401.28,3.40847533632287,323,940.128,France,0,0,0,0,0
12569,Germany,2,32,1801,4124.69,5.434574468085106,92,128.8965625,Germany,0,0,0,0,0
12571,France,40,2,523,519.61,1.3205882352941176,31,259.805,France,1,0,0,1,1
12572,Germany,9,2,452,1020.42,4.227833333333334,53,510.21,Germany,0,0,0,0,0
12573,France,227,1,84,160.54000000000002,2.0964285714285715,26,160.54000000000002,France,1,0,0,1,1
12574,France,316,1,61,218.45,5.2,11,218.45,France,1,0,0,1,1
12576,Poland,36,5,967,1315.83,2.4045454545454543,72,263.166,Other,0,0,0,0,0
12577,France,35,3,472,657.8,1.7950340136054421,137,219.26666666666665,France,0,0,0,0,0
12578,Italy,21,2,1196,2794.51,3.157017543859649,111,1397.255,Other,0,0,0,0,0
12579,France,78,1,285,440.42,3.3386206896551722,29,440.42,France,1,0,0,1,1
12580,Germany,247,1,238,415.7,2.6075,24,415.7,Germany,1,0,0,1,1
12581,Germany,40,1,161,197.71,2.8926666666666665,15,197.71,Germany,1,0,0,1,1
12582,Finland,239,2,300,511.36,5.2318181818181815,21,255.68,Other,1,0,0,1,1
12583,France,3,15,5060,7281.38,3.103603238866397,115,485.42533333333336,France,0,0,0,0,0
12584,Italy,4,9,416,2338.15,7.484375,44,259.7944444444445,Other,0,0,0,0,0
12585,Germany,234,2,1279,2040.1,3.4639080459770115,77,1020.05,Germany,0,0,0,0,1
12586,Italy,17,1,79,196.94000000000003,4.190909090909091,11,196.94000000000003,Other,1,0,0,1,1
12587,Finland,8,1,51,144.0,11.56,4,144.0,Other,1,0,0,1,1
12588,Finland,39,1,53,214.89999999999998,9.58,10,214.89999999999998,Other,1,0,0,1,1
12589,France,29,2,306,646.68,4.502857142857143,29,323.34,France,1,0,0,1,1
12590,Germany,211,2,4283,9864.26,10.54735294117647,68,4932.13,Germany,0,-1,0,0,1
12591,Italy,317,1,228,452.84999999999997,3.7807692307692307,26,452.84999999999997,Other,1,0,0,1,1
12592,Germany,92,2,290,437.6,3.311111111111111,11,218.8,Germany,1,0,0,1,1
12593,France,109,3,206,418.09999999999997,2.6523809523809527,14,139.36666666666665,France,1,0,0,1,1
12594,Italy,38,10,1777,3338.2200000000003,3.023135593220339,50,333.822,Other,0,0,0,0,0
12596,Spain,51,2,474,618.27,4.405555555555556,25,309.135,Spain,1,0,0,1,1
12597,Spain,19,4,2236,3811.22,3.9420873786407764,184,952.805,Spain,0,0,0,0,0
12598,France,10,8,1964,3023.08,2.8425757575757578,84,377.885,France,0,0,0,0,0
12599,France,29,7,956,1032.58,2.9962903225806454,32,147.51142857142855,France,0,0,0,0,0
12600,Germany,29,10,774,2599.04,5.47375,32,259.904,Germany,0,0,0,0,0
12601,Germany,190,5,245,577.0600000000001,6.511071428571428,21,115.412,Germany,1,0,0,1,1
12602,France,59,1,162,153.12,1.9708333333333332,12,153.12,France,1,0,0,1,1
12603,Germany,22,1,63,739.1999999999999,14.475,2,739.1999999999999,Germany,1,-1,0,1,1
12604,France,79,2,201,254.18,2.59125,15,127.09,France,1,0,0,1,1
12607,USA,60,1,1228,1579.51,2.1577227722772276,101,1579.51,Other,0,0,0,0,1
12609,Germany,78,3,648,1126.85,3.5178333333333334,57,375.6166666666666,Germany,0,0,0,0,1
12610,Italy,23,5,1049,2099.54,5.024716981132076,85,419.908,Other,0,0,0,0,0
12611,Italy,52,1,846,1193.32,2.675076923076923,65,1193.32,Other,0,0,0,0,1
12612,Germany,74,1,262,704.0400000000001,4.4389473684210525,19,704.0400000000001,Germany,1,0,0,1,1
12613,Germany,57,5,1644,3344.38,2.8726143790849674,124,668.876,Germany,0,0,0,0,0
12614,Germany,278,1,76,315.6,5.61,20,315.6,Germany,1,0,0,1,1
12615,France,2,4,1376,2291.19,3.0896190476190477,82,572.7975,France,0,0,0,0,0
12616,France,95,2,284,713.3,3.8203125,25,356.65,France,1,0,0,1,1
12617,France,29,1,213,355.53,1.903095238095238,39,355.53,France,1,0,0,1,1
12618,Italy,22,1,96,177.31,6.6381818181818195,11,177.31,Other,1,0,0,1,1
12619,Germany,16,9,3378,3641.24,7.056555555555556,50,404.5822222222222,Germany,0,0,0,0,0
12620,France,15,3,1181,1339.41,2.1478260869565218,89,446.47,France,0,0,0,0,0
12621,Germany,2,20,7440,13689.67,2.8922912205567455,261,684.4835,Germany,0,0,0,0,0
12622,Germany,232,1,69,180.1,5.739090909090909,11,180.1,Germany,1,0,0,1,1
12623,Germany,276,1,191,305.1,2.628888888888889,18,305.1,Germany,1,0,0,1,1
12624,France,106,2,355,641.13,3.8721052631578945,36,320.565,France,1,0,0,1,1
12625,Germany,212,2,1612,2683.82,2.1713953488372093,73,1341.91,Germany,0,0,0,0,1
12626,Germany,23,9,3453,6620.48,2.8210544217687072,232,735.6088888888888,Germany,0,0,0,0,0
12627,Germany,11,7,2752,4478.53,2.937913043478261,162,639.79,Germany,0,0,0,0,0
12628,Germany,4,3,448,786.46,3.591219512195122,34,262.15333333333336,Germany,0,0,0,0,0
12630,Finland,10,2,548,1270.88,4.48640625,60,635.44,Other,0,0,0,0,0
12631,Finland,57,1,236,640.5,4.537096774193548,31,640.5,Other,1,0,0,1,1
12633,Germany,59,4,1162,2163.98,3.211386138613862,73,540.995,Germany,0,0,0,0,0
12635,Germany,90,2,1172,1689.18,2.522079207920792,96,844.59,Germany,0,0,0,0,1
12637,France,67,8,3002,6021.9,2.6583076923076923,205,752.7375,France,0,0,0,0,0
12638,Sweden,33,1,577,671.69,2.56,39,671.69,Other,1,0,0,1,1
12639,Sweden,239,1,201,486.1,4.918181818181818,22,486.1,Other,1,0,0,1,1
12640,France,24,3,311,1174.58,5.716981132075472,47,391.52666666666664,France,0,0,0,0,0
12641,Sweden,115,1,72,185.9,6.964999999999999,10,185.9,Other,1,0,0,1,1
12642,Germany,25,3,552,1013.26,3.5906382978723403,39,337.75333333333333,Germany,0,0,0,0,0
12643,France,128,6,1808,3344.64,5.187916666666666,11,557.4399999999999,France,0,0,0,0,1
12644,Germany,130,1,325,477.91,2.8045161290322578,31,477.91,Germany,1,0,0,1,1
12645,Germany,34,4,1084,1775.18,2.611095890410959,58,443.795,Germany,0,0,0,0,0
12646,USA,5,2,897,1346.97,2.387111111111111,43,673.485,Other,0,0,0,0,0
12647,Germany,22,12,1431,3722.82,5.498842975206611,78,310.235,Germany,0,0,0,0,0
12648,Germany,155,1,160,318.05,3.1723809523809527,21,318.05,Germany,1,0,0,1,1
12649,Germany,107,3,586,623.51,2.6970967741935485,28,207.83666666666667,Germany,1,0,0,1,1
12650,France,3,1,254,314.44,1.9344999999999999,20,314.44,France,1,0,0,1,0
12651,France,335,1,78,114.0,2.244444444444445,9,114.0,France,1,0,0,1,1
12652,France,331,1,505,919.98,2.8972916666666664,48,919.98,France,1,0,0,1,1
12653,Israel,149,2,919,2209.85,2.5909302325581396,37,1104.925,Other,0,0,0,0,1
12654,Germany,11,5,264,601.98,4.420526315789473,31,120.396,Germany,1,0,0,1,0
12656,France,17,5,1723,4051.17,4.4494444444444445,89,810.234,France,0,0,0,0,0
12657,France,11,4,1044,1643.18,5.044893617021277,35,410.795,France,0,0,0,0,0
12658,Germany,19,1,320,686.05,4.114444444444445,36,686.05,Germany,1,0,0,1,0
12659,France,30,1,105,91.68,5.308,5,91.68,France,1,0,0,1,1
12660,France,11,1,127,245.1,3.8653846153846154,13,245.1,France,1,0,0,1,1
12662,Germany,1,11,2058,3849.78,3.2064782608695652,129,349.98,Germany,0,0,0,0,0
12664,Finland,8,9,1203,4881.88,11.084864864864864,10,542.4311111111111,Other,0,-1,0,0,0
12665,Germany,325,1,37,63.0,6.833333333333333,3,63.0,Germany,1,0,0,1,1
12667,Finland,58,1,395,620.13,3.624242424242424,33,620.13,Other,1,0,0,1,1
12668,Germany,12,4,1634,3807.15,3.458509316770187,115,951.7875,Germany,0,0,0,0,0
12669,France,151,3,1115,2744.0299999999997,13.741386138613862,98,914.6766666666666,France,0,0,0,0,1
12670,France,10,5,1397,2996.05,3.235869565217391,58,599.21,France,0,0,0,0,0
12672,France,330,1,78,225.89999999999998,3.79,10,225.89999999999998,France,1,0,0,1,1
12673,Germany,5,2,351,610.52,2.9283333333333337,42,305.26,Germany,0,0,0,0,0
12674,France,39,4,1133,1970.6,3.230602409638554,52,492.65,France,0,0,0,0,0
12676,Sweden,25,6,670,1331.39,7.0282222222222215,33,221.89833333333334,Other,0,0,0,0,0
12678,France,42,12,10923,17628.46,6.554666666666667,105,1469.0383333333332,France,0,0,0,0,0
12679,France,59,4,554,1113.02,4.004166666666666,43,278.255,France,0,0,0,0,1
12680,France,1,4,443,862.81,3.637884615384615,33,215.7025,France,0,0,0,0,0
12681,France,15,22,7536,13787.54,3.1529153605015674,267,626.7063636363637,France,0,0,0,0,0
12682,France,4,31,5575,12288.22,3.7501523809523807,209,396.3941935483871,France,0,0,0,0,0
12683,France,4,15,4987,8476.57,2.719156976744186,177,565.1046666666666,France,0,0,0,0,0
12684,France,8,7,1985,2283.63,2.5359999999999996,61,326.23285714285714,France,0,0,0,0,0
12685,France,28,6,1523,2863.08,3.0710191082802547,117,477.18,France,0,0,0,0,0
12686,France,372,1,107,89.14,3.2585714285714285,7,89.14,France,1,0,0,1,1
12688,Israel,114,1,3028,4873.8099999999995,4.124736842105263,171,4873.8099999999995,Other,0,0,0,0,1
12689,France,26,2,628,1247.61,2.8519444444444444,57,623.805,France,0,0,0,0,0
12690,France,206,1,106,389.01,5.5268749999999995,16,389.01,France,1,0,0,1,1
12691,France,28,6,394,1035.8,5.0359375,21,172.63333333333333,France,0,0,0,0,0
12693,Germany,127,4,255,855.91,5.44025641025641,35,213.9775,Germany,1,0,0,1,1
12694,France,70,2,509,869.67,3.901621621621622,32,434.835,France,1,0,0,1,1
12695,France,7,4,220,582.1,4.785555555555556,23,145.525,France,1,0,0,1,0
12697,Sweden,29,3,508,957.59,5.027560975609756,37,319.19666666666666,Other,0,0,0,0,0
12700,France,8,4,2967,4939.99,2.6198880597014926,193,1234.9975,France,0,0,0,0,0
12701,Germany,80,2,678,797.71,3.0907547169811322,50,398.855,Germany,1,0,0,1,1
12702,Germany,20,1,53,219.0,5.441666666666666,12,219.0,Germany,1,0,0,1,1
12703,Germany,71,1,164,283.55,2.638095238095238,21,283.55,Germany,1,0,0,1,1
12704,Finland,7,8,1006,2340.84,6.428409090909091,64,292.605,Other,0,0,0,0,0
12705,Germany,15,9,3997,6868.29,2.8610179640718565,228,763.1433333333333,Germany,0,0,0,0,0
12707,France,292,1,256,603.42,3.236666666666667,33,603.42,France,1,0,0,1,1
12708,Germany,30,10,1307,2712.91,4.316433121019108,86,271.291,Germany,0,0,0,0,0
12709,Germany,15,15,3936,9736.52,3.3240865384615383,93,649.1013333333334,Germany,0,0,0,0,0
12710,Germany,97,3,851,1149.02,2.718441558441558,75,383.00666666666666,Germany,0,0,0,0,1
12712,Germany,29,13,1062,4396.13,6.379924812030075,58,338.1638461538462,Germany,0,0,0,0,0
12713,Germany,1,1,508,848.55,2.503421052631579,38,848.55,Germany,0,0,0,0,0
12714,France,9,5,3069,4708.86,2.391891891891892,216,941.7719999999999,France,0,0,0,0,0
12715,Sweden,106,1,197,353.86,3.401904761904762,20,353.86,Other,1,0,0,1,1
12716,France,4,2,708,1053.49,2.665797101449275,60,526.745,France,0,0,0,0,0
12717,Greece,151,2,506,1030.98,4.670000000000001,49,515.49,Other,1,0,0,1,1
12718,France,71,1,203,238.25,2.7221052631578946,19,238.25,France,1,0,0,1,1
12719,France,5,2,374,644.95,3.644871794871795,34,322.475,France,0,0,0,0,0
12720,Germany,3,25,4672,5781.73,2.701581920903955,211,231.26919999999998,Germany,0,0,0,0,0
12721,France,32,6,1959,2656.13,3.069751552795031,133,442.68833333333333,France,0,0,0,0,0
12722,France,85,4,566,997.63,3.6201886792452833,50,249.4075,France,0,0,0,0,1
12723,France,4,5,434,725.07,3.2023188405797103,53,145.014,France,0,0,0,0,0
12724,France,5,4,445,1031.41,3.721132075471698,47,257.8525,France,0,0,0,0,0
12725,Italy,371,1,164,427.8,4.104166666666667,24,427.8,Other,1,0,0,1,1
12726,France,28,7,3143,2609.1,2.106693548387097,57,372.7285714285714,France,0,0,0,0,0
12727,France,11,7,2098,3980.7,3.2171223021582733,109,568.6714285714286,France,0,0,0,0,0
12728,France,71,4,419,836.33,4.669347826086956,38,209.0825,France,1,0,0,1,1
12729,France,114,1,233,453.01,3.701538461538462,26,453.01,France,1,0,0,1,1
12731,France,24,12,8437,18895.91,3.346167883211679,109,1574.6591666666666,France,0,0,0,0,0
12732,France,180,1,111,236.26000000000002,3.5225000000000004,12,236.26000000000002,France,1,0,0,1,1
12733,USA,234,1,137,383.95,3.372727272727273,22,383.95,Other,1,0,0,1,1
12734,France,353,1,88,110.39999999999999,1.185,4,110.39999999999999,France,1,0,0,1,1
12735,France,315,2,368,779.5699999999999,5.416279069767441,38,389.78499999999997,France,1,0,0,1,1
12736,France,333,1,173,234.0,5.58,4,234.0,France,1,0,0,1,1
12738,Germany,372,1,148,155.35,3.95,11,155.35,Germany,1,0,0,1,1
12739,United Arab Emirates,78,2,486,1013.04,4.008421052631578,38,506.52,Other,1,0,0,1,1
12740,France,64,1,342,427.6,2.074074074074074,27,427.6,France,1,0,0,1,1
12743,Unspecified,134,2,319,546.43,3.038582089552239,114,273.215,Other,1,0,0,1,1
12744,Singapore,52,7,5241,21279.29,58.33328828828829,178,3039.8985714285714,Other,0,-1,0,0,0
12747,United Kingdom,2,11,1275,4196.01,4.3678640776699025,42,381.4554545454546,United Kingdom,0,0,0,0,0
12748,United Kingdom,1,209,25747,33719.73,2.656278563656148,1768,161.3384210526316,United Kingdom,0,-1,0,0,0
12749,United Kingdom,4,5,1471,4090.88,4.999949748743719,160,818.176,United Kingdom,0,0,0,0,0
12750,Poland,129,1,137,275.88,4.62,15,275.88,Other,1,0,0,1,1
12752,Norway,81,1,2262,4366.78,2.2941509433962266,53,4366.78,Other,0,0,0,0,1
12753,Japan,23,6,11421,21429.39,2.3373604060913706,132,3571.565,Other,0,0,0,0,0
12754,Japan,236,3,6481,3010.74,1.125079365079365,49,1003.5799999999999,Other,0,0,0,0,1
12755,Japan,281,2,1491,3811.95,5.0249999999999995,4,1905.975,Other,0,-1,0,0,1
12756,Japan,87,1,144,112.07999999999998,0.7424999999999999,4,112.07999999999998,Other,1,0,0,1,1
12757,Portugal,16,13,2402,7857.1,11.912641509433962,237,604.3923076923077,Other,0,-1,0,0,0
12758,Portugal,117,2,2135,2791.59,1.700618556701031,84,1395.795,Other,0,0,0,0,1
12759,Netherlands,52,3,902,1531.44,3.2154736842105267,81,510.48,Other,0,0,0,0,0
12762,Portugal,8,2,1227,1898.52,2.736086956521739,62,949.26,Other,0,0,0,0,0
12763,Japan,138,2,316,494.08,1.7716666666666667,16,247.04,Other,1,0,0,1,1
12764,Lebanon,317,1,386,1693.88,5.387555555555555,45,1693.88,Other,1,0,0,1,1
12766,Portugal,4,7,3646,6989.63,3.070806451612903,205,998.5185714285715,Other,0,0,0,0,0
12769,Brazil,239,1,356,1143.6,4.45625,32,1143.6,Other,1,0,0,1,1
12770,Japan,211,1,743,1351.45,2.625,12,1351.45,Other,1,0,0,1,1
12772,Portugal,60,1,556,892.47,3.7007272727272724,55,892.47,Other,0,0,0,0,1
12775,Netherlands,17,5,877,1386.04,3.880606060606061,47,277.20799999999997,Other,0,0,0,0,0
12778,Netherlands,20,6,825,822.23,3.5094,40,137.03833333333333,Other,0,0,0,0,0
12779,Poland,38,8,2024,3981.36,3.6543624161073827,88,497.67,Other,0,0,0,0,0
12781,Czech Republic,64,2,671,826.74,3.1308,25,413.37,Other,1,0,0,1,1
12782,Portugal,5,5,1086,2330.92,3.805436893203883,81,466.184,Other,0,0,0,0,0
12783,Portugal,2,6,624,2225.91,12.22857142857143,76,370.98499999999996,Other,0,0,0,0,0
12784,Portugal,9,2,300,574.42,2.8015254237288136,54,287.21,Other,0,0,0,0,0
12785,Portugal,364,1,131,311.95,4.828571428571428,14,311.95,Other,1,0,0,1,1
12787,Netherlands,10,3,261,463.66,3.998,17,154.55333333333334,Other,1,0,0,1,0
12789,Netherlands,65,1,4,91.85,22.9625,4,91.85,Other,1,0,0,1,1
12790,Netherlands,192,1,166,324.92,3.948571428571429,21,324.92,Other,1,0,0,1,1
12791,Netherlands,374,1,97,192.60000000000002,8.425,2,192.60000000000002,Other,1,0,0,1,1
12792,Portugal,257,1,217,400.53999999999996,3.5096,25,400.53999999999996,Other,1,0,0,1,1
12793,Portugal,335,2,295,545.48,3.91,21,272.74,Other,1,0,0,1,1
12794,Portugal,53,2,592,860.41,2.077111111111111,43,430.205,Other,0,0,0,0,1
12795,Portugal,19,1,68,430.48,7.695,14,430.48,Other,1,0,0,1,1
12797,Portugal,366,1,118,254.03,5.143846153846154,13,254.03,Other,1,0,0,1,1
12798,Japan,10,3,5256,6977.04,1.0474999999999999,6,2325.68,Other,0,-1,0,0,0
12802,Netherlands,187,1,314,427.58,2.52,25,427.58,Other,1,0,0,1,1
12808,Portugal,37,3,188,483.65000000000003,4.0460714285714285,27,161.21666666666667,Other,1,0,0,1,1
12809,Portugal,178,1,220,489.31,4.4092,25,489.31,Other,1,0,0,1,1
12811,Portugal,261,3,230,514.85,4.12258064516129,27,171.61666666666667,Other,1,0,0,1,1
12812,Japan,45,1,164,229.64000000000001,2.0686666666666667,15,229.64000000000001,Other,1,0,0,1,1
12814,Poland,102,1,49,125.92,20.895,2,125.92,Other,1,0,0,1,1
12815,Poland,148,2,379,1063.46,5.401489361702128,38,531.73,Other,1,0,0,1,1
12816,Poland,96,2,128,572.2,8.832758620689654,27,286.1,Other,1,0,0,1,1
12817,Austria,281,1,53,166.04,12.0725,4,166.04,Other,1,0,0,1,1
12818,Austria,262,1,929,1542.08,6.755,14,1542.08,Other,1,0,0,1,1
12820,United Kingdom,3,4,722,942.34,1.9047457627118642,55,235.585,United Kingdom,0,0,0,0,0
12821,United Kingdom,214,1,70,92.72,2.4983333333333335,6,92.72,United Kingdom,1,0,0,1,1
12822,United Kingdom,71,2,550,948.88,2.692608695652174,41,474.44,United Kingdom,0,0,0,0,1
12823,United Kingdom,75,5,230,1759.5,7.65,1,351.9,United Kingdom,1,0,0,1,1
12824,United Kingdom,60,1,232,397.12,2.5356,25,397.12,United Kingdom,1,0,0,1,1
12826,United Kingdom,3,7,1058,1474.72,1.9276923076923078,58,210.67428571428573,United Kingdom,0,0,0,0,0
12827,United Kingdom,6,3,197,430.15000000000003,2.8680000000000003,19,143.38333333333335,United Kingdom,1,0,0,1,0
12828,United Kingdom,3,6,494,1018.71,3.09,46,169.785,United Kingdom,0,0,0,0,0
12829,United Kingdom,337,2,376,293.0,10.368181818181817,9,146.5,United Kingdom,1,0,0,1,1
12830,United Kingdom,38,6,9848,6814.64,1.0863157894736843,13,1135.7733333333333,United Kingdom,0,0,0,0,0
12831,United Kingdom,262,1,135,215.05,3.066666666666667,9,215.05,United Kingdom,1,0,0,1,1
12832,United Kingdom,32,2,195,383.03,2.928888888888889,27,191.515,United Kingdom,1,0,0,1,1
12833,United Kingdom,145,1,156,417.38,5.44125,24,417.38,United Kingdom,1,0,0,1,1
12834,United Kingdom,283,1,110,312.38,4.893888888888889,18,312.38,United Kingdom,1,0,0,1,1
12836,United Kingdom,59,4,1064,2612.86,4.287828571428571,148,653.215,United Kingdom,0,0,0,0,0
12837,United Kingdom,173,1,24,134.1,6.745833333333334,12,134.1,United Kingdom,1,0,0,1,1
12838,United Kingdom,34,2,359,683.13,2.3197560975609757,115,341.565,United Kingdom,0,0,0,0,0
12839,United Kingdom,3,14,3807,5591.42,1.9202229299363058,95,399.38714285714286,United Kingdom,0,0,0,0,0
12840,United Kingdom,144,4,1511,2726.77,2.035486725663717,67,681.6925,United Kingdom,0,0,0,0,1
12841,United Kingdom,5,25,2757,4022.35,2.395166666666667,229,160.894,United Kingdom,0,0,0,0,0
12842,United Kingdom,70,2,547,1118.99,4.3302941176470595,34,559.495,United Kingdom,0,0,0,0,1
12843,United Kingdom,66,8,781,1702.26,3.513203883495146,69,212.7825,United Kingdom,0,0,0,0,0
12844,United Kingdom,29,2,125,325.96000000000004,2.631153846153846,47,162.98000000000002,United Kingdom,1,0,0,1,1
12845,United Kingdom,267,4,204,354.09,2.7903703703703706,26,88.5225,United Kingdom,1,0,0,1,1
12847,United Kingdom,22,1,909,871.54,1.3392307692307692,72,871.54,United Kingdom,0,0,0,0,0
12849,United Kingdom,31,2,623,1050.8899999999999,2.8945098039215686,47,525.4449999999999,United Kingdom,0,0,0,0,0
12851,United Kingdom,97,1,109,135.18,1.9465999999999999,43,135.18,United Kingdom,1,0,0,1,1
12852,United Kingdom,295,1,149,311.55,3.65,17,311.55,United Kingdom,1,0,0,1,1
12853,United Kingdom,135,6,800,1957.1000000000001,4.250512820512821,66,326.18333333333334,United Kingdom,0,0,0,0,1
12854,United Kingdom,79,3,627,1324.5,2.7746363636363633,95,441.5,United Kingdom,0,0,0,0,1
12855,United Kingdom,373,1,30,38.1,1.55,3,38.1,United Kingdom,1,0,0,1,1
12856,United Kingdom,8,6,1079,2179.93,2.543407643312102,155,363.32166666666666,United Kingdom,0,0,0,0,0
12857,United Kingdom,211,2,343,1106.4,4.142391304347826,37,553.2,United Kingdom,1,0,0,1,1
12863,United Kingdom,52,1,188,521.2,3.374,5,521.2,United Kingdom,1,0,0,1,1
12864,United Kingdom,138,1,216,147.12,0.6566666666666666,3,147.12,United Kingdom,1,0,0,1,1
12865,Austria,26,2,925,1568.23,3.119157894736842,86,784.115,Other,0,0,0,0,0
12866,Belgium,283,1,171,559.12,4.4157692307692304,26,559.12,Belgium,1,0,0,1,1
12867,United Kingdom,26,7,4298,4036.82,1.3313382899628252,240,576.6885714285714,United Kingdom,0,0,0,0,0
12868,United Kingdom,186,6,928,1607.0600000000002,2.611682242990654,72,267.84333333333336,United Kingdom,0,0,0,0,1
12871,United Kingdom,84,2,200,380.64,2.110909090909091,8,190.32,United Kingdom,1,0,0,1,1
12872,United Kingdom,327,2,319,599.97,2.4956060606060606,58,299.985,United Kingdom,1,0,0,1,1
12873,United Kingdom,282,1,128,374.0,4.0375,4,374.0,United Kingdom,1,0,0,1,1
12875,United Kingdom,143,2,2019,343.2300000000001,0.17,1,171.61500000000004,United Kingdom,1,0,0,1,1
12876,Belgium,58,2,1941,2218.02,2.2544705882352942,67,1109.01,Belgium,0,0,0,0,0
12877,United Kingdom,4,12,1178,1535.77,1.8988961038961039,100,127.98083333333334,United Kingdom,0,0,0,0,0
12878,United Kingdom,236,2,547,854.99,2.0325531914893618,38,427.495,United Kingdom,1,0,0,1,1
12879,United Kingdom,45,3,370,573.22,1.832,7,191.07333333333335,United Kingdom,1,0,0,1,1
12881,United Kingdom,276,1,21,298.0,32.971428571428575,7,298.0,United Kingdom,1,-1,0,1,1
12882,United Kingdom,9,2,246,1463.04,6.437692307692307,12,731.52,United Kingdom,0,0,0,0,0
12883,United Kingdom,25,4,196,703.47,5.926904761904762,39,175.8675,United Kingdom,1,0,0,1,0
12884,United Kingdom,88,1,43,309.05,15.984285714285715,7,309.05,United Kingdom,1,0,0,1,1
12885,United Kingdom,63,3,655,1175.22,3.5930985915492957,66,391.74,United Kingdom,0,0,0,0,1
12886,United Kingdom,68,2,770,1378.4,3.7206097560975615,75,689.2,United Kingdom,0,0,0,0,1
12888,United Kingdom,214,2,76,354.12,5.896,4,177.06,United Kingdom,1,0,0,1,1
12890,United Kingdom,24,1,259,380.46999999999997,1.8129268292682927,78,380.46999999999997,United Kingdom,1,0,0,1,0
12891,United Kingdom,186,3,950,331.0,0.3666666666666667,2,110.33333333333333,United Kingdom,1,0,0,1,1
12893,United Kingdom,31,1,96,188.14,2.2108823529411765,27,188.14,United Kingdom,1,0,0,1,1
12895,United Kingdom,42,2,210,372.8,3.222727272727273,22,186.4,United Kingdom,1,0,0,1,1
12897,United Kingdom,205,2,110,216.5,2.7,3,108.25,United Kingdom,1,0,0,1,1
12901,United Kingdom,9,28,23075,17654.54,1.4663793103448275,30,630.5192857142857,United Kingdom,0,0,0,0,0
12902,United Kingdom,265,1,66,138.68,5.619,10,138.68,United Kingdom,1,0,0,1,1
12904,United Kingdom,18,2,302,509.58,3.085,59,254.79,United Kingdom,1,0,0,1,0
12906,United Kingdom,12,5,1749,2919.81,2.551904761904762,55,583.962,United Kingdom,0,0,0,0,0
12908,United Kingdom,176,2,1200,750.0,0.625,1,375.0,United Kingdom,1,0,0,1,1
12909,United Kingdom,40,5,1280,2178.67,6.7639560439560436,78,435.73400000000004,United Kingdom,0,0,0,0,0
12910,United Kingdom,23,8,1692,3075.04,2.0928,48,384.38,United Kingdom,0,0,0,0,0
12912,United Kingdom,3,5,670,1662.3,2.7191666666666667,17,332.46,United Kingdom,0,0,0,0,0
12913,United Kingdom,5,5,1419,2483.63,2.9248000000000003,37,496.726,United Kingdom,0,0,0,0,0
12915,United Kingdom,149,2,93,363.65,6.788636363636363,19,181.825,United Kingdom,1,0,0,1,1
12916,United Kingdom,139,4,1119,3006.15,4.126635514018692,53,751.5375,United Kingdom,0,0,0,0,1
12917,United Kingdom,128,1,120,594.0,4.95,2,594.0,United Kingdom,1,0,0,1,1
12919,United Kingdom,8,6,673,1335.19,2.6044,34,222.53166666666667,United Kingdom,0,0,0,0,0
12920,United Kingdom,17,1,129,164.23,3.8410714285714285,27,164.23,United Kingdom,1,0,0,1,1
12921,United Kingdom,9,37,9526,16587.09,2.3401944444444447,233,448.29972972972973,United Kingdom,0,0,0,0,0
12922,United Kingdom,161,1,370,405.38,1.627857142857143,28,405.38,United Kingdom,1,0,0,1,1
12923,United Kingdom,64,1,69,176.97,2.936551724137931,28,176.97,United Kingdom,1,0,0,1,1
12924,United Kingdom,88,4,481,933.7,3.1883333333333335,22,233.425,United Kingdom,1,0,0,1,1
12925,United Kingdom,5,2,541,694.05,2.310222222222222,42,347.025,United Kingdom,0,0,0,0,0
12928,United Kingdom,35,5,1472,2062.7000000000003,1.9426190476190477,59,412.5400000000001,United Kingdom,0,0,0,0,0
12929,United Kingdom,312,1,37,117.85,7.11875,8,117.85,United Kingdom,1,0,0,1,1
12930,United Kingdom,78,2,252,415.8,2.9948,20,207.9,United Kingdom,1,0,0,1,1
12931,United Kingdom,22,15,28004,42055.96,1.7017073170731707,28,2803.730666666667,United Kingdom,0,-1,0,0,0
12933,United Kingdom,24,3,499,607.53,2.6469811320754717,102,202.51,United Kingdom,0,0,0,0,0
12935,United Kingdom,2,7,1853,2160.7,2.032325581395349,80,308.6714285714285,United Kingdom,0,0,0,0,0
12936,United Kingdom,17,4,559,1063.9,2.033225806451613,56,265.975,United Kingdom,0,0,0,0,0
12937,United Kingdom,15,4,1007,1504.27,2.371666666666667,81,376.0675,United Kingdom,0,0,0,0,0
12938,United Kingdom,26,1,140,114.14,1.271111111111111,9,114.14,United Kingdom,1,0,0,1,1
12939,United Kingdom,64,8,4876,11581.8,2.403404255319149,21,1447.725,United Kingdom,0,0,0,0,0
12940,United Kingdom,55,2,411,913.54,3.8207070707070705,87,456.77,United Kingdom,0,0,0,0,1
12942,United Kingdom,131,3,203,683.9,4.1378666666666675,68,227.96666666666667,United Kingdom,1,0,0,1,1
12944,United Kingdom,36,2,289,604.51,3.1886666666666668,29,302.255,United Kingdom,1,0,0,1,1
12945,United Kingdom,288,1,165,462.95,4.95,23,462.95,United Kingdom,1,0,0,1,1
12947,United Kingdom,144,6,1165,1603.99,3.270309278350515,83,267.33166666666665,United Kingdom,0,0,0,0,1
12948,United Kingdom,16,7,1080,2064.95,2.932758620689655,82,294.99285714285713,United Kingdom,0,0,0,0,0
12949,United Kingdom,31,8,2381,4167.22,2.8786511627906974,166,520.9025,United Kingdom,0,0,0,0,0
12950,United Kingdom,2,3,1380,1843.0,1.3891304347826086,13,614.3333333333334,United Kingdom,0,0,0,0,0
12951,United Kingdom,9,6,503,1064.07,3.006031746031746,53,177.345,United Kingdom,0,0,0,0,0
12952,United Kingdom,6,4,653,1387.79,4.062658227848101,64,346.9475,United Kingdom,0,0,0,0,0
12953,United Kingdom,10,1,84,329.85,6.647058823529412,17,329.85,United Kingdom,1,0,0,1,0
12955,United Kingdom,1,11,3664,4757.16,1.6899444444444445,81,432.4690909090909,United Kingdom,0,0,0,0,0
12956,United Kingdom,306,1,34,108.07,4.365263157894737,19,108.07,United Kingdom,1,0,0,1,1
12957,United Kingdom,10,8,2549,4017.54,2.817563025210084,208,502.1925,United Kingdom,0,0,0,0,0
12962,United Kingdom,7,2,129,266.39,2.985625,15,133.195,United Kingdom,1,0,0,1,0
12963,United Kingdom,8,8,881,1856.63,3.294842105263158,75,232.07875,United Kingdom,0,0,0,0,0
12965,United Kingdom,89,1,283,771.91,3.6638532110091746,108,771.91,United Kingdom,1,0,0,1,1
12966,United Kingdom,10,1,75,160.18,3.4230000000000005,10,160.18,United Kingdom,1,0,0,1,1
12967,United Kingdom,358,2,438,1660.9,6.476315789473684,19,830.45,United Kingdom,1,0,0,1,1
12968,United Kingdom,112,1,73,135.95,3.29,5,135.95,United Kingdom,1,0,0,1,1
12970,United Kingdom,7,4,310,452.24,2.0307947019867547,116,113.06,United Kingdom,0,0,0,0,0
12971,United Kingdom,4,86,9289,11189.91,2.310327868852459,94,130.11523255813952,United Kingdom,0,-1,0,0,0
12974,United Kingdom,198,1,24,144.8,7.7,8,144.8,United Kingdom,1,0,0,1,1
12976,United Kingdom,212,1,561,738.6,1.5345454545454544,22,738.6,United Kingdom,1,0,0,1,1
12977,United Kingdom,156,1,12,39.239999999999995,4.23,9,39.239999999999995,United Kingdom,1,0,0,1,1
12980,United Kingdom,158,9,886,7374.900000000001,15.904500000000002,6,819.4333333333334,United Kingdom,0,-1,0,0,1
12981,United Kingdom,30,2,242,372.21999999999997,1.6235,12,186.10999999999999,United Kingdom,1,0,0,1,1
12982,United Kingdom,243,1,288,390.54,1.8478571428571429,28,390.54,United Kingdom,1,0,0,1,1
12984,United Kingdom,19,1,26,97.5,3.85,4,97.5,United Kingdom,1,0,0,1,1
12985,United Kingdom,1,2,1533,1239.38,1.914342105263158,73,619.69,United Kingdom,0,0,0,0,0
12987,United Kingdom,74,2,219,558.7,6.110714285714286,27,279.35,United Kingdom,1,0,0,1,1
12988,United Kingdom,292,1,136,535.32,4.110217391304348,75,535.32,United Kingdom,1,0,0,1,1
12989,United Kingdom,3,15,2943,6924.110000000001,3.1915625,41,461.6073333333334,United Kingdom,0,0,0,0,0
12990,United Kingdom,31,3,200,409.5,2.05,8,136.5,United Kingdom,1,0,0,1,1
12991,United Kingdom,23,2,405,503.76,2.3067741935483874,31,251.88,United Kingdom,1,0,0,1,0
12993,United Kingdom,23,4,240,414.76,2.1377777777777776,26,103.69,United Kingdom,1,0,0,1,0
12994,United Kingdom,4,3,459,974.4200000000001,4.212459016393442,52,324.8066666666667,United Kingdom,0,0,0,0,0
12995,United Kingdom,85,1,108,211.32,1.9566666666666668,3,211.32,United Kingdom,1,0,0,1,1
12997,United Kingdom,22,4,664,1226.89,3.2942372881355935,45,306.7225,United Kingdom,0,0,0,0,0
12999,United Kingdom,196,3,342,455.88,2.549285714285714,25,151.96,United Kingdom,1,0,0,1,1
13000,United Kingdom,107,3,379,534.85,3.0125806451612904,30,178.28333333333333,United Kingdom,1,0,0,1,1
13001,United Kingdom,4,13,5505,9818.82,2.419882005899705,166,755.2938461538462,United Kingdom,0,0,0,0,0
13002,United Kingdom,318,1,73,120.94999999999999,2.8214285714285716,7,120.94999999999999,United Kingdom,1,0,0,1,1
13003,United Kingdom,106,3,103,149.05,2.25,4,49.68333333333334,United Kingdom,1,0,0,1,1
13004,United Kingdom,12,18,4822,5655.91,2.0111633663366337,277,314.21722222222223,United Kingdom,0,0,0,0,0
13005,United Kingdom,174,2,172,513.7,5.117307692307692,21,256.85,United Kingdom,1,0,0,1,1
13006,United Kingdom,56,1,55,81.57,5.295,4,81.57,United Kingdom,1,0,0,1,1
13008,United Kingdom,323,1,175,229.46999999999997,1.7342857142857144,14,229.46999999999997,United Kingdom,1,0,0,1,1
13011,United Kingdom,372,1,13,50.550000000000004,4.216666666666667,3,50.550000000000004,United Kingdom,1,0,0,1,1
13012,United Kingdom,9,8,824,1661.8400000000001,3.2319101123595506,67,207.73000000000002,United Kingdom,0,0,0,0,0
13013,United Kingdom,1,13,2224,4810.9400000000005,3.163470319634703,155,370.07230769230773,United Kingdom,0,0,0,0,0
13014,United Kingdom,11,10,905,3466.2799999999997,5.255229357798165,67,346.628,United Kingdom,0,0,0,0,0
13015,United Kingdom,53,5,1617,3346.28,5.035568181818181,156,669.2560000000001,United Kingdom,0,0,0,0,0
13016,United Kingdom,73,3,527,789.89,3.173191489361702,39,263.2966666666667,United Kingdom,1,0,0,1,1
13017,United Kingdom,7,1,48,204.0,4.25,1,204.0,United Kingdom,1,0,0,1,1
13018,United Kingdom,16,28,5435,7277.7,2.1802183406113538,313,259.91785714285714,United Kingdom,0,0,0,0,0
13021,United Kingdom,4,9,1352,2616.38,3.812290076335878,101,290.7088888888889,United Kingdom,0,0,0,0,0
13023,United Kingdom,64,2,286,689.9,4.5525,36,344.95,United Kingdom,1,0,0,1,1
13026,United Kingdom,1,5,1620,975.36,0.6757500000000001,32,195.072,United Kingdom,0,0,0,0,0
13027,United Kingdom,114,6,17280,6912.0,0.4,6,1152.0,United Kingdom,0,-1,0,0,1
13028,United Kingdom,23,2,798,661.3199999999999,1.014,40,330.65999999999997,United Kingdom,0,0,0,0,0
13029,United Kingdom,31,3,134,1247.5,7.388,8,415.8333333333333,United Kingdom,1,0,0,1,1
13030,United Kingdom,11,2,394,799.48,3.17989898989899,76,399.74,United Kingdom,0,0,0,0,0
13032,United Kingdom,52,2,375,1010.18,3.81943661971831,55,505.09,United Kingdom,0,0,0,0,1
13033,United Kingdom,357,1,83,190.55,2.640909090909091,11,190.55,United Kingdom,1,0,0,1,1
13034,United Kingdom,55,2,369,642.77,2.3721621621621622,37,321.385,United Kingdom,1,0,0,1,1
13035,United Kingdom,74,2,644,921.88,1.8218518518518518,23,460.94,United Kingdom,1,0,0,1,1
13037,United Kingdom,138,3,431,881.07,3.8214583333333336,44,293.69,United Kingdom,1,0,0,1,1
13038,United Kingdom,80,3,360,908.46,2.7582142857142857,24,302.82,United Kingdom,1,0,0,1,1
13040,United Kingdom,9,2,355,676.99,2.8039534883720934,38,338.495,United Kingdom,0,0,0,0,0
13043,United Kingdom,273,1,254,516.42,5.680000000000001,13,516.42,United Kingdom,1,0,0,1,1
13044,United Kingdom,291,1,429,560.47,3.258787878787879,33,560.47,United Kingdom,1,0,0,1,1
13045,United Kingdom,99,1,221,305.28000000000003,1.5705555555555555,18,305.28000000000003,United Kingdom,1,0,0,1,1
13046,United Kingdom,31,2,264,629.31,6.142857142857143,33,314.655,United Kingdom,1,0,0,1,1
13047,United Kingdom,32,10,1391,3237.54,3.9320348837209305,106,323.754,United Kingdom,0,0,0,0,0
13048,United Kingdom,14,4,1238,1835.91,1.8322058823529412,77,458.9775,United Kingdom,0,0,0,0,0
13049,United Kingdom,64,2,268,656.6800000000001,3.9335714285714287,14,328.34000000000003,United Kingdom,1,0,0,1,1
13050,United Kingdom,15,17,3748,5836.86,2.9888833746898262,246,343.3447058823529,United Kingdom,0,0,0,0,0
13052,United Kingdom,212,1,222,348.15000000000003,3.2938888888888886,18,348.15000000000003,United Kingdom,1,0,0,1,1
13055,United Kingdom,78,3,894,1214.41,2.4710526315789476,74,404.80333333333334,United Kingdom,0,0,0,0,1
13058,United Kingdom,25,3,52,271.40000000000003,5.825,5,90.46666666666668,United Kingdom,1,0,0,1,1
13059,United Kingdom,250,1,35,183.4,5.21875,8,183.4,United Kingdom,1,0,0,1,1
13060,United Kingdom,254,1,123,307.53,3.982666666666667,15,307.53,United Kingdom,1,0,0,1,1
13061,United Kingdom,72,1,107,248.61,3.403,10,248.61,United Kingdom,1,0,0,1,1
13062,United Kingdom,191,1,343,346.98,6.819090909090908,11,346.98,United Kingdom,1,0,0,1,1
13064,United Kingdom,13,4,516,1119.49,3.555217391304348,51,279.8725,United Kingdom,0,0,0,0,0
13065,United Kingdom,373,1,74,205.86,5.222142857142857,14,205.86,United Kingdom,1,0,0,1,1
13066,United Kingdom,24,2,322,470.8,3.1733333333333333,48,235.4,United Kingdom,1,0,0,1,0
13067,United Kingdom,82,1,32,115.46000000000001,3.86,14,115.46000000000001,United Kingdom,1,0,0,1,1
13068,United Kingdom,10,2,200,344.0,1.72,1,172.0,United Kingdom,1,0,0,1,1
13069,United Kingdom,1,24,5885,4436.12,1.705764705882353,281,184.83833333333334,United Kingdom,0,0,0,0,0
13070,United Kingdom,192,1,110,228.8,2.08,9,228.8,United Kingdom,1,0,0,1,1
13072,United Kingdom,267,1,69,177.15,3.3500000000000005,7,177.15,United Kingdom,1,0,0,1,1
13075,United Kingdom,130,1,485,919.61,2.0395454545454546,22,919.61,United Kingdom,1,0,0,1,1
13077,United Kingdom,1,4,863,729.27,1.7558035714285716,99,182.3175,United Kingdom,0,0,0,0,0
13078,United Kingdom,3,26,5630,12627.94,3.9574301675977654,95,485.69,United Kingdom,0,0,0,0,0
13079,United Kingdom,4,5,62,220.10000000000002,4.166666666666667,2,44.02,United Kingdom,1,-1,0,1,0
13080,United Kingdom,179,1,120,58.08,0.5783333333333333,6,58.08,United Kingdom,1,0,0,1,1
13081,United Kingdom,12,11,19068,28337.38,2.3001953125,503,2576.1254545454544,United Kingdom,0,-1,0,0,0
13082,United Kingdom,126,9,4324,3613.63,2.9687671232876713,63,401.51444444444445,United Kingdom,0,0,0,0,0
13083,United Kingdom,4,2,187,303.75,3.4066666666666667,15,151.875,United Kingdom,1,0,0,1,0
13085,United Kingdom,158,2,216,416.08000000000004,4.003636363636364,17,208.04000000000002,United Kingdom,1,0,0,1,1
13089,United Kingdom,3,97,31070,58825.83,2.737816281628163,636,606.4518556701031,United Kingdom,0,-1,0,0,0
13090,United Kingdom,9,14,2263,8910.82,4.534516129032259,98,636.4871428571429,United Kingdom,0,0,0,0,0
13091,United Kingdom,28,1,466,345.82,0.9933333333333333,21,345.82,United Kingdom,1,0,0,1,1
13092,United Kingdom,71,5,279,477.83,5.018,19,95.566,United Kingdom,1,0,0,1,1
13093,United Kingdom,276,8,3961,7832.47,3.273647798742138,97,979.05875,United Kingdom,0,0,0,0,1
13094,United Kingdom,21,12,1716,1927.3200000000002,1.2525000000000002,4,160.61,United Kingdom,0,0,0,0,0
13095,United Kingdom,71,1,144,74.39999999999999,0.6933333333333334,6,74.39999999999999,United Kingdom,1,0,0,1,1
13097,United Kingdom,33,10,2363,6010.42,4.244113475177305,214,601.042,United Kingdom,0,0,0,0,0
13098,United Kingdom,1,28,15968,28882.44,2.7601223776223778,156,1031.5157142857142,United Kingdom,0,0,0,0,0
13099,United Kingdom,99,1,288,207.35999999999999,0.72,1,207.35999999999999,United Kingdom,1,0,0,1,1
13101,United Kingdom,234,1,113,101.19,2.9675,8,101.19,United Kingdom,1,0,0,1,1
13102,United Kingdom,1,24,4204,6424.09,2.5820394736842105,140,267.67041666666665,United Kingdom,0,0,0,0,0
13103,United Kingdom,40,1,82,243.94,3.9675,8,243.94,United Kingdom,1,0,0,1,1
13104,United Kingdom,3,6,504,1098.48,2.1715,14,183.08,United Kingdom,0,0,0,0,0
13106,United Kingdom,133,1,18,76.5,4.25,1,76.5,United Kingdom,1,0,0,1,1
13107,United Kingdom,44,4,1293,1531.6200000000001,1.7613793103448274,54,382.90500000000003,United Kingdom,0,0,0,0,0
13108,United Kingdom,373,1,298,350.06,1.752,10,350.06,United Kingdom,1,0,0,1,1
13109,United Kingdom,60,2,520,786.54,2.6465957446808512,41,393.27,United Kingdom,1,0,0,1,1
13110,United Kingdom,31,7,388,1488.67,4.7364137931034485,109,212.66714285714286,United Kingdom,0,0,0,0,0
13113,United Kingdom,1,24,3045,12245.960000000001,3.45205,95,510.2483333333334,United Kingdom,0,0,0,0,0
13115,United Kingdom,12,4,1567,2294.78,2.5444999999999998,88,573.695,United Kingdom,0,0,0,0,0
13116,United Kingdom,138,1,291,501.14,4.5216666666666665,30,501.14,United Kingdom,1,0,0,1,1
13117,United Kingdom,22,8,945,984.91,2.4343421052631578,66,123.11375,United Kingdom,0,0,0,0,0
13118,United Kingdom,20,5,410,1197.81,3.588354430379747,68,239.56199999999998,United Kingdom,0,0,0,0,0
13120,United Kingdom,239,1,12,30.599999999999998,2.55,1,30.599999999999998,United Kingdom,1,0,0,1,1
13121,United Kingdom,269,1,252,283.73,1.6887999999999999,50,283.73,United Kingdom,1,0,0,1,1
13122,United Kingdom,94,2,585,922.39,2.6365454545454545,54,461.195,United Kingdom,0,0,0,0,1
13124,United Kingdom,90,3,2147,3866.33,3.3234893617021277,185,1288.7766666666666,United Kingdom,0,0,0,0,0
13126,United Kingdom,5,8,2143,2099.64,2.100142857142857,124,262.455,United Kingdom,0,0,0,0,0
13127,United Kingdom,78,1,127,259.17,2.8853333333333335,15,259.17,United Kingdom,1,0,0,1,1
13130,United Kingdom,94,1,32,64.0,2.25,2,64.0,United Kingdom,1,0,0,1,1
13131,United Kingdom,23,3,447,1073.3,3.1161363636363633,30,357.76666666666665,United Kingdom,0,0,0,0,0
13132,United Kingdom,262,1,20,77.3,4.933333333333334,3,77.3,United Kingdom,1,0,0,1,1
13133,United Kingdom,274,2,32,109.8,5.3428571428571425,7,54.9,United Kingdom,1,0,0,1,1
13134,United Kingdom,86,4,1059,1793.58,3.113163265306122,94,448.395,United Kingdom,0,0,0,0,0
13135,United Kingdom,197,1,4300,3096.0,0.72,1,3096.0,United Kingdom,0,-1,0,0,1
13136,United Kingdom,56,5,1328,2607.61,2.8439370078740156,94,521.522,United Kingdom,0,0,0,0,0
13137,United Kingdom,11,8,2226,3650.41,1.915241477272727,345,456.30125,United Kingdom,0,0,0,0,0
13138,United Kingdom,22,6,473,962.39,2.8215873015873014,31,160.39833333333334,United Kingdom,0,0,0,0,0
13139,United Kingdom,16,7,2425,5064.94,3.541235294117647,132,723.5628571428571,United Kingdom,0,0,0,0,0
13140,United Kingdom,108,3,186,423.72,2.9486956521739134,40,141.24,United Kingdom,1,0,0,1,1
13141,United Kingdom,85,5,1548,2388.75,2.202444444444444,113,477.75,United Kingdom,0,0,0,0,0
13142,United Kingdom,19,1,258,307.09,2.9969565217391305,23,307.09,United Kingdom,1,0,0,1,1
13144,United Kingdom,333,1,21,110.95,6.216666666666666,3,110.95,United Kingdom,1,0,0,1,1
13145,United Kingdom,40,4,145,618.52,51.71,5,154.63,United Kingdom,1,-1,0,1,1
13146,United Kingdom,26,1,154,228.91,2.027058823529412,16,228.91,United Kingdom,1,0,0,1,1
13147,United Kingdom,10,4,144,712.8000000000001,4.95,1,178.20000000000002,United Kingdom,1,0,0,1,1
13148,United Kingdom,29,12,1975,3707.12,3.467742946708464,231,308.9266666666667,United Kingdom,0,0,0,0,0
13149,United Kingdom,14,4,1280,1676.06,2.881860465116279,76,419.015,United Kingdom,0,0,0,0,0
13151,United Kingdom,296,1,363,1257.8700000000001,5.689324324324324,73,1257.8700000000001,United Kingdom,1,0,0,1,1
13153,United Kingdom,6,1,418,486.22,1.278,15,486.22,United Kingdom,1,0,0,1,0
13155,United Kingdom,33,4,497,971.76,2.912,67,242.94,United Kingdom,0,0,0,0,0
13157,United Kingdom,49,4,1439,1741.22,1.8683908045977013,69,435.305,United Kingdom,0,0,0,0,0
13158,United Kingdom,95,4,784,1201.06,2.0106329113924053,59,300.265,United Kingdom,0,0,0,0,1
13159,United Kingdom,9,4,1059,1437.85,2.7321487603305785,114,359.4625,United Kingdom,0,0,0,0,0
13160,United Kingdom,22,1,56,91.8,3.025,4,91.8,United Kingdom,1,0,0,1,1
13161,United Kingdom,313,1,29,112.75,4.8625,8,112.75,United Kingdom,1,0,0,1,1
13162,United Kingdom,122,4,1713,1688.29,1.4626582278481013,74,422.0725,United Kingdom,0,0,0,0,1
13165,United Kingdom,46,2,1376,1021.48,0.800952380952381,40,510.74,United Kingdom,0,0,0,0,1
13166,United Kingdom,283,1,216,417.2,2.3914634146341465,39,417.2,United Kingdom,1,0,0,1,1
13167,United Kingdom,19,4,785,791.33,2.9483076923076923,51,197.8325,United Kingdom,0,0,0,0,0
13168,United Kingdom,36,4,682,1319.19,3.165267175572519,102,329.7975,United Kingdom,0,0,0,0,0
13169,United Kingdom,64,2,272,712.88,3.7823076923076924,11,356.44,United Kingdom,1,0,0,1,1
13170,United Kingdom,27,1,147,116.00999999999999,1.54625,29,116.00999999999999,United Kingdom,1,0,0,1,1
13171,United Kingdom,22,3,229,468.41,4.0445652173913045,37,156.13666666666668,United Kingdom,1,0,0,1,0
13173,United Kingdom,4,2,277,353.65,2.6467441860465115,41,176.825,United Kingdom,1,0,0,1,0
13174,United Kingdom,16,3,1395,2817.03,3.3874840764331213,228,939.0100000000001,United Kingdom,0,0,0,0,0
13176,United Kingdom,46,1,453,492.84,2.7775,66,492.84,United Kingdom,1,0,0,1,1
13177,United Kingdom,65,1,91,282.45,3.514705882352941,17,282.45,United Kingdom,1,0,0,1,1
13178,United Kingdom,26,11,3570,5725.47,2.046566037735849,95,520.4972727272727,United Kingdom,0,0,0,0,0
13182,United Kingdom,45,1,201,121.18,0.6854545454545454,11,121.18,United Kingdom,1,0,0,1,1
13183,United Kingdom,8,9,2208,3957.78,2.032659574468085,51,439.75333333333333,United Kingdom,0,0,0,0,0
13184,United Kingdom,15,10,1692,1701.29,1.8393922651933703,138,170.129,United Kingdom,0,0,0,0,0
13185,United Kingdom,268,1,12,71.4,5.95,1,71.4,United Kingdom,1,0,0,1,1
13186,United Kingdom,40,3,820,1575.89,3.2486075949367086,69,525.2966666666667,United Kingdom,0,0,0,0,0
13187,United Kingdom,337,1,95,236.02,3.765405405405405,37,236.02,United Kingdom,1,0,0,1,1
13188,United Kingdom,11,1,25,114.60000000000001,9.575,2,114.60000000000001,United Kingdom,1,0,0,1,1
13189,United Kingdom,19,2,842,260.68,0.39172413793103444,29,130.34,United Kingdom,1,0,0,1,0
13192,United Kingdom,95,2,595,911.94,2.6287301587301584,57,455.97,United Kingdom,0,0,0,0,1
13193,United Kingdom,61,1,50,117.88,2.870344827586207,22,117.88,United Kingdom,1,0,0,1,1
13194,United Kingdom,136,1,26,60.7,2.65,3,60.7,United Kingdom,1,0,0,1,1
13196,United Kingdom,11,4,1224,1797.78,2.5078181818181817,97,449.445,United Kingdom,0,0,0,0,0
13198,United Kingdom,10,6,2648,3401.2400000000002,2.379336283185841,199,566.8733333333333,United Kingdom,0,0,0,0,0
13199,United Kingdom,4,38,6176,9817.12,2.6299159663865543,48,258.34526315789475,United Kingdom,0,0,0,0,0
13200,United Kingdom,19,4,516,870.09,3.3756521739130436,42,217.5225,United Kingdom,0,0,0,0,0
13203,United Kingdom,10,4,800,869.46,2.3040350877192983,56,217.365,United Kingdom,0,0,0,0,0
13207,United Kingdom,15,2,130,250.26000000000002,2.2912500000000002,7,125.13000000000001,United Kingdom,1,0,0,1,1
13208,United Kingdom,59,6,804,1223.9,2.338456375838926,124,203.98333333333335,United Kingdom,0,0,0,0,0
13209,United Kingdom,30,8,4253,5891.61,2.2679127725856696,255,736.45125,United Kingdom,0,0,0,0,0
13210,United Kingdom,94,1,316,353.48,1.5118181818181817,22,353.48,United Kingdom,1,0,0,1,1
13211,United Kingdom,10,3,874,1197.42,1.4396428571428572,45,399.14000000000004,United Kingdom,0,0,0,0,0
13212,United Kingdom,20,3,310,788.08,3.745211267605634,128,262.6933333333333,United Kingdom,0,0,0,0,0
13213,United Kingdom,57,5,1360,1520.58,2.7209999999999996,82,304.116,United Kingdom,0,0,0,0,0
13216,United Kingdom,268,1,297,333.74,1.448,5,333.74,United Kingdom,1,0,0,1,1
13217,United Kingdom,122,3,262,533.98,2.38,3,177.99333333333334,United Kingdom,1,0,0,1,1
13218,United Kingdom,127,1,88,62.63999999999999,0.9299999999999999,5,62.63999999999999,United Kingdom,1,0,0,1,1
13220,United Kingdom,78,4,196,819.2900000000001,4.531904761904762,18,204.82250000000002,United Kingdom,1,0,0,1,1
13221,United Kingdom,240,2,244,847.41,5.01439393939394,62,423.705,United Kingdom,1,0,0,1,1
13223,United Kingdom,200,2,88,163.20000000000002,1.9600000000000002,5,81.60000000000001,United Kingdom,1,0,0,1,1
13224,United Kingdom,60,2,1518,2155.95,2.3142592592592592,101,1077.975,United Kingdom,0,0,0,0,0
13225,United Kingdom,3,7,3416,6463.84,2.3603125,23,923.4057142857143,United Kingdom,0,0,0,0,0
13226,United Kingdom,273,1,80,108.21000000000001,2.711875,16,108.21000000000001,United Kingdom,1,0,0,1,1
13227,United Kingdom,202,1,99,257.7,2.5999999999999996,9,257.7,United Kingdom,1,0,0,1,1
13228,United Kingdom,81,1,200,358.0,1.79,2,358.0,United Kingdom,1,0,0,1,1
13229,United Kingdom,226,1,63,160.95,4.0600000000000005,10,160.95,United Kingdom,1,0,0,1,1
13230,United Kingdom,4,14,1665,2806.97,2.399050736497545,393,200.49785714285713,United Kingdom,0,0,0,0,0
13232,United Kingdom,13,7,778,1357.6,3.2770531400966183,147,193.94285714285712,United Kingdom,0,0,0,0,0
13233,United Kingdom,74,2,1004,605.12,0.737906976744186,43,302.56,United Kingdom,1,0,0,1,1
13235,United Kingdom,212,1,441,1031.07,2.7143103448275863,53,1031.07,United Kingdom,1,0,0,1,1
13236,United Kingdom,25,2,416,744.85,4.0344444444444445,34,372.425,United Kingdom,1,0,0,1,0
13238,United Kingdom,17,4,298,700.73,4.110645161290323,20,175.1825,United Kingdom,1,0,0,1,0
13239,United Kingdom,262,1,327,329.56,1.590952380952381,21,329.56,United Kingdom,1,0,0,1,1
13240,United Kingdom,96,4,298,663.65,3.3132835820895523,59,165.9125,United Kingdom,1,0,0,1,1
13242,United Kingdom,112,3,130,270.40000000000003,2.08,12,90.13333333333334,United Kingdom,1,0,0,1,1
13243,United Kingdom,203,1,233,600.07,3.6174137931034482,56,600.07,United Kingdom,1,0,0,1,1
13244,United Kingdom,93,1,38,121.74000000000001,3.747777777777778,27,121.74000000000001,United Kingdom,1,0,0,1,1
13245,United Kingdom,51,1,125,430.5,6.23125,16,430.5,United Kingdom,1,0,0,1,1
13246,United Kingdom,18,6,1602,1987.3,1.851418439716312,110,331.21666666666664,United Kingdom,0,0,0,0,0
13247,United Kingdom,18,4,328,501.12,2.1075999999999997,18,125.28,United Kingdom,1,0,0,1,0
13248,United Kingdom,125,2,305,465.68,2.6873076923076926,25,232.84,United Kingdom,1,0,0,1,1
13249,United Kingdom,92,3,546,711.41,3.430869565217391,21,237.13666666666666,United Kingdom,1,0,0,1,1
13253,United Kingdom,157,2,1572,1030.4,1.1419444444444444,35,515.2,United Kingdom,0,0,0,0,1
13255,United Kingdom,9,2,177,399.51,4.96,13,199.755,United Kingdom,1,0,0,1,0
13258,United Kingdom,12,3,287,698.58,3.663684210526316,28,232.86,United Kingdom,1,0,0,1,0
13259,United Kingdom,62,1,132,292.32,2.308390804597701,77,292.32,United Kingdom,1,0,0,1,1
13260,United Kingdom,61,1,142,557.62,4.9675,8,557.62,United Kingdom,1,0,0,1,1
13261,United Kingdom,269,2,210,944.1,5.488888888888889,8,472.05,United Kingdom,1,0,0,1,1
13262,United Kingdom,263,1,125,200.29,3.092727272727273,11,200.29,United Kingdom,1,0,0,1,1
13263,United Kingdom,1,35,4780,7454.07,2.2423792486583185,450,212.97342857142857,United Kingdom,0,0,0,0,0
13265,United Kingdom,53,5,1752,2107.66,2.3726373626373625,66,421.532,United Kingdom,0,0,0,0,0
13266,United Kingdom,11,12,4428,3834.2599999999998,1.9028877005347595,82,319.52166666666665,United Kingdom,0,0,0,0,0
13267,United Kingdom,3,19,1969,4521.49,3.5107582938388626,88,237.97315789473683,United Kingdom,0,0,0,0,0
13268,United Kingdom,18,11,3658,3214.69,1.5559545454545454,257,292.24454545454546,United Kingdom,0,0,0,0,0
13269,United Kingdom,1,15,3514,5346.2300000000005,2.545474683544304,177,356.41533333333336,United Kingdom,0,0,0,0,0
13270,United Kingdom,366,1,200,590.0,2.95,1,590.0,United Kingdom,1,0,0,1,1
13271,United Kingdom,37,1,253,217.38,1.1966666666666665,79,217.38,United Kingdom,1,0,0,1,1
13272,United Kingdom,31,2,96,276.56,5.339333333333333,15,138.28,United Kingdom,1,0,0,1,1
13273,United Kingdom,113,1,153,138.98,1.298125,16,138.98,United Kingdom,1,0,0,1,1
13276,United Kingdom,64,2,161,590.9300000000001,5.097666666666667,30,295.46500000000003,United Kingdom,1,0,0,1,1
13277,United Kingdom,16,4,176,258.4,1.45,5,64.6,United Kingdom,1,0,0,1,1
13278,United Kingdom,41,1,537,542.73,1.9269565217391305,46,542.73,United Kingdom,1,0,0,1,1
13279,United Kingdom,78,1,73,137.75,2.6033333333333335,9,137.75,United Kingdom,1,0,0,1,1
13280,United Kingdom,122,3,522,814.86,2.6203529411764706,67,271.62,United Kingdom,1,0,0,1,1
13282,United Kingdom,18,3,307,1132.14,4.676216216216217,29,377.38000000000005,United Kingdom,0,0,0,0,0
13283,United Kingdom,60,2,90,93.66,1.3071428571428572,7,46.83,United Kingdom,1,0,0,1,1
13284,United Kingdom,331,1,91,201.19,4.397692307692308,13,201.19,United Kingdom,1,0,0,1,1
13285,United Kingdom,23,4,2051,2709.12,2.1348663101604277,157,677.28,United Kingdom,0,0,0,0,0
13291,United Kingdom,156,1,233,361.11,2.6642857142857146,41,361.11,United Kingdom,1,0,0,1,1
13292,United Kingdom,39,2,347,578.9399999999999,3.7332258064516126,29,289.46999999999997,United Kingdom,1,0,0,1,1
13294,United Kingdom,190,2,453,873.74,3.6888888888888887,48,436.87,United Kingdom,1,0,0,1,1
13295,United Kingdom,360,1,82,201.20000000000002,3.4899999999999998,10,201.20000000000002,United Kingdom,1,0,0,1,1
13296,United Kingdom,137,1,78,87.4,2.408,5,87.4,United Kingdom,1,0,0,1,1
13297,United Kingdom,8,4,963,2089.85,2.977966101694915,52,522.4625,United Kingdom,0,0,0,0,0
13298,United Kingdom,1,1,96,360.0,3.75,2,360.0,United Kingdom,1,0,0,1,0
13299,United Kingdom,268,1,30,142.5,4.75,5,142.5,United Kingdom,1,0,0,1,1
13300,United Kingdom,169,1,203,371.89,2.3865,20,371.89,United Kingdom,1,0,0,1,1
13301,United Kingdom,104,4,345,618.09,2.637654320987654,75,154.5225,United Kingdom,1,0,0,1,1
13302,United Kingdom,155,1,5,63.75,12.75,1,63.75,United Kingdom,1,0,0,1,1
13304,United Kingdom,351,1,238,300.42,3.161904761904762,21,300.42,United Kingdom,1,0,0,1,1
13305,United Kingdom,4,10,1232,2000.86,3.3620987654320986,50,200.08599999999998,United Kingdom,0,0,0,0,0
13307,United Kingdom,120,1,4,15.0,3.75,1,15.0,United Kingdom,1,0,0,1,1
13308,United Kingdom,23,3,843,1385.51,3.0190740740740742,49,461.83666666666664,United Kingdom,0,0,0,0,0
13309,United Kingdom,7,5,1544,1456.79,1.6181308411214952,82,291.358,United Kingdom,0,0,0,0,0
13310,United Kingdom,28,3,587,1132.03,3.2480555555555557,65,377.3433333333333,United Kingdom,0,0,0,0,0
13311,United Kingdom,4,2,305,598.57,4.1207692307692305,25,299.285,United Kingdom,1,0,0,1,0
13313,United Kingdom,22,5,851,1555.32,2.132307692307692,47,311.06399999999996,United Kingdom,0,0,0,0,0
13314,United Kingdom,2,3,560,775.94,3.1879032258064517,55,258.6466666666667,United Kingdom,0,0,0,0,0
13316,United Kingdom,37,4,6948,5977.7300000000005,2.504022988505747,66,1494.4325000000001,United Kingdom,0,0,0,0,0
13317,United Kingdom,66,6,1035,2273.68,4.001209677419355,100,378.94666666666666,United Kingdom,0,0,0,0,0
13318,United Kingdom,1,3,304,640.76,2.857,14,213.58666666666667,United Kingdom,0,0,0,0,0
13319,United Kingdom,5,26,4724,10845.550000000001,3.273970588235294,209,417.1365384615385,United Kingdom,0,0,0,0,0
13320,United Kingdom,78,4,1096,1548.7,1.8131132075471699,77,387.175,United Kingdom,0,0,0,0,0
13321,United Kingdom,72,2,372,567.36,2.1245454545454545,10,283.68,United Kingdom,1,0,0,1,1
13322,United Kingdom,17,1,117,199.48000000000002,2.7704000000000004,25,199.48000000000002,United Kingdom,1,0,0,1,1
13323,United Kingdom,3,5,175,787.85,4.55,6,157.57,United Kingdom,1,0,0,1,0
13324,United Kingdom,36,10,5205,7121.95,2.7862666666666667,25,712.1949999999999,United Kingdom,0,0,0,0,0
13325,United Kingdom,82,1,240,675.3,3.0283333333333338,12,675.3,United Kingdom,1,0,0,1,1
13327,United Kingdom,39,8,1600,3627.77,2.772222222222222,74,453.47125,United Kingdom,0,0,0,0,0
13328,United Kingdom,316,1,680,1308.48,1.8776470588235292,17,1308.48,United Kingdom,1,0,0,1,1
13329,United Kingdom,32,2,463,789.0,2.2535294117647062,16,394.5,United Kingdom,1,0,0,1,1
13330,United Kingdom,93,3,751,1140.93,2.020377358490566,37,380.31,United Kingdom,0,0,0,0,1
13332,United Kingdom,14,1,179,350.9,3.0352380952380953,21,350.9,United Kingdom,1,0,0,1,0
13334,United Kingdom,82,3,1774,3536.82,2.926119402985075,207,1178.94,United Kingdom,0,0,0,0,0
13336,United Kingdom,77,1,559,795.12,2.5023529411764707,51,795.12,United Kingdom,1,0,0,1,1
13338,United Kingdom,158,1,256,487.02,6.575263157894737,19,487.02,United Kingdom,1,0,0,1,1
13339,United Kingdom,201,1,326,860.12,5.235555555555556,54,860.12,United Kingdom,1,0,0,1,1
13340,United Kingdom,45,7,5770,10736.48,2.760223880597015,128,1533.782857142857,United Kingdom,0,0,0,0,0
13341,United Kingdom,261,1,301,775.85,4.182142857142857,42,775.85,United Kingdom,1,0,0,1,1
13343,United Kingdom,178,1,135,353.43,6.25421052631579,19,353.43,United Kingdom,1,0,0,1,1
13344,United Kingdom,68,3,971,2543.72,5.008487394957983,115,847.9066666666666,United Kingdom,0,0,0,0,0
13345,United Kingdom,288,1,141,389.5,5.6450000000000005,20,389.5,United Kingdom,1,0,0,1,1
13347,United Kingdom,70,1,205,341.36,7.52,8,341.36,United Kingdom,1,0,0,1,1
13348,United Kingdom,64,1,136,233.76,2.2057142857142855,14,233.76,United Kingdom,1,0,0,1,1
13349,United Kingdom,11,1,225,247.32,4.02625,16,247.32,United Kingdom,1,0,0,1,0
13350,United Kingdom,16,2,287,979.12,8.31575,36,489.56,United Kingdom,0,0,0,0,0
13351,United Kingdom,66,1,117,373.94,6.498125,16,373.94,United Kingdom,1,0,0,1,1
13352,United Kingdom,60,1,321,397.97999999999996,3.779583333333333,24,397.97999999999996,United Kingdom,1,0,0,1,1
13354,United Kingdom,71,1,604,743.53,1.8486274509803922,51,743.53,United Kingdom,1,0,0,1,1
13355,United Kingdom,122,1,314,674.7,2.7259375,32,674.7,United Kingdom,1,0,0,1,1
13356,United Kingdom,80,1,325,768.24,4.316190476190476,42,768.24,United Kingdom,1,0,0,1,1
13357,United Kingdom,257,1,322,609.95,2.9174444444444445,85,609.95,United Kingdom,1,0,0,1,1
13358,United Kingdom,269,1,285,439.03,5.006551724137931,29,439.03,United Kingdom,1,0,0,1,1
13359,United Kingdom,64,1,161,439.56,5.8,23,439.56,United Kingdom,1,0,0,1,1
13362,United Kingdom,9,4,1382,3090.7400000000002,3.499277108433735,128,772.6850000000001,United Kingdom,0,0,0,0,0
13363,United Kingdom,18,2,710,992.5,3.8373333333333335,47,496.25,United Kingdom,0,0,0,0,0
13364,United Kingdom,71,1,71,134.95999999999998,2.598,10,134.95999999999998,United Kingdom,1,0,0,1,1
13365,United Kingdom,34,2,1247,2225.37,3.115703125,122,1112.685,United Kingdom,0,0,0,0,0
13366,United Kingdom,50,1,144,56.160000000000004,0.39,1,56.160000000000004,United Kingdom,1,0,0,1,1
13368,United Kingdom,257,2,327,623.4,4.917586206896552,29,311.7,United Kingdom,1,0,0,1,1
13369,United Kingdom,366,1,149,308.28000000000003,6.5442857142857145,14,308.28000000000003,United Kingdom,1,0,0,1,1
13370,United Kingdom,372,1,343,754.87,3.7279487179487183,39,754.87,United Kingdom,1,0,0,1,1
13372,United Kingdom,90,1,159,378.64,6.020434782608696,23,378.64,United Kingdom,1,0,0,1,1
13373,United Kingdom,61,3,1651,3312.25,3.27006329113924,135,1104.0833333333333,United Kingdom,0,0,0,0,0
13375,United Kingdom,89,1,442,778.65,3.137567567567568,37,778.65,United Kingdom,1,0,0,1,1
13376,United Kingdom,99,3,493,1019.76,5.379811320754717,45,339.92,United Kingdom,1,0,0,1,1
13379,United Kingdom,26,3,601,572.56,1.7503092783505154,85,190.85333333333332,United Kingdom,0,0,0,0,0
13381,United Kingdom,32,6,2029,3639.31,3.0504069767441857,77,606.5516666666666,United Kingdom,0,0,0,0,0
13382,United Kingdom,281,1,131,222.99,2.7520000000000002,15,222.99,United Kingdom,1,0,0,1,1
13384,United Kingdom,31,7,2422,4151.93,3.173223684210526,123,593.1328571428572,United Kingdom,0,0,0,0,0
13385,United Kingdom,330,1,281,534.57,4.533142857142857,35,534.57,United Kingdom,1,0,0,1,1
13388,United Kingdom,131,2,282,677.1,4.5608571428571425,35,338.55,United Kingdom,1,0,0,1,1
13389,United Kingdom,11,3,429,797.96,3.844901960784314,50,265.9866666666667,United Kingdom,0,0,0,0,0
13390,United Kingdom,75,1,224,544.08,3.060769230769231,13,544.08,United Kingdom,1,0,0,1,1
13391,United Kingdom,204,1,4,59.8,14.95,1,59.8,United Kingdom,1,0,0,1,1
13394,United Kingdom,2,8,2392,2520.02,1.6380000000000001,124,315.0025,United Kingdom,0,0,0,0,0
13395,United Kingdom,185,1,336,307.72,2.7238095238095235,21,307.72,United Kingdom,1,0,0,1,1
13396,United Kingdom,29,2,600,1360.99,3.8948837209302325,42,680.495,United Kingdom,0,0,0,0,0
13397,United Kingdom,73,5,430,1544.13,4.0,28,308.826,United Kingdom,0,0,0,0,1
13398,United Kingdom,192,1,281,457.34,3.4296153846153845,26,457.34,United Kingdom,1,0,0,1,1
13402,United Kingdom,127,2,479,621.23,1.97974358974359,32,310.615,United Kingdom,1,0,0,1,1
13403,United Kingdom,18,1,44,75.0,2.9166666666666665,3,75.0,United Kingdom,1,0,0,1,1
13404,United Kingdom,1,2,111,252.49,2.900909090909091,11,126.245,United Kingdom,1,0,0,1,0
13405,United Kingdom,74,3,165,572.451,5.427814814814814,25,190.817,United Kingdom,1,0,0,1,1
13408,United Kingdom,2,62,16232,28117.04,2.439100418410042,234,453.5006451612903,United Kingdom,0,0,0,0,0
13410,United Kingdom,24,5,518,1003.06,2.440714285714286,15,200.612,United Kingdom,0,0,0,0,0
13411,United Kingdom,107,1,72,213.55,3.263888888888889,17,213.55,United Kingdom,1,0,0,1,1
13414,United Kingdom,134,3,1574,1390.5,1.8404166666666668,23,463.5,United Kingdom,0,0,0,0,1
13416,United Kingdom,44,2,142,712.5,5.455263157894737,11,356.25,United Kingdom,1,0,0,1,1
13417,United Kingdom,5,2,162,640.83,6.356428571428571,26,320.415,United Kingdom,1,0,0,1,0
13418,United Kingdom,12,18,3918,6127.43,2.9381578947368423,223,340.4127777777778,United Kingdom,0,0,0,0,0
13419,United Kingdom,64,1,275,221.06,1.011875,16,221.06,United Kingdom,1,0,0,1,1
13420,United Kingdom,150,2,101,159.85,3.5425,8,79.925,United Kingdom,1,0,0,1,1
13421,United Kingdom,40,2,1181,1851.08,2.088461538461538,88,925.54,United Kingdom,0,0,0,0,0
13422,United Kingdom,64,1,1326,2626.3,3.0306299212598424,127,2626.3,United Kingdom,0,0,0,0,0
13425,United Kingdom,108,3,1123,1624.21,2.634102564102564,66,541.4033333333333,United Kingdom,0,0,0,0,1
13426,United Kingdom,1,10,2245,3641.32,1.8858598726114648,103,364.132,United Kingdom,0,0,0,0,0
13427,United Kingdom,19,3,545,582.6,1.6500000000000001,25,194.20000000000002,United Kingdom,1,0,0,1,0
13428,United Kingdom,10,1,156,218.47,1.9724324324324325,70,218.47,United Kingdom,1,0,0,1,0
13429,United Kingdom,11,4,1390,1006.8,1.2207462686567165,55,251.7,United Kingdom,0,0,0,0,0
13430,United Kingdom,19,2,751,679.45,1.6575510204081632,48,339.725,United Kingdom,0,0,0,0,0
13431,United Kingdom,67,2,672,1269.1,3.2167391304347825,44,634.55,United Kingdom,0,0,0,0,1
13434,United Kingdom,74,2,300,534.24,1.652,9,267.12,United Kingdom,1,0,0,1,1
13435,United Kingdom,5,7,2129,3809.8900000000003,2.935247524752475,68,544.2700000000001,United Kingdom,0,0,0,0,0
13436,United Kingdom,2,1,76,196.89,5.829999999999999,12,196.89,United Kingdom,1,0,0,1,0
13437,United Kingdom,14,7,1283,3408.06,4.8889820359281435,143,486.86571428571426,United Kingdom,0,0,0,0,0
13439,United Kingdom,255,1,242,283.71,1.7253703703703704,54,283.71,United Kingdom,1,0,0,1,1
13441,United Kingdom,92,1,204,296.64,1.926153846153846,13,296.64,United Kingdom,1,0,0,1,1
13447,United Kingdom,23,3,584,1129.14,3.139830508474576,55,376.38000000000005,United Kingdom,0,0,0,0,0
13448,United Kingdom,17,6,1660,3539.37,3.182205128205128,137,589.895,United Kingdom,0,0,0,0,0
13449,United Kingdom,24,1,222,291.88,1.924736842105263,19,291.88,United Kingdom,1,0,0,1,1
13450,United Kingdom,27,6,1982,2043.7199999999998,1.5401408450704224,32,340.61999999999995,United Kingdom,0,0,0,0,0
13451,United Kingdom,26,5,2149,2976.15,2.1018284424379234,315,595.23,United Kingdom,0,0,0,0,0
13452,United Kingdom,259,2,2,590.0,295.0,1,295.0,United Kingdom,1,-1,0,1,1
13453,United Kingdom,166,2,134,356.97999999999996,4.546470588235294,16,178.48999999999998,United Kingdom,1,0,0,1,1
13455,United Kingdom,25,2,354,1058.34,4.624347826086956,42,529.17,United Kingdom,0,0,0,0,0
13456,United Kingdom,18,6,765,1766.72,3.458730158730159,43,294.4533333333333,United Kingdom,0,0,0,0,0
13458,United Kingdom,7,14,5508,9646.57,2.4352356020942407,242,689.0407142857142,United Kingdom,0,0,0,0,0
13460,United Kingdom,29,2,286,183.44,1.06,16,91.72,United Kingdom,1,0,0,1,1
13461,United Kingdom,39,3,1170,1445.0,1.5685185185185186,14,481.6666666666667,United Kingdom,0,0,0,0,1
13462,United Kingdom,253,1,62,151.5,3.388888888888889,9,151.5,United Kingdom,1,0,0,1,1
13464,United Kingdom,58,1,403,674.68,3.205609756097561,41,674.68,United Kingdom,1,0,0,1,1
13466,United Kingdom,184,1,259,307.9,2.841764705882353,17,307.9,United Kingdom,1,0,0,1,1
13467,United Kingdom,11,2,584,1083.71,2.731818181818182,89,541.855,United Kingdom,0,0,0,0,0
13468,United Kingdom,2,37,2589,5704.97,4.103245033112583,184,154.1883783783784,United Kingdom,0,0,0,0,0
13470,United Kingdom,99,2,100,165.0,1.65,7,82.5,United Kingdom,1,0,0,1,1
13471,United Kingdom,1,4,1590,2531.58,2.5075384615384615,214,632.895,United Kingdom,0,0,0,0,0
13473,United Kingdom,61,2,266,422.64,3.728095238095238,21,211.32,United Kingdom,1,0,0,1,1
13474,United Kingdom,236,1,132,229.59,2.32265625,59,229.59,United Kingdom,1,0,0,1,1
13475,United Kingdom,191,4,1012,1431.78,2.8886046511627907,64,357.945,United Kingdom,0,0,0,0,1
13476,United Kingdom,179,2,417,1238.47,8.79551724137931,56,619.235,United Kingdom,1,0,0,1,1
13477,United Kingdom,38,6,1021,1454.58,2.530886075949367,57,242.42999999999998,United Kingdom,0,0,0,0,0
13479,United Kingdom,201,2,134,300.95,4.6466666666666665,14,150.475,United Kingdom,1,0,0,1,1
13481,United Kingdom,46,5,1142,1804.56,2.2855963302752293,98,360.912,United Kingdom,0,0,0,0,0
13482,United Kingdom,232,1,116,184.64,2.439090909090909,11,184.64,United Kingdom,1,0,0,1,1
13483,United Kingdom,66,1,160,140.34,1.0559999999999998,10,140.34,United Kingdom,1,0,0,1,1
13484,United Kingdom,241,1,44,313.8,7.5,8,313.8,United Kingdom,1,0,0,1,1
13485,United Kingdom,233,1,277,454.24,2.425217391304348,23,454.24,United Kingdom,1,0,0,1,1
13486,United Kingdom,78,3,669,1122.41,2.9099999999999997,69,374.1366666666667,United Kingdom,0,0,0,0,1
13487,United Kingdom,58,3,265,575.4,4.451176470588235,26,191.79999999999998,United Kingdom,1,0,0,1,1
13488,United Kingdom,17,13,4518,8968.31,3.4669194312796208,271,689.87,United Kingdom,0,0,0,0,0
13489,United Kingdom,105,4,560,449.52,1.417142857142857,11,112.38,United Kingdom,1,0,0,1,1
13491,United Kingdom,52,10,903,1215.82,3.372093023255814,73,121.582,United Kingdom,0,0,0,0,0
13492,Switzerland,136,3,408,1269.84,4.5016,38,423.28,Switzerland,1,0,0,1,1
13493,Switzerland,275,2,380,618.63,12.89625,6,309.315,Switzerland,1,0,0,1,1
13494,United Kingdom,312,1,162,316.26000000000005,3.665,18,316.26000000000005,United Kingdom,1,0,0,1,1
13495,United Kingdom,8,5,829,2044.8700000000001,2.5783333333333336,34,408.97400000000005,United Kingdom,0,0,0,0,0
13496,United Kingdom,11,2,341,653.33,3.108285714285714,28,326.665,United Kingdom,1,0,0,1,0
13497,United Kingdom,283,2,163,348.05,2.973684210526316,19,174.025,United Kingdom,1,0,0,1,1
13499,United Kingdom,18,5,1365,1159.11,2.131666666666667,31,231.82199999999997,United Kingdom,0,0,0,0,0
13500,United Kingdom,23,3,609,1166.77,3.627076923076923,60,388.92333333333335,United Kingdom,0,0,0,0,0
13501,Switzerland,288,1,560,1340.32,3.7321153846153843,52,1340.32,Switzerland,1,0,0,1,1
13502,United Kingdom,17,3,264,292.0,1.7977777777777777,17,97.33333333333333,United Kingdom,1,0,0,1,0
13503,United Kingdom,71,1,248,216.85,2.1811764705882353,17,216.85,United Kingdom,1,0,0,1,1
13504,United Kingdom,64,1,178,295.93,3.7018181818181817,22,295.93,United Kingdom,1,0,0,1,1
13505,Switzerland,73,4,2486,4393.63,3.2970232558139534,182,1098.4075,Switzerland,0,0,0,0,0
13506,United Kingdom,316,2,324,458.52,2.8611538461538464,26,229.26,United Kingdom,1,0,0,1,1
13507,United Kingdom,3,4,1597,2479.16,3.3541975308641976,146,619.79,United Kingdom,0,0,0,0,0
13508,United Kingdom,244,1,24,110.97,5.1925,12,110.97,United Kingdom,1,0,0,1,1
13509,United Kingdom,9,7,1106,979.72,1.3643181818181818,27,139.96,United Kingdom,0,0,0,0,0
13510,United Kingdom,1,4,1386,1791.56,2.385913043478261,86,447.89,United Kingdom,0,0,0,0,0
13512,United Kingdom,261,1,143,251.21,4.1353333333333335,15,251.21,United Kingdom,1,0,0,1,1
13513,United Kingdom,127,1,109,205.1,3.685,10,205.1,United Kingdom,1,0,0,1,1
13514,United Kingdom,74,1,40,152.20000000000002,4.175000000000001,4,152.20000000000002,United Kingdom,1,0,0,1,1
13515,United Kingdom,73,4,681,891.12,2.1654237288135594,50,222.78,United Kingdom,0,0,0,0,1
13516,United Kingdom,21,3,985,1389.41,2.9477272727272723,43,463.1366666666667,United Kingdom,0,0,0,0,0
13517,United Kingdom,60,3,1369,2128.42,2.921631205673759,125,709.4733333333334,United Kingdom,0,0,0,0,0
13518,United Kingdom,86,1,392,659.4399999999999,2.7518421052631576,36,659.4399999999999,United Kingdom,1,0,0,1,1
13519,United Kingdom,78,1,23,122.75,6.34375,8,122.75,United Kingdom,1,0,0,1,1
13520,Switzerland,59,6,1649,3624.35,4.549462365591398,49,604.0583333333333,Switzerland,0,0,0,0,0
13521,United Kingdom,1,3,736,1093.65,1.8141743119266056,313,364.55,United Kingdom,0,0,0,0,0
13522,United Kingdom,30,1,44,125.80000000000001,3.2700000000000005,5,125.80000000000001,United Kingdom,1,0,0,1,1
13523,United Kingdom,33,5,1752,3964.88,6.2013372093023245,157,792.976,United Kingdom,0,0,0,0,0
13524,United Kingdom,41,5,324,680.1800000000001,3.4651851851851854,17,136.036,United Kingdom,1,0,0,1,1
13525,United Kingdom,15,2,394,628.78,3.901666666666667,5,314.39,United Kingdom,1,0,0,1,1
13527,United Kingdom,34,7,1692,2287.51,2.858340807174888,153,326.7871428571429,United Kingdom,0,0,0,0,0
13529,United Kingdom,79,2,74,307.76,5.598666666666667,15,153.88,United Kingdom,1,0,0,1,1
13531,United Kingdom,205,2,174,483.8,4.539545454545455,17,241.9,United Kingdom,1,0,0,1,1
13532,United Kingdom,34,1,129,210.31,2.223181818181818,66,210.31,United Kingdom,1,0,0,1,1
13533,United Kingdom,183,3,204,270.79,1.9332894736842106,61,90.26333333333334,United Kingdom,1,0,0,1,1
13534,United Kingdom,2,25,2961,5870.08,2.811013513513514,119,234.8032,United Kingdom,0,0,0,0,0
13536,United Kingdom,1,7,2136,3448.29,3.2182681564245814,91,492.61285714285714,United Kingdom,0,0,0,0,0
13538,United Kingdom,43,7,175,1280.85,7.4764,10,182.97857142857143,United Kingdom,1,0,0,1,1
13539,United Kingdom,86,3,320,631.34,4.195135135135135,35,210.4466666666667,United Kingdom,1,0,0,1,1
13544,United Kingdom,40,2,127,291.41,2.943448275862069,76,145.705,United Kingdom,1,0,0,1,1
13546,United Kingdom,12,3,359,626.99,2.204285714285714,72,208.99666666666667,United Kingdom,0,0,0,0,0
13548,United Kingdom,96,2,441,682.41,2.8149193548387097,114,341.205,United Kingdom,1,0,0,1,1
13549,United Kingdom,26,7,458,918.2,3.5321568627450985,37,131.17142857142858,United Kingdom,0,0,0,0,0
13551,United Kingdom,319,1,12,91.80000000000001,7.65,4,91.80000000000001,United Kingdom,1,0,0,1,1
13552,United Kingdom,66,12,1417,3740.07,3.9112844036697245,82,311.6725,United Kingdom,0,0,0,0,0
13555,United Kingdom,74,4,2660,4149.28,2.388235294117647,128,1037.32,United Kingdom,0,0,0,0,0
13557,United Kingdom,28,2,546,584.06,1.4773529411764705,31,292.03,United Kingdom,1,0,0,1,0
13558,United Kingdom,6,4,344,605.06,2.2094857142857145,123,151.265,United Kingdom,0,0,0,0,0
13560,United Kingdom,7,1,64,174.37,2.9854545454545454,32,174.37,United Kingdom,1,0,0,1,0
13561,United Kingdom,216,1,83,141.85999999999999,3.5464285714285713,14,141.85999999999999,United Kingdom,1,0,0,1,1
13562,United Kingdom,82,3,757,1799.33,3.83719512195122,50,599.7766666666666,United Kingdom,0,0,0,0,1
13563,United Kingdom,84,2,209,777.53,8.512857142857143,49,388.765,United Kingdom,1,0,0,1,1
13564,United Kingdom,144,3,661,1749.02,10.248795180722892,68,583.0066666666667,United Kingdom,0,0,0,0,1
13565,United Kingdom,19,2,172,240.22,1.7186842105263158,35,120.11,United Kingdom,1,0,0,1,0
13566,United Kingdom,41,2,575,874.71,1.8909090909090909,134,437.355,United Kingdom,0,0,0,0,0
13568,United Kingdom,173,1,70,192.85,3.001136363636364,41,192.85,United Kingdom,1,0,0,1,1
13569,United Kingdom,17,2,164,373.75,3.1531764705882352,73,186.875,United Kingdom,1,0,0,1,0
13570,United Kingdom,243,1,161,239.49,2.102592592592593,27,239.49,United Kingdom,1,0,0,1,1
13571,United Kingdom,13,12,1759,2092.32,1.7267741935483871,157,174.36,United Kingdom,0,0,0,0,0
13572,United Kingdom,206,1,534,1384.25,4.502424242424243,32,1384.25,United Kingdom,1,0,0,1,1
13573,United Kingdom,50,2,303,294.4,3.5473076923076925,24,147.2,United Kingdom,1,0,0,1,1
13575,United Kingdom,23,5,449,732.0699999999999,2.1478260869565218,41,146.414,United Kingdom,0,0,0,0,0
13576,United Kingdom,10,18,2646,6717.34,3.223492063492064,78,373.18555555555554,United Kingdom,0,0,0,0,0
13577,United Kingdom,25,4,791,1687.6000000000001,3.086987951807229,61,421.90000000000003,United Kingdom,0,0,0,0,0
13579,United Kingdom,15,2,176,467.04,4.260434782608695,19,233.52,United Kingdom,1,0,0,1,0
13581,United Kingdom,309,1,30,118.0,4.48,10,118.0,United Kingdom,1,0,0,1,1
13583,United Kingdom,156,1,725,781.03,2.0120754716981133,53,781.03,United Kingdom,1,0,0,1,1
13584,United Kingdom,307,1,37,142.4,4.164583333333333,24,142.4,United Kingdom,1,0,0,1,1
13587,United Kingdom,64,1,180,712.4,6.63625,8,712.4,United Kingdom,1,0,0,1,1
13588,United Kingdom,16,9,2606,2478.95,1.376494252873563,131,275.43888888888887,United Kingdom,0,0,0,0,0
13589,United Kingdom,15,2,114,379.65,6.701428571428571,21,189.825,United Kingdom,1,0,0,1,0
13590,United Kingdom,11,6,1848,1981.92,1.8458620689655172,70,330.32,United Kingdom,0,0,0,0,0
13591,United Kingdom,65,3,485,1117.13,3.979310344827586,56,372.3766666666667,United Kingdom,0,0,0,0,1
13592,United Kingdom,36,4,84,247.95999999999998,6.26,15,61.989999999999995,United Kingdom,1,0,0,1,1
13593,United Kingdom,108,5,731,2037.0800000000002,4.3735156250000005,77,407.41600000000005,United Kingdom,0,0,0,0,1
13594,United Kingdom,53,1,359,396.97,1.5953846153846152,26,396.97,United Kingdom,1,0,0,1,1
13596,United Kingdom,6,2,406,697.04,2.282951807228916,133,348.52,United Kingdom,0,0,0,0,0
13598,United Kingdom,47,1,58,180.17000000000002,3.3560000000000003,33,180.17000000000002,United Kingdom,1,0,0,1,1
13599,United Kingdom,1,21,3294,5153.67,2.7971659919028338,171,245.41285714285715,United Kingdom,0,0,0,0,0
13600,United Kingdom,312,1,324,219.52,3.0642105263157893,19,219.52,United Kingdom,1,0,0,1,1
13601,United Kingdom,45,2,548,693.32,1.8624242424242423,90,346.66,United Kingdom,0,0,0,0,0
13602,United Kingdom,65,1,267,428.89,2.0608695652173914,23,428.89,United Kingdom,1,0,0,1,1
13603,United Kingdom,26,1,164,164.34,2.111851851851852,27,164.34,United Kingdom,1,0,0,1,1
13606,United Kingdom,29,3,279,280.53999999999996,2.2688372093023257,40,93.51333333333332,United Kingdom,1,0,0,1,1
13607,United Kingdom,40,1,290,678.01,3.150612244897959,93,678.01,United Kingdom,1,0,0,1,1
13610,United Kingdom,12,7,516,1131.88,2.8789823008849558,165,161.69714285714286,United Kingdom,0,0,0,0,0
13611,United Kingdom,89,3,766,1171.8,2.35472972972973,67,390.59999999999997,United Kingdom,0,0,0,0,1
13614,United Kingdom,24,4,570,1610.46,3.7748756218905473,171,402.615,United Kingdom,0,0,0,0,0
13615,United Kingdom,319,1,189,417.69,3.387391304347826,23,417.69,United Kingdom,1,0,0,1,1
13617,United Kingdom,40,3,300,544.18,2.789772727272727,31,181.39333333333332,United Kingdom,1,0,0,1,1
13618,United Kingdom,174,1,246,177.34,1.0353846153846153,13,177.34,United Kingdom,1,0,0,1,1
13621,United Kingdom,117,1,343,213.85,1.1289473684210527,19,213.85,United Kingdom,1,0,0,1,1
13623,United Kingdom,31,5,294,747.78,3.594444444444444,75,149.55599999999998,United Kingdom,0,0,0,0,0
13626,United Kingdom,253,1,209,257.23,2.1405263157894736,19,257.23,United Kingdom,1,0,0,1,1
13627,United Kingdom,59,5,1269,1638.47,2.9745652173913046,84,327.694,United Kingdom,0,0,0,0,0
13629,United Kingdom,23,11,4372,7792.36,2.3242372881355933,28,708.3963636363636,United Kingdom,0,0,0,0,0
13630,United Kingdom,5,7,1391,2031.78,2.003098591549296,51,290.2542857142857,United Kingdom,0,0,0,0,0
13631,United Kingdom,100,11,467,3070.42,6.16090909090909,6,279.1290909090909,United Kingdom,0,0,0,0,1
13632,United Kingdom,25,5,1037,2121.27,3.1735616438356162,121,424.254,United Kingdom,0,0,0,0,0
13634,United Kingdom,33,5,704,1575.16,3.3305851063829786,156,315.03200000000004,United Kingdom,0,0,0,0,0
13635,United Kingdom,68,1,677,1071.03,2.405806451612903,62,1071.03,United Kingdom,0,0,0,0,1
13636,United Kingdom,37,5,592,949.12,3.785396825396825,57,189.824,United Kingdom,0,0,0,0,0
13637,United Kingdom,52,3,409,810.5,2.365841584158416,79,270.1666666666667,United Kingdom,0,0,0,0,1
13638,United Kingdom,16,1,93,122.64,2.9925,8,122.64,United Kingdom,1,0,0,1,1
13639,United Kingdom,74,1,800,1033.34,1.443,39,1033.34,United Kingdom,0,0,0,0,1
13642,United Kingdom,216,1,173,354.8,3.251212121212121,57,354.8,United Kingdom,1,0,0,1,1
13643,United Kingdom,31,3,273,519.44,2.394642857142857,24,173.14666666666668,United Kingdom,1,0,0,1,1
13644,United Kingdom,16,4,2067,2624.26,3.043013698630137,144,656.065,United Kingdom,0,0,0,0,0
13645,United Kingdom,120,1,158,252.1,3.3699999999999997,5,252.1,United Kingdom,1,0,0,1,1
13647,United Kingdom,10,4,895,1678.1200000000001,3.3203797468354432,65,419.53000000000003,United Kingdom,0,0,0,0,0
13649,United Kingdom,257,2,139,346.6,3.191304347826087,23,173.3,United Kingdom,1,0,0,1,1
13650,United Kingdom,17,6,922,1836.34,3.1525,79,306.0566666666667,United Kingdom,0,0,0,0,0
13651,United Kingdom,35,2,33,94.2,6.058333333333334,6,47.1,United Kingdom,1,0,0,1,1
13652,United Kingdom,46,3,578,1095.08,3.1233333333333335,48,365.02666666666664,United Kingdom,0,0,0,0,0
13654,United Kingdom,43,6,2182,2707.33,2.5266867469879517,157,451.22166666666664,United Kingdom,0,0,0,0,0
13655,United Kingdom,114,2,605,932.97,3.3296428571428573,52,466.485,United Kingdom,1,0,0,1,1
13656,United Kingdom,165,2,490,379.65,1.7189795918367348,49,189.825,United Kingdom,1,0,0,1,1
13657,United Kingdom,11,2,209,382.14,2.993125,16,191.07,United Kingdom,1,0,0,1,0
13658,United Kingdom,10,5,1019,2639.17,4.0226851851851855,91,527.8340000000001,United Kingdom,0,0,0,0,0
13659,United Kingdom,206,2,894,1573.2,3.8291346153846155,92,786.6,United Kingdom,0,0,0,0,1
13662,United Kingdom,86,3,543,897.76,3.2800000000000002,50,299.25333333333333,United Kingdom,0,0,0,0,1
13663,United Kingdom,179,1,91,189.47,4.5,13,189.47,United Kingdom,1,0,0,1,1
13666,United Kingdom,60,3,41,84.65,3.7416666666666667,12,28.21666666666667,United Kingdom,1,0,0,1,1
13667,United Kingdom,149,1,154,305.02,2.4348275862068967,82,305.02,United Kingdom,1,0,0,1,1
13668,United Kingdom,3,21,3742,6363.59,2.976063829787234,284,303.02809523809526,United Kingdom,0,0,0,0,0
13669,United Kingdom,51,2,237,218.55,2.7511111111111113,9,109.275,United Kingdom,1,0,0,1,1
13670,United Kingdom,75,1,282,349.7,1.8768,25,349.7,United Kingdom,1,0,0,1,1
13672,United Kingdom,301,2,57,186.39000000000001,4.463333333333334,4,93.19500000000001,United Kingdom,1,0,0,1,1
13673,United Kingdom,19,2,119,396.92,3.301846153846154,47,198.46,United Kingdom,1,0,0,1,0
13675,United Kingdom,151,2,330,486.82000000000005,1.9028,25,243.41000000000003,United Kingdom,1,0,0,1,1
13678,United Kingdom,152,1,924,232.6,0.39375,16,232.6,United Kingdom,1,0,0,1,1
13680,United Kingdom,1,4,1936,3722.42,2.205230769230769,164,930.605,United Kingdom,0,0,0,0,0
13681,United Kingdom,18,4,360,827.83,2.902456140350877,37,206.9575,United Kingdom,0,0,0,0,0
13682,United Kingdom,187,1,10,59.5,7.083333333333333,3,59.5,United Kingdom,1,0,0,1,1
13684,United Kingdom,286,1,39,67.23,1.7446666666666668,29,67.23,United Kingdom,1,0,0,1,1
13685,United Kingdom,3,7,5056,3119.44,0.7007692307692308,29,445.63428571428574,United Kingdom,0,0,0,0,0
13686,United Kingdom,183,1,70,72.0,1.1625,8,72.0,United Kingdom,1,0,0,1,1
13689,United Kingdom,63,1,512,910.0,1.7,6,910.0,United Kingdom,1,0,0,1,1
13690,United Kingdom,59,1,67,172.25,5.972222222222222,9,172.25,United Kingdom,1,0,0,1,1
13692,United Kingdom,25,3,1226,1488.32,2.5984905660377358,48,496.1066666666666,United Kingdom,0,0,0,0,0
13694,United Kingdom,4,50,63312,65039.62,1.5689964788732396,366,1300.7924,United Kingdom,0,-1,0,0,0
13695,United Kingdom,31,15,1603,2504.13,2.646888888888889,46,166.942,United Kingdom,0,0,0,0,0
13697,United Kingdom,39,1,177,151.29999999999998,1.3933333333333333,12,151.29999999999998,United Kingdom,1,0,0,1,1
13699,United Kingdom,155,1,66,308.58000000000004,6.3064285714285715,14,308.58000000000004,United Kingdom,1,0,0,1,1
13700,United Kingdom,26,10,2304,2265.12,1.585736040609137,139,226.512,United Kingdom,0,0,0,0,0
13703,United Kingdom,318,1,10,99.5,9.95,1,99.5,United Kingdom,1,0,0,1,1
13704,United Kingdom,5,9,1531,2308.06,3.328805970149254,111,256.4511111111111,United Kingdom,0,0,0,0,0
13705,United Kingdom,8,3,363,711.86,7.6085714285714285,25,237.28666666666666,United Kingdom,1,0,0,1,0
13706,United Kingdom,303,1,189,330.79,2.774,20,330.79,United Kingdom,1,0,0,1,1
13707,United Kingdom,267,2,351,806.41,4.463333333333334,48,403.205,United Kingdom,1,0,0,1,1
13708,United Kingdom,271,1,306,296.88,2.057450980392157,49,296.88,United Kingdom,1,0,0,1,1
13709,United Kingdom,4,13,3516,6328.05,3.551071428571429,244,486.7730769230769,United Kingdom,0,0,0,0,0
13710,United Kingdom,32,1,176,180.48,1.16625,8,180.48,United Kingdom,1,0,0,1,1
13711,United Kingdom,219,2,140,252.06,3.7800000000000002,11,126.03,United Kingdom,1,0,0,1,1
13712,United Kingdom,247,1,352,228.84,1.2349999999999999,10,228.84,United Kingdom,1,0,0,1,1
13715,United Kingdom,281,5,563,1079.34,2.284761904761905,89,215.868,United Kingdom,0,0,0,0,1
13716,United Kingdom,269,1,138,138.28,1.4195238095238094,21,138.28,United Kingdom,1,0,0,1,1
13717,United Kingdom,32,6,1959,1445.01,2.0434313725490196,92,240.835,United Kingdom,0,0,0,0,0
13718,United Kingdom,246,2,173,306.55,5.529166666666666,9,153.275,United Kingdom,1,0,0,1,1
13719,United Kingdom,15,5,609,1041.68,3.266,56,208.336,United Kingdom,0,0,0,0,0
13720,United Kingdom,117,4,501,799.9,3.17906976744186,42,199.975,United Kingdom,1,0,0,1,1
13721,United Kingdom,36,1,316,524.14,2.8510714285714287,28,524.14,United Kingdom,1,0,0,1,1
13722,United Kingdom,132,3,1401,2375.41,2.8843529411764703,75,791.8033333333333,United Kingdom,0,0,0,0,1
13723,United Kingdom,217,1,43,199.85000000000002,5.283333333333333,6,199.85000000000002,United Kingdom,1,0,0,1,1
13725,United Kingdom,50,8,806,1980.56,4.336057692307692,95,247.57,United Kingdom,0,0,0,0,0
13726,United Kingdom,39,2,1054,1079.6599999999999,1.0761904761904761,39,539.8299999999999,United Kingdom,0,0,0,0,0
13727,United Kingdom,29,2,162,333.48,2.941,19,166.74,United Kingdom,1,0,0,1,1
13728,United Kingdom,37,6,458,1016.14,5.451746031746032,38,169.35666666666665,United Kingdom,0,0,0,0,0
13730,United Kingdom,136,2,488,752.6,3.238139534883721,38,376.3,United Kingdom,1,0,0,1,1
13731,United Kingdom,219,2,278,610.59,4.2894736842105265,36,305.295,United Kingdom,1,0,0,1,1
13732,United Kingdom,28,1,498,491.86,1.58,33,491.86,United Kingdom,1,0,0,1,1
13735,United Kingdom,25,4,1130,2885.2400000000002,4.036377551020408,158,721.3100000000001,United Kingdom,0,0,0,0,0
13736,United Kingdom,5,2,497,731.9,2.177696335078534,166,365.95,United Kingdom,0,0,0,0,0
13737,United Kingdom,200,1,125,339.59999999999997,3.848666666666667,29,339.59999999999997,United Kingdom,1,0,0,1,1
13739,United Kingdom,18,1,54,216.9,5.483333333333333,3,216.9,United Kingdom,1,0,0,1,1
13740,United Kingdom,241,1,425,350.75,1.5960869565217393,23,350.75,United Kingdom,1,0,0,1,1
13741,United Kingdom,72,3,218,668.4300000000001,5.225588235294118,34,222.81000000000003,United Kingdom,1,0,0,1,1
13742,United Kingdom,17,12,1124,3131.02,4.103551401869159,200,260.91833333333335,United Kingdom,0,0,0,0,0
13743,United Kingdom,3,7,1776,1341.6,1.1202439024390243,8,191.65714285714284,United Kingdom,0,0,0,0,0
13744,United Kingdom,95,2,1249,1156.36,1.7072222222222222,54,578.18,United Kingdom,0,0,0,0,1
13745,United Kingdom,162,1,496,300.04,0.6456000000000001,25,300.04,United Kingdom,1,0,0,1,1
13747,United Kingdom,374,1,8,79.6,9.95,1,79.6,United Kingdom,1,0,0,1,1
13748,United Kingdom,96,5,439,948.25,3.9964285714285714,24,189.65,United Kingdom,1,0,0,1,1
13750,United Kingdom,54,5,516,1647.26,5.020416666666667,20,329.452,United Kingdom,0,0,0,0,1
13751,United Kingdom,288,1,152,296.25,3.5300000000000002,9,296.25,United Kingdom,1,0,0,1,1
13752,United Kingdom,124,6,876,1186.28,3.0701315789473687,64,197.71333333333334,United Kingdom,0,0,0,0,1
13753,United Kingdom,288,1,512,741.26,1.7942857142857143,35,741.26,United Kingdom,1,0,0,1,1
13754,United Kingdom,152,2,214,282.59999999999997,2.3375,11,141.29999999999998,United Kingdom,1,0,0,1,1
13755,United Kingdom,4,9,1264,2161.35,3.0728947368421053,232,240.14999999999998,United Kingdom,0,0,0,0,0
13756,United Kingdom,2,14,3188,5189.52,2.7371126760563382,66,370.68,United Kingdom,0,0,0,0,0
13758,United Kingdom,12,7,1844,3190.55,3.287948717948718,104,455.79285714285714,United Kingdom,0,0,0,0,0
13759,United Kingdom,33,2,287,659.4100000000001,3.3627999999999996,24,329.70500000000004,United Kingdom,1,0,0,1,1
13760,United Kingdom,54,2,197,286.79,1.984561403508772,50,143.395,United Kingdom,1,0,0,1,1
13761,United Kingdom,50,2,642,1070.65,2.9494285714285717,68,535.325,United Kingdom,0,0,0,0,1
13762,United Kingdom,219,1,272,306.72,1.26,7,306.72,United Kingdom,1,0,0,1,1
13763,United Kingdom,63,1,728,1714.96,2.598,15,1714.96,United Kingdom,0,0,0,0,1
13764,United Kingdom,71,3,932,1521.76,2.7239903846153846,183,507.25333333333333,United Kingdom,0,0,0,0,0
13767,United Kingdom,2,37,7322,17220.36,3.713532608695652,55,465.41513513513513,United Kingdom,0,0,0,0,0
13769,United Kingdom,2,10,1163,2796.51,3.727777777777778,73,279.651,United Kingdom,0,0,0,0,0
13771,United Kingdom,64,4,1477,2634.45,2.6267226890756303,114,658.6125,United Kingdom,0,0,0,0,0
13772,United Kingdom,34,3,546,1132.13,2.463898305084746,141,377.3766666666667,United Kingdom,0,0,0,0,0
13774,United Kingdom,82,1,192,345.0,3.290909090909091,22,345.0,United Kingdom,1,0,0,1,1
13777,United Kingdom,1,33,12897,25977.16,2.269137055837563,36,787.1866666666666,United Kingdom,0,0,0,0,0
13778,United Kingdom,103,1,70,178.7,3.3,9,178.7,United Kingdom,1,0,0,1,1
13780,United Kingdom,7,2,318,360.01,2.5831578947368423,56,180.005,United Kingdom,1,0,0,1,0
13781,United Kingdom,251,1,30,127.84,4.557058823529411,17,127.84,United Kingdom,1,0,0,1,1
13782,United Kingdom,13,6,371,912.0,3.508521739130435,96,152.0,United Kingdom,0,0,0,0,0
13784,United Kingdom,10,11,2493,2462.79,2.6380645161290324,9,223.89,United Kingdom,0,0,0,0,0
13786,United Kingdom,367,1,136,230.39999999999998,1.8928571428571428,7,230.39999999999998,United Kingdom,1,0,0,1,1
13787,United Kingdom,76,2,337,309.04,2.4777419354838712,24,154.52,United Kingdom,1,0,0,1,1
13790,United Kingdom,4,1,748,348.8,0.7717777777777777,45,348.8,United Kingdom,0,0,0,0,0
13791,United Kingdom,128,2,1200,1516.0,1.2463636363636363,7,758.0,United Kingdom,1,0,0,1,1
13792,United Kingdom,66,2,92,195.55,3.5461538461538464,13,97.775,United Kingdom,1,0,0,1,1
13798,United Kingdom,1,57,23948,37153.85,2.1165329512893982,113,651.8219298245614,United Kingdom,0,0,0,0,0
13799,United Kingdom,117,2,402,688.86,2.1302564102564103,32,344.43,United Kingdom,1,0,0,1,1
13800,United Kingdom,310,1,331,558.32,2.553939393939394,33,558.32,United Kingdom,1,0,0,1,1
13801,United Kingdom,67,1,168,324.8,3.9543478260869565,23,324.8,United Kingdom,1,0,0,1,1
13802,United Kingdom,139,3,2572,4599.42,2.6631666666666667,55,1533.14,United Kingdom,0,0,0,0,1
13803,United Kingdom,255,1,121,277.07,2.922941176470588,17,277.07,United Kingdom,1,0,0,1,1
13804,United Kingdom,31,7,1498,2635.79,3.0835036496350363,124,376.5414285714286,United Kingdom,0,0,0,0,0
13805,United Kingdom,52,2,1900,924.6,0.5930769230769231,10,462.3,United Kingdom,0,0,0,0,1
13806,United Kingdom,64,1,56,256.38,5.233,10,256.38,United Kingdom,1,0,0,1,1
13807,United Kingdom,367,1,36,112.6,5.1499999999999995,7,112.6,United Kingdom,1,0,0,1,1
13808,United Kingdom,6,5,782,1747.66,3.7531578947368422,70,349.53200000000004,United Kingdom,0,0,0,0,0
13809,Cyprus,305,1,29,155.05,7.108333333333333,11,155.05,Other,1,0,0,1,1
13810,Germany,29,3,312,1499.01,21.278000000000002,32,499.67,Germany,0,-1,0,0,0
13811,Germany,184,3,68,814.5,26.25,7,271.5,Germany,1,-1,0,1,1
13812,Germany,42,3,333,539.0,3.586111111111111,33,179.66666666666666,Germany,1,0,0,1,1
13813,Germany,40,4,552,1366.8600000000001,4.282608695652174,54,341.71500000000003,Germany,0,0,0,0,0
13814,Germany,92,2,864,1579.12,3.020701754385965,37,789.56,Germany,0,0,0,0,1
13815,Germany,22,4,2560,4027.36,2.566875,132,1006.84,Germany,0,0,0,0,0
13816,Germany,24,2,269,571.6700000000001,4.742142857142857,25,285.83500000000004,Germany,1,0,0,1,1
13817,Germany,29,2,211,382.98,3.219583333333333,20,191.49,Germany,1,0,0,1,1
13819,United Kingdom,302,3,1109,1140.35,2.003611111111111,26,380.1166666666666,United Kingdom,1,0,0,1,1
13821,United Kingdom,145,2,153,385.64,3.2916949152542374,51,192.82,United Kingdom,1,0,0,1,1
13822,United Kingdom,6,2,611,632.0,1.7905208333333331,90,316.0,United Kingdom,0,0,0,0,0
13823,United Kingdom,19,2,439,957.66,3.9204999999999997,39,478.83,United Kingdom,0,0,0,0,0
13824,United Kingdom,33,5,768,1698.94,2.7528260869565218,34,339.788,United Kingdom,0,0,0,0,0
13826,United Kingdom,176,1,82,189.5,5.7299999999999995,10,189.5,United Kingdom,1,0,0,1,1
13827,United Kingdom,58,3,141,412.05,3.7441935483870967,83,137.35,United Kingdom,1,0,0,1,1
13828,United Kingdom,22,1,311,209.49,1.9046666666666667,15,209.49,United Kingdom,1,0,0,1,1
13831,United Kingdom,16,6,745,2202.99,3.957432432432433,58,367.16499999999996,United Kingdom,0,0,0,0,0
13832,United Kingdom,19,1,28,52.199999999999996,2.283333333333333,3,52.199999999999996,United Kingdom,1,0,0,1,1
13833,United Kingdom,159,1,118,384.8,4.8999999999999995,28,384.8,United Kingdom,1,0,0,1,1
13835,United Kingdom,25,4,442,834.57,3.2005454545454546,48,208.6425,United Kingdom,0,0,0,0,0
13837,United Kingdom,212,2,183,271.24,2.1978947368421053,17,135.62,United Kingdom,1,0,0,1,1
13838,United Kingdom,6,4,263,691.73,3.102528735632184,144,172.9325,United Kingdom,0,0,0,0,0
13841,United Kingdom,253,1,100,85.0,0.85,1,85.0,United Kingdom,1,0,0,1,1
13842,United Kingdom,59,9,1768,3385.62,4.044271844660194,155,376.18,United Kingdom,0,0,0,0,0
13844,United Kingdom,11,1,196,361.62,2.4605,20,361.62,United Kingdom,1,0,0,1,0
13845,United Kingdom,65,1,182,312.98,1.9544444444444444,9,312.98,United Kingdom,1,0,0,1,1
13846,United Kingdom,25,3,388,865.0600000000001,3.524909090909091,55,288.35333333333335,United Kingdom,0,0,0,0,0
13848,United Kingdom,92,3,3700,1255.0,0.462,3,418.3333333333333,United Kingdom,0,0,0,0,1
13849,United Kingdom,52,2,1016,1537.95,3.023960396039604,97,768.975,United Kingdom,0,0,0,0,0
13850,United Kingdom,129,1,944,1595.48,2.4186021505376343,93,1595.48,United Kingdom,0,0,0,0,1
13851,United Kingdom,96,3,1705,2651.46,2.238888888888889,77,883.82,United Kingdom,0,0,0,0,1
13853,United Kingdom,57,1,312,1090.14,4.546086956521739,23,1090.14,United Kingdom,1,0,0,1,1
13854,United Kingdom,9,25,2296,8109.5199999999995,4.628363636363637,39,324.38079999999997,United Kingdom,0,0,0,0,0
13856,United Kingdom,169,3,494,388.5,1.06,10,129.5,United Kingdom,1,0,0,1,1
13858,United Kingdom,57,1,75,216.17,4.335454545454545,11,216.17,United Kingdom,1,0,0,1,1
13859,United Kingdom,326,1,129,201.16,2.887857142857143,27,201.16,United Kingdom,1,0,0,1,1
13860,United Kingdom,1,5,591,1245.9,3.514605263157895,58,249.18,United Kingdom,0,0,0,0,0
13862,United Kingdom,18,8,1688,2209.36,1.6970503597122304,97,276.17,United Kingdom,0,0,0,0,0
13863,United Kingdom,248,1,224,305.78,2.5965,20,305.78,United Kingdom,1,0,0,1,1
13865,United Kingdom,58,4,204,501.56,3.902333333333333,26,125.39,United Kingdom,1,0,0,1,1
13866,United Kingdom,74,1,57,145.67000000000002,3.375714285714286,7,145.67000000000002,United Kingdom,1,0,0,1,1
13867,United Kingdom,31,3,513,1015.29,3.9440983606557376,51,338.43,United Kingdom,0,0,0,0,0
13868,United Kingdom,7,2,1964,3192.54,1.8542424242424242,32,1596.27,United Kingdom,0,0,0,0,0
13869,United Kingdom,123,4,1721,3104.95,2.9445928338762215,234,776.2375,United Kingdom,0,0,0,0,0
13870,United Kingdom,2,8,1325,2770.94,3.378608695652174,91,346.3675,United Kingdom,0,0,0,0,0
13871,United Kingdom,23,13,2806,6403.25,3.7608928571428573,155,492.5576923076923,United Kingdom,0,0,0,0,0
13873,United Kingdom,120,3,140,389.6,4.609565217391304,21,129.86666666666667,United Kingdom,1,0,0,1,1
13874,United Kingdom,358,1,180,540.45,5.5055555555555555,18,540.45,United Kingdom,1,0,0,1,1
13875,United Kingdom,54,5,1316,1786.79,1.9584615384615385,79,357.358,United Kingdom,0,0,0,0,0
13876,United Kingdom,64,1,36,122.7,5.114285714285714,7,122.7,United Kingdom,1,0,0,1,1
13877,United Kingdom,86,1,108,117.24,1.1766666666666665,3,117.24,United Kingdom,1,0,0,1,1
13878,United Kingdom,55,1,475,1281.53,4.655277777777778,35,1281.53,United Kingdom,0,0,0,0,1
13880,United Kingdom,21,13,1842,3219.77,2.68830303030303,125,247.67461538461538,United Kingdom,0,0,0,0,0
13881,United Kingdom,4,20,10118,17159.52,2.6765168539325845,72,857.976,United Kingdom,0,0,0,0,0
13882,United Kingdom,3,5,953,1191.13,3.381846153846154,54,238.22600000000003,United Kingdom,0,0,0,0,0
13883,United Kingdom,11,5,1436,2674.48,3.3760563380281687,108,534.896,United Kingdom,0,0,0,0,0
13884,United Kingdom,7,5,300,787.6,3.5635593220338984,45,157.52,United Kingdom,0,0,0,0,0
13885,United Kingdom,189,2,182,506.8,3.960714285714286,28,253.4,United Kingdom,1,0,0,1,1
13886,United Kingdom,71,1,126,243.56,3.805,16,243.56,United Kingdom,1,0,0,1,1
13887,United Kingdom,204,1,147,349.55,3.8542105263157898,19,349.55,United Kingdom,1,0,0,1,1
13888,United Kingdom,120,2,258,605.63,4.1217500000000005,38,302.815,United Kingdom,1,0,0,1,1
13889,United Kingdom,93,1,146,416.90000000000003,3.8333333333333335,15,416.90000000000003,United Kingdom,1,0,0,1,1
13890,United Kingdom,1,10,831,1883.8100000000002,3.4015454545454546,74,188.38100000000003,United Kingdom,0,0,0,0,0
13892,United Kingdom,27,4,983,632.97,1.1092592592592592,26,158.2425,United Kingdom,0,0,0,0,0
13893,United Kingdom,298,1,190,821.1,6.199999999999999,21,821.1,United Kingdom,1,0,0,1,1
13894,United Kingdom,24,3,354,564.62,2.6707407407407406,25,188.20666666666668,United Kingdom,1,0,0,1,0
13895,United Kingdom,28,4,1365,2593.07,2.9353389830508476,97,648.2675,United Kingdom,0,0,0,0,0
13897,United Kingdom,50,1,200,311.16,1.9476470588235293,17,311.16,United Kingdom,1,0,0,1,1
13898,United Kingdom,326,1,133,155.93,2.6141666666666667,12,155.93,United Kingdom,1,0,0,1,1
13899,United Kingdom,16,2,156,388.52,3.0310526315789477,19,194.26,United Kingdom,1,0,0,1,0
13900,United Kingdom,183,3,430,740.95,3.113720930232558,42,246.98333333333335,United Kingdom,1,0,0,1,1
13901,United Kingdom,72,5,1739,2867.2,3.7404697986577182,144,573.4399999999999,United Kingdom,0,0,0,0,0
13904,United Kingdom,37,2,332,332.64,1.323846153846154,24,166.32,United Kingdom,1,0,0,1,1
13908,United Kingdom,80,4,1478,2369.55,2.867540983606557,104,592.3875,United Kingdom,0,0,0,0,0
13911,United Kingdom,57,9,2731,2580.91,2.389189189189189,120,286.7677777777778,United Kingdom,0,0,0,0,0
13914,United Kingdom,12,2,380,626.45,2.5521212121212122,28,313.225,United Kingdom,1,0,0,1,0
13917,United Kingdom,50,2,228,272.04,2.022222222222222,16,136.02,United Kingdom,1,0,0,1,1
13918,United Kingdom,50,2,1140,1212.8400000000001,2.1853333333333333,30,606.4200000000001,United Kingdom,0,0,0,0,1
13919,Denmark,59,2,474,384.81,2.8360714285714286,24,192.405,Other,1,0,0,1,1
13922,United Kingdom,352,1,93,172.25,4.988571428571428,7,172.25,United Kingdom,1,0,0,1,1
13923,United Kingdom,54,1,185,351.13,2.9745,20,351.13,United Kingdom,1,0,0,1,1
13924,United Kingdom,2,6,1575,1838.8500000000001,2.6076068376068373,90,306.475,United Kingdom,0,0,0,0,0
13925,United Kingdom,93,4,331,678.25,5.914390243902439,28,169.5625,United Kingdom,1,0,0,1,1
13926,United Kingdom,23,1,104,223.85000000000002,6.533636363636364,11,223.85000000000002,United Kingdom,1,0,0,1,1
13927,United Kingdom,75,1,214,348.99,2.6957142857142857,21,348.99,United Kingdom,1,0,0,1,1
13928,United Kingdom,11,4,129,464.57,5.767407407407408,23,116.1425,United Kingdom,1,0,0,1,0
13929,United Kingdom,169,2,143,842.65,5.294444444444444,8,421.325,United Kingdom,1,0,0,1,1
13930,United Kingdom,58,2,274,337.34,1.6405882352941177,15,168.67,United Kingdom,1,0,0,1,1
13931,United Kingdom,96,2,725,1237.53,2.0460344827586208,56,618.765,United Kingdom,0,0,0,0,1
13932,United Kingdom,295,1,72,307.4,6.103125,16,307.4,United Kingdom,1,0,0,1,1
13933,United Kingdom,109,2,205,608.7900000000001,3.460434782608696,23,304.39500000000004,United Kingdom,1,0,0,1,1
13934,United Kingdom,264,1,390,922.1,3.1870967741935483,31,922.1,United Kingdom,1,0,0,1,1
13936,United Kingdom,180,1,330,376.58,1.5419230769230767,26,376.58,United Kingdom,1,0,0,1,1
13937,United Kingdom,169,1,123,158.85,1.6944444444444444,9,158.85,United Kingdom,1,0,0,1,1
13938,United Kingdom,35,1,70,71.66,1.012857142857143,7,71.66,United Kingdom,1,0,0,1,1
13939,United Kingdom,23,3,847,568.55,1.1835555555555555,43,189.51666666666665,United Kingdom,0,0,0,0,0
13940,United Kingdom,17,4,516,839.14,3.121428571428571,39,209.785,United Kingdom,0,0,0,0,0
13941,United Kingdom,22,5,2364,5112.96,3.8584444444444443,24,1022.592,United Kingdom,0,0,0,0,0
13946,United Kingdom,79,3,443,561.5699999999999,1.679090909090909,11,187.18999999999997,United Kingdom,1,0,0,1,1
13947,United Kingdom,65,1,44,90.6,2.93,5,90.6,United Kingdom,1,0,0,1,1
13948,United Kingdom,361,1,40,102.0,3.9499999999999997,3,102.0,United Kingdom,1,0,0,1,1
13949,United Kingdom,3,6,2474,2427.32,1.456625,124,404.55333333333334,United Kingdom,0,0,0,0,0
13950,United Kingdom,11,4,323,745.06,4.589714285714285,33,186.265,United Kingdom,0,0,0,0,0
13951,United Kingdom,176,3,459,674.45,3.4892307692307694,38,224.8166666666667,United Kingdom,1,0,0,1,1
13952,United Kingdom,218,2,1431,3251.071,3.9832919708029197,120,1625.5355,United Kingdom,0,0,0,0,1
13953,United Kingdom,7,7,2724,3515.68,2.293,8,502.23999999999995,United Kingdom,0,0,0,0,0
13954,United Kingdom,2,2,150,439.92,5.4508,24,219.96,United Kingdom,1,0,0,1,0
13955,United Kingdom,154,2,154,322.96,3.016060606060606,33,161.48,United Kingdom,1,0,0,1,1
13956,United Kingdom,5,5,491,1026.42,3.4226973684210527,123,205.28400000000002,United Kingdom,0,0,0,0,0
13959,United Kingdom,79,3,357,598.2,2.2039130434782606,79,199.4,United Kingdom,1,0,0,1,1
13960,United Kingdom,21,2,142,230.22,2.105,11,115.11,United Kingdom,1,0,0,1,1
13962,United Kingdom,22,2,87,169.55,7.019090909090909,11,84.775,United Kingdom,1,0,0,1,1
13963,United Kingdom,308,4,460,664.54,3.2680000000000002,35,166.135,United Kingdom,1,0,0,1,1
13967,United Kingdom,146,1,42,80.7,3.6,2,80.7,United Kingdom,1,0,0,1,1
13969,United Kingdom,7,18,4542,9053.94,2.954297124600639,334,502.99666666666667,United Kingdom,0,0,0,0,0
13971,United Kingdom,19,8,1844,2758.26,2.225167785234899,118,344.7825,United Kingdom,0,0,0,0,0
13972,United Kingdom,71,2,187,190.25,2.546,15,95.125,United Kingdom,1,0,0,1,1
13973,United Kingdom,287,1,109,264.7,3.7563636363636363,11,264.7,United Kingdom,1,0,0,1,1
13974,United Kingdom,49,1,249,413.59000000000003,2.1967857142857143,28,413.59000000000003,United Kingdom,1,0,0,1,1
13975,United Kingdom,31,6,1732,2526.28,2.1954142011834317,240,421.0466666666667,United Kingdom,0,0,0,0,0
13976,United Kingdom,207,1,154,357.98,3.568,10,357.98,United Kingdom,1,0,0,1,1
13978,United Kingdom,15,2,315,196.79000000000002,1.2106666666666668,14,98.39500000000001,United Kingdom,1,0,0,1,1
13979,United Kingdom,73,1,639,869.87,1.8322222222222222,54,869.87,United Kingdom,0,0,0,0,1
13980,United Kingdom,60,1,172,200.14,3.9145454545454546,11,200.14,United Kingdom,1,0,0,1,1
13982,United Kingdom,39,4,1136,1871.81,2.232072072072072,72,467.9525,United Kingdom,0,0,0,0,0
13983,United Kingdom,30,12,1183,2603.43,6.329999999999999,91,216.9525,United Kingdom,0,0,0,0,0
13984,United Kingdom,27,5,679,920.51,2.10875,14,184.102,United Kingdom,0,0,0,0,0
13985,United Kingdom,4,15,3445,7060.13,2.384498567335244,108,470.67533333333336,United Kingdom,0,0,0,0,0
13986,United Kingdom,17,1,430,320.46,1.8615384615384616,12,320.46,United Kingdom,1,0,0,1,1
13988,United Kingdom,20,6,3044,4147.96,2.99974358974359,188,691.3266666666667,United Kingdom,0,0,0,0,0
13989,United Kingdom,66,2,1313,1266.08,2.6253658536585367,33,633.04,United Kingdom,0,0,0,0,1
13990,United Kingdom,213,1,190,311.3,2.66,16,311.3,United Kingdom,1,0,0,1,1
13991,United Kingdom,12,6,998,855.97,1.4925000000000002,58,142.66166666666666,United Kingdom,0,0,0,0,0
13992,United Kingdom,30,1,64,76.8,1.17,5,76.8,United Kingdom,1,0,0,1,1
13993,United Kingdom,43,9,900,3466.36,5.586942148760331,66,385.1511111111111,United Kingdom,0,0,0,0,0
13994,United Kingdom,4,6,940,2313.14,3.8118064516129033,122,385.5233333333333,United Kingdom,0,0,0,0,0
13995,United Kingdom,15,5,879,1393.69,2.227558139534884,55,278.738,United Kingdom,0,0,0,0,0
13999,United Kingdom,10,12,2243,3901.81,2.274903846153846,102,325.1508333333333,United Kingdom,0,0,0,0,0
14000,United Kingdom,211,1,710,635.66,1.9493333333333334,15,635.66,United Kingdom,1,0,0,1,1
14001,United Kingdom,46,3,962,2043.0800000000002,3.536153846153846,34,681.0266666666668,United Kingdom,0,0,0,0,0
14002,United Kingdom,134,2,877,529.73,2.411489361702128,47,264.865,United Kingdom,1,0,0,1,1
14004,United Kingdom,43,7,2668,4582.64,2.8440350877192984,102,654.6628571428572,United Kingdom,0,0,0,0,0
14005,United Kingdom,10,5,2478,2874.72,2.205238095238095,53,574.944,United Kingdom,0,0,0,0,0
14006,United Kingdom,116,3,641,962.19,2.3706666666666667,22,320.73,United Kingdom,1,0,0,1,1
14009,United Kingdom,198,2,365,695.61,2.822142857142857,42,347.805,United Kingdom,1,0,0,1,1
14012,United Kingdom,278,1,160,328.8,2.8318181818181816,11,328.8,United Kingdom,1,0,0,1,1
14013,United Kingdom,110,3,462,473.02,1.3817647058823528,30,157.67333333333332,United Kingdom,1,0,0,1,1
14014,United Kingdom,77,1,1076,505.18,0.5679487179487179,39,505.18,United Kingdom,1,0,0,1,1
14015,United Kingdom,53,1,378,917.34,3.107,20,917.34,United Kingdom,1,0,0,1,1
14016,EIRE,162,4,2125,4341.21,3.9495652173913043,154,1085.3025,Other,0,0,0,0,1
14019,United Kingdom,47,3,1037,1421.61,2.4148484848484846,37,473.86999999999995,United Kingdom,0,0,0,0,0
14020,United Kingdom,17,2,441,642.8,2.848974358974359,37,321.4,United Kingdom,1,0,0,1,0
14021,United Kingdom,155,3,192,631.9,4.502272727272727,22,210.63333333333333,United Kingdom,1,0,0,1,1
14022,United Kingdom,225,1,487,440.0,1.2953571428571429,28,440.0,United Kingdom,1,0,0,1,1
14023,United Kingdom,7,2,345,584.07,2.870967741935484,30,292.035,United Kingdom,1,0,0,1,0
14024,United Kingdom,122,2,150,327.7,3.70125,16,163.85,United Kingdom,1,0,0,1,1
14027,United Kingdom,61,1,62,104.82,2.143333333333333,6,104.82,United Kingdom,1,0,0,1,1
14029,United Kingdom,63,2,198,467.66,4.366,15,233.83,United Kingdom,1,0,0,1,1
14030,United Kingdom,18,8,1479,2360.09,4.054444444444445,210,295.01125,United Kingdom,0,0,0,0,0
14031,United Kingdom,7,19,5788,17286.86,4.32708,119,909.8347368421053,United Kingdom,0,0,0,0,0
14032,United Kingdom,2,11,2032,2975.59,2.38993006993007,53,270.5081818181818,United Kingdom,0,0,0,0,0
14034,United Kingdom,22,3,423,651.8199999999999,2.354494382022472,82,217.2733333333333,United Kingdom,0,0,0,0,0
14035,United Kingdom,29,5,739,1428.02,2.81030303030303,41,285.604,United Kingdom,0,0,0,0,0
14036,United Kingdom,285,1,268,626.65,4.371842105263158,38,626.65,United Kingdom,1,0,0,1,1
14037,United Kingdom,176,2,46,147.20000000000002,3.460714285714286,27,73.60000000000001,United Kingdom,1,0,0,1,1
14038,United Kingdom,78,3,965,1560.38,1.917717391304348,64,520.1266666666667,United Kingdom,0,0,0,0,1
14039,United Kingdom,33,1,92,152.2,2.033333333333333,6,152.2,United Kingdom,1,0,0,1,1
14040,United Kingdom,41,12,1554,3614.92,3.8171063829787233,146,301.24333333333334,United Kingdom,0,0,0,0,0
14041,United Kingdom,266,1,94,141.41,1.870952380952381,21,141.41,United Kingdom,1,0,0,1,1
14044,United Kingdom,27,4,308,652.82,2.5656937799043065,165,163.205,United Kingdom,0,0,0,0,0
14045,United Kingdom,109,4,535,1659.75,4.233333333333333,4,414.9375,United Kingdom,1,0,0,1,1
14046,United Kingdom,284,1,460,154.99,0.5407142857142857,14,154.99,United Kingdom,1,0,0,1,1
14047,United Kingdom,9,5,381,1308.6100000000001,4.8353125,22,261.72200000000004,United Kingdom,0,0,0,0,0
14048,United Kingdom,305,1,288,409.93,2.1890588235294115,83,409.93,United Kingdom,1,0,0,1,1
14049,United Kingdom,17,4,3870,5681.72,2.570655737704918,348,1420.43,United Kingdom,0,0,0,0,0
14050,United Kingdom,32,2,689,746.36,1.5387037037037037,49,373.18,United Kingdom,0,0,0,0,0
14051,United Kingdom,1,23,3756,15610.390000000001,4.660714285714286,52,678.7126086956522,United Kingdom,0,0,0,0,0
14052,United Kingdom,20,1,89,225.36,2.882142857142857,56,225.36,United Kingdom,1,0,0,1,1
14053,United Kingdom,124,2,215,260.25,1.3775,2,130.125,United Kingdom,1,0,0,1,1
14054,United Kingdom,65,1,62,92.46,1.5133333333333334,6,92.46,United Kingdom,1,0,0,1,1
14055,United Kingdom,106,1,216,725.6400000000001,4.453,10,725.6400000000001,United Kingdom,1,0,0,1,1
14056,United Kingdom,1,23,4273,8214.65,2.8268083182640145,320,357.1586956521739,United Kingdom,0,0,0,0,0
14057,United Kingdom,24,17,4876,6217.96,1.9360211267605636,179,365.76235294117646,United Kingdom,0,0,0,0,0
14059,United Kingdom,267,1,128,183.6,2.3125,8,183.6,United Kingdom,1,0,0,1,1
14060,United Kingdom,5,19,5386,6140.42,1.4406930693069306,86,323.18,United Kingdom,0,0,0,0,0
14062,United Kingdom,10,12,5593,10464.85,2.8256756756756753,60,872.0708333333333,United Kingdom,0,0,0,0,0
14064,United Kingdom,29,5,1788,1353.74,1.58,59,270.748,United Kingdom,0,0,0,0,0
14066,United Kingdom,267,1,45,152.55,4.364285714285715,7,152.55,United Kingdom,1,0,0,1,1
14067,United Kingdom,64,2,361,374.7,2.8625,51,187.35,United Kingdom,1,0,0,1,1
14068,United Kingdom,320,1,73,265.85,4.091666666666667,22,265.85,United Kingdom,1,0,0,1,1
14071,United Kingdom,4,8,995,1438.82,2.4038271604938273,271,179.8525,United Kingdom,0,0,0,0,0
14073,United Kingdom,32,1,130,151.04,2.1415384615384614,13,151.04,United Kingdom,1,0,0,1,1
14075,United Kingdom,5,3,754,942.26,1.8132558139534884,33,314.08666666666664,United Kingdom,0,0,0,0,0
14076,United Kingdom,129,1,81,122.47,2.009130434782609,43,122.47,United Kingdom,1,0,0,1,1
14077,United Kingdom,41,5,268,499.41999999999996,2.665952380952381,33,99.88399999999999,United Kingdom,1,0,0,1,1
14078,United Kingdom,102,6,310,1049.37,2.6804615384615382,46,174.89499999999998,United Kingdom,1,0,0,1,1
14079,United Kingdom,125,1,301,375.1,3.2733333333333334,12,375.1,United Kingdom,1,0,0,1,1
14080,United Kingdom,33,1,48,45.599999999999994,0.95,4,45.599999999999994,United Kingdom,1,0,0,1,1
14081,United Kingdom,302,2,596,934.52,3.0334640522875818,126,467.26,United Kingdom,0,0,0,0,1
14082,United Kingdom,365,1,110,182.25,2.587586206896552,28,182.25,United Kingdom,1,0,0,1,1
14083,United Kingdom,4,9,732,1018.43,2.806243093922652,162,113.15888888888888,United Kingdom,0,0,0,0,0
14085,United Kingdom,2,18,3184,4448.54,2.401177777777778,272,247.14111111111112,United Kingdom,0,0,0,0,0
14087,United Kingdom,3,1,251,194.42,1.4207246376811595,61,194.42,United Kingdom,1,0,0,1,0
14088,United Kingdom,10,13,12665,50491.81,5.730696095076401,379,3883.9853846153846,United Kingdom,0,-1,0,0,0
14089,United Kingdom,57,1,134,161.0,2.207142857142857,13,161.0,United Kingdom,1,0,0,1,1
14090,United Kingdom,325,1,72,76.32000000000001,1.06,1,76.32000000000001,United Kingdom,1,0,0,1,1
14092,United Kingdom,8,14,2066,4076.91,2.7328971962616824,117,291.2078571428571,United Kingdom,0,0,0,0,0
14093,United Kingdom,12,1,406,442.85,1.4897142857142855,95,442.85,United Kingdom,0,0,0,0,0
14096,United Kingdom,4,17,16352,65164.79,6.5217080806104475,1119,3833.2229411764706,United Kingdom,0,-1,0,0,0
14098,United Kingdom,37,1,104,147.35,1.7047619047619047,21,147.35,United Kingdom,1,0,0,1,1
14099,United Kingdom,16,11,2179,3104.17,2.59356,167,282.1972727272727,United Kingdom,0,0,0,0,0
14100,United Kingdom,138,1,64,194.9,3.388461538461539,24,194.9,United Kingdom,1,0,0,1,1
14101,United Kingdom,74,6,6942,5976.79,1.73,15,996.1316666666667,United Kingdom,0,0,0,0,0
14102,United Kingdom,5,5,961,1360.28,2.0744303797468353,35,272.056,United Kingdom,0,0,0,0,0
14104,United Kingdom,155,2,72,216.20999999999998,7.933809523809523,21,108.10499999999999,United Kingdom,1,0,0,1,1
14105,United Kingdom,239,1,800,1266.23,2.9174324324324328,74,1266.23,United Kingdom,0,0,0,0,1
14107,United Kingdom,52,7,1793,2703.23,2.6591056910569106,61,386.17571428571426,United Kingdom,0,0,0,0,0
14108,United Kingdom,31,2,381,597.91,3.093235294117647,33,298.955,United Kingdom,1,0,0,1,1
14109,United Kingdom,73,1,88,144.2,2.466666666666667,9,144.2,United Kingdom,1,0,0,1,1
14110,United Kingdom,4,12,2445,5683.15,2.3614193548387097,94,473.5958333333333,United Kingdom,0,0,0,0,0
14111,United Kingdom,14,4,458,692.85,3.6799999999999997,10,173.2125,United Kingdom,1,0,0,1,0
14112,United Kingdom,23,7,1651,2915.15,2.5103125,117,416.45,United Kingdom,0,0,0,0,0
14113,United Kingdom,4,4,745,1840.42,2.481176470588235,26,460.105,United Kingdom,0,0,0,0,0
14114,United Kingdom,274,2,101,386.53,6.312666666666667,15,193.265,United Kingdom,1,0,0,1,1
14116,United Kingdom,20,5,707,1382.74,3.251666666666667,61,276.548,United Kingdom,0,0,0,0,0
14117,United Kingdom,144,1,72,90.0,1.25,3,90.0,United Kingdom,1,0,0,1,1
14121,United Kingdom,4,4,2082,2780.15,2.2942138364779874,148,695.0375,United Kingdom,0,0,0,0,0
14124,United Kingdom,84,1,1618,419.58000000000004,0.358,4,419.58000000000004,United Kingdom,1,0,0,1,1
14125,United Kingdom,11,3,1640,2740.43,3.1613173652694613,159,913.4766666666666,United Kingdom,0,0,0,0,0
14126,United Kingdom,8,3,508,706.1300000000001,4.040666666666667,14,235.3766666666667,United Kingdom,1,0,0,1,0
14127,United Kingdom,123,3,321,709.71,3.9595454545454545,39,236.57000000000002,United Kingdom,1,0,0,1,1
14128,United Kingdom,61,2,564,637.5,1.895,40,318.75,United Kingdom,1,0,0,1,1
14129,United Kingdom,2,5,592,1123.8600000000001,2.734423076923077,31,224.77200000000002,United Kingdom,0,0,0,0,0
14130,United Kingdom,319,1,258,483.86,2.865373134328358,66,483.86,United Kingdom,1,0,0,1,1
14132,United Kingdom,2,11,3368,3586.0299999999997,1.71775,100,326.00272727272727,United Kingdom,0,0,0,0,0
14133,United Kingdom,130,3,348,605.64,3.7950000000000004,25,201.88,United Kingdom,1,0,0,1,1
14135,United Kingdom,2,15,3850,4690.31,2.472462686567164,95,312.68733333333336,United Kingdom,0,0,0,0,0
14138,United Kingdom,2,2,610,982.3800000000001,2.3117021276595744,40,491.19000000000005,United Kingdom,0,0,0,0,0
14139,United Kingdom,46,1,510,415.82,1.4576923076923076,26,415.82,United Kingdom,1,0,0,1,1
14140,United Kingdom,4,2,811,935.05,1.823939393939394,60,467.525,United Kingdom,0,0,0,0,0
14141,United Kingdom,3,4,355,915.13,3.5195,27,228.7825,United Kingdom,0,0,0,0,0
14142,United Kingdom,373,1,313,311.81,1.7704545454545455,22,311.81,United Kingdom,1,0,0,1,1
14143,United Kingdom,134,1,30,115.8,5.485714285714286,7,115.8,United Kingdom,1,0,0,1,1
14145,United Kingdom,47,4,756,3742.2,4.95,6,935.55,United Kingdom,0,0,0,0,1
14146,United Kingdom,9,5,2437,4191.0,2.6339047619047617,183,838.2,United Kingdom,0,0,0,0,0
14147,United Kingdom,78,2,108,483.4,4.55,4,241.7,United Kingdom,1,0,0,1,1
14148,United Kingdom,234,1,16,157.2,7.55,3,157.2,United Kingdom,1,0,0,1,1
14149,United Kingdom,221,1,218,446.62,2.9699999999999998,28,446.62,United Kingdom,1,0,0,1,1
14150,United Kingdom,36,2,496,658.64,1.6823076923076923,23,329.32,United Kingdom,1,0,0,1,1
14152,United Kingdom,75,2,711,621.29,1.143469387755102,47,310.645,United Kingdom,1,0,0,1,1
14154,United Kingdom,239,2,465,1345.62,7.893076923076923,52,672.81,United Kingdom,1,0,0,1,1
14155,United Kingdom,266,1,25,118.75,5.45,6,118.75,United Kingdom,1,0,0,1,1
14156,EIRE,10,55,57885,117379.63,3.826914285714286,714,2134.175090909091,Other,0,-1,1,0,0
14157,United Kingdom,20,2,284,432.88,2.1975000000000002,45,216.44,United Kingdom,1,0,0,1,0
14158,United Kingdom,40,1,781,507.66,1.5365853658536586,41,507.66,United Kingdom,1,0,0,1,1
14159,United Kingdom,20,11,4408,4693.01,1.4932392026578072,501,426.6372727272728,United Kingdom,0,0,0,0,0
14161,United Kingdom,216,3,455,1110.52,3.1771296296296296,87,370.17333333333335,United Kingdom,0,0,0,0,1
14162,United Kingdom,174,2,142,289.36,3.8892,25,144.68,United Kingdom,1,0,0,1,1
14163,United Kingdom,87,4,893,2445.91,4.738076923076923,36,611.4775,United Kingdom,0,0,0,0,1
14164,United Kingdom,71,2,1033,1631.77,1.5541379310344827,28,815.885,United Kingdom,0,0,0,0,1
14165,United Kingdom,276,1,54,122.53999999999999,3.2376,23,122.53999999999999,United Kingdom,1,0,0,1,1
14167,United Kingdom,39,4,150,574.84,4.298461538461539,27,143.71,United Kingdom,1,0,0,1,1
14171,United Kingdom,98,1,167,363.79,2.8863793103448274,57,363.79,United Kingdom,1,0,0,1,1
14173,United Kingdom,11,4,150,450.84,4.376896551724138,28,112.71,United Kingdom,1,0,0,1,0
14174,United Kingdom,33,1,94,134.46,1.9373076923076922,26,134.46,United Kingdom,1,0,0,1,1
14175,United Kingdom,60,3,1515,3222.3,3.7063758389261743,139,1074.1000000000001,United Kingdom,0,0,0,0,0
14176,United Kingdom,297,4,209,576.9000000000001,3.574193548387097,28,144.22500000000002,United Kingdom,1,0,0,1,1
14177,United Kingdom,86,4,205,559.41,4.346666666666667,37,139.8525,United Kingdom,1,0,0,1,1
14178,United Kingdom,9,7,1505,1620.93,1.7031192660550458,191,231.5614285714286,United Kingdom,0,0,0,0,0
14179,United Kingdom,41,2,330,719.78,2.813575757575758,135,359.89,United Kingdom,0,0,0,0,0
14180,United Kingdom,11,25,719,4748.52,9.311208333333333,112,189.94080000000002,United Kingdom,0,0,0,0,0
14184,United Kingdom,67,1,127,452.89,5.418333333333333,24,452.89,United Kingdom,1,0,0,1,1
14185,United Kingdom,331,1,6,197.65,59.73333333333333,3,197.65,United Kingdom,1,-1,0,1,1
14188,United Kingdom,31,6,1162,2054.36,1.975076923076923,34,342.3933333333334,United Kingdom,0,0,0,0,0
14189,United Kingdom,2,15,3937,4654.08,2.158,176,310.272,United Kingdom,0,0,0,0,0
14191,United Kingdom,2,13,3662,4684.76,1.9932818532818533,145,360.36615384615385,United Kingdom,0,0,0,0,0
14193,United Kingdom,68,2,445,853.39,2.724047619047619,35,426.695,United Kingdom,1,0,0,1,1
14194,United Kingdom,5,21,5840,11349.52,3.387288428324698,269,540.4533333333334,United Kingdom,0,0,0,0,0
14195,United Kingdom,202,2,760,1012.0,5.992857142857143,7,506.0,United Kingdom,1,0,0,1,1
14196,United Kingdom,107,1,142,335.52,3.265,6,335.52,United Kingdom,1,0,0,1,1
14198,United Kingdom,18,4,290,701.4,4.7356410256410255,35,175.35,United Kingdom,1,0,0,1,0
14199,United Kingdom,218,1,28,185.39999999999998,5.8999999999999995,2,185.39999999999998,United Kingdom,1,0,0,1,1
14201,United Kingdom,60,7,590,747.44,2.545945945945946,32,106.77714285714286,United Kingdom,1,0,0,1,1
14204,United Kingdom,2,1,82,161.03,2.4050000000000002,36,161.03,United Kingdom,1,0,0,1,0
14205,United Kingdom,17,2,204,466.7,4.167916666666667,23,233.35,United Kingdom,1,0,0,1,0
14206,United Kingdom,239,1,276,328.15999999999997,1.797,20,328.15999999999997,United Kingdom,1,0,0,1,1
14208,United Kingdom,95,1,114,151.74,3.5269999999999997,10,151.74,United Kingdom,1,0,0,1,1
14209,United Kingdom,11,6,691,2073.43,5.291494252873563,55,345.57166666666666,United Kingdom,0,0,0,0,0
14210,United Kingdom,106,6,760,1905.8400000000001,3.816372549019608,66,317.64000000000004,United Kingdom,0,0,0,0,1
14211,United Kingdom,53,9,1242,2241.1,2.7716964285714285,87,249.0111111111111,United Kingdom,0,0,0,0,0
14212,United Kingdom,90,1,1152,1070.48,1.2522222222222221,9,1070.48,United Kingdom,1,0,0,1,1
14214,United Kingdom,31,5,751,1004.38,2.3407462686567166,64,200.876,United Kingdom,0,0,0,0,0
14215,United Kingdom,12,6,1358,1789.72,2.221111111111111,98,298.2866666666667,United Kingdom,0,0,0,0,0
14216,United Kingdom,3,4,594,1839.3,4.716271186440678,47,459.825,United Kingdom,0,0,0,0,0
14217,United Kingdom,2,17,689,2004.98,5.4955,78,117.94,United Kingdom,0,0,0,0,0
14218,United Kingdom,43,1,160,169.48000000000002,1.4400000000000002,12,169.48000000000002,United Kingdom,1,0,0,1,1
14219,United Kingdom,4,1,78,89.94,2.2885714285714287,7,89.94,United Kingdom,1,0,0,1,0
14220,United Kingdom,247,2,272,632.4,3.3961904761904766,21,316.2,United Kingdom,1,0,0,1,1
14221,United Kingdom,42,9,2191,3432.8,3.2711398963730574,123,381.4222222222222,United Kingdom,0,0,0,0,0
14222,United Kingdom,177,1,607,683.17,1.706829268292683,41,683.17,United Kingdom,1,0,0,1,1
14223,United Kingdom,92,3,585,991.13,3.8998333333333335,50,330.37666666666667,United Kingdom,0,0,0,0,1
14224,United Kingdom,110,4,514,1050.12,3.8577966101694914,105,262.53,United Kingdom,0,0,0,0,1
14226,United Kingdom,29,5,1308,2232.19,2.8997014925373135,64,446.438,United Kingdom,0,0,0,0,0
14227,United Kingdom,26,10,1820,3350.96,2.8489714285714287,117,335.096,United Kingdom,0,0,0,0,0
14229,United Kingdom,52,3,610,1547.2,3.22,29,515.7333333333333,United Kingdom,0,0,0,0,1
14231,United Kingdom,184,3,409,925.71,3.6696000000000004,47,308.57,United Kingdom,1,0,0,1,1
14232,United Kingdom,43,5,1941,2048.07,1.8238260869565217,81,409.61400000000003,United Kingdom,0,0,0,0,0
14233,United Kingdom,49,4,680,1462.72,2.7905714285714285,30,365.68,United Kingdom,0,0,0,0,1
14234,United Kingdom,22,4,963,775.46,1.591069182389937,122,193.865,United Kingdom,0,0,0,0,0
14235,United Kingdom,75,5,1959,3144.86,2.017974683544304,65,628.972,United Kingdom,0,0,0,0,0
14236,United Kingdom,81,2,310,490.86,2.0653333333333332,15,245.43,United Kingdom,1,0,0,1,1
14237,United Kingdom,373,1,38,161.0,7.122222222222222,9,161.0,United Kingdom,1,0,0,1,1
14238,United Kingdom,326,1,111,146.85,2.2874999999999996,8,146.85,United Kingdom,1,0,0,1,1
14239,United Kingdom,43,11,993,2380.85,3.6066964285714285,83,216.4409090909091,United Kingdom,0,0,0,0,0
14240,United Kingdom,30,2,418,890.34,3.439761904761905,37,445.17,United Kingdom,0,0,0,0,0
14241,United Kingdom,184,1,146,213.70000000000002,1.955,10,213.70000000000002,United Kingdom,1,0,0,1,1
14242,United Kingdom,235,2,123,280.55,3.720625,13,140.275,United Kingdom,1,0,0,1,1
14243,United Kingdom,9,10,1221,2588.77,3.9612765957446805,99,258.877,United Kingdom,0,0,0,0,0
14245,United Kingdom,220,2,976,1693.45,3.1289814814814814,107,846.725,United Kingdom,0,0,0,0,1
14246,United Kingdom,111,3,804,1474.06,2.9734666666666665,57,491.3533333333333,United Kingdom,0,0,0,0,1
14247,United Kingdom,278,1,47,136.76999999999998,3.912,19,136.76999999999998,United Kingdom,1,0,0,1,1
14248,United Kingdom,318,1,102,302.58,3.0525,8,302.58,United Kingdom,1,0,0,1,1
14250,United Kingdom,7,3,1200,1904.05,2.487207207207207,94,634.6833333333333,United Kingdom,0,0,0,0,0
14251,United Kingdom,2,5,1674,2879.7000000000003,2.0692307692307694,37,575.94,United Kingdom,0,0,0,0,0
14256,United Kingdom,260,2,414,969.0600000000001,4.05188679245283,51,484.53000000000003,United Kingdom,1,0,0,1,1
14257,United Kingdom,64,5,1682,3099.7200000000003,2.838867924528302,88,619.9440000000001,United Kingdom,0,0,0,0,0
14258,United Kingdom,9,9,7100,12669.98,3.8380180180180177,58,1407.7755555555555,United Kingdom,0,0,0,0,0
14259,United Kingdom,142,1,68,120.0,2.83,5,120.0,United Kingdom,1,0,0,1,1
14261,United Kingdom,51,2,406,1163.45,5.064038461538461,52,581.725,United Kingdom,0,0,0,0,1
14262,United Kingdom,8,8,1645,2618.23,2.090699300699301,87,327.27875,United Kingdom,0,0,0,0,0
14264,United Kingdom,155,2,70,333.97,6.62,15,166.985,United Kingdom,1,0,0,1,1
14265,Unspecified,109,2,330,530.18,5.862903225806452,31,265.09,Other,1,0,0,1,1
14267,United Kingdom,163,3,530,1516.24,4.3910909090909085,25,505.41333333333336,United Kingdom,1,0,0,1,1
14270,United Kingdom,332,1,197,492.65000000000003,4.570689655172414,29,492.65000000000003,United Kingdom,1,0,0,1,1
14271,United Kingdom,226,1,88,112.32,2.491,10,112.32,United Kingdom,1,0,0,1,1
14272,United Kingdom,74,2,599,437.96,2.2675757575757576,33,218.98,United Kingdom,1,0,0,1,1
14273,United Kingdom,51,4,264,559.97,2.4848275862068965,22,139.9925,United Kingdom,1,0,0,1,1
14276,United Kingdom,99,3,744,1119.74,2.2271875,52,373.24666666666667,United Kingdom,0,0,0,0,1
14277,France,15,3,1984,4216.2,3.8665777777777777,195,1405.3999999999999,France,0,0,0,0,0
14280,United Kingdom,197,1,52,134.04,4.73375,8,134.04,United Kingdom,1,0,0,1,1
14282,United Kingdom,3,15,2668,3729.34,1.600320512820513,70,248.62266666666667,United Kingdom,0,0,0,0,0
14284,United Kingdom,31,2,161,595.25,4.821875,24,297.625,United Kingdom,1,0,0,1,1
14285,United Kingdom,21,4,541,1910.01,4.82037037037037,18,477.5025,United Kingdom,0,0,0,0,0
14286,United Kingdom,24,3,4338,4628.75,1.5431785714285713,220,1542.9166666666667,United Kingdom,0,0,0,0,0
14287,United Kingdom,8,3,261,176.63,1.913333333333333,9,58.876666666666665,United Kingdom,1,0,0,1,0
14288,United Kingdom,213,1,188,426.6,3.00625,16,426.6,United Kingdom,1,0,0,1,1
14289,United Kingdom,9,6,292,911.26,5.346382978723404,33,151.87666666666667,United Kingdom,0,0,0,0,0
14290,United Kingdom,11,5,915,2314.65,3.6530693069306936,89,462.93,United Kingdom,0,0,0,0,0
14291,United Kingdom,2,11,2749,3883.25,2.5928691983122363,145,353.02272727272725,United Kingdom,0,0,0,0,0
14292,United Kingdom,8,9,1663,4871.93,3.346,64,541.3255555555556,United Kingdom,0,0,0,0,0
14293,United Kingdom,3,4,709,1046.56,2.206393442622951,51,261.64,United Kingdom,0,0,0,0,0
14295,United Kingdom,40,1,84,166.20000000000002,1.9300000000000002,5,166.20000000000002,United Kingdom,1,0,0,1,1
14297,United Kingdom,18,4,865,1305.33,2.3419354838709676,48,326.3325,United Kingdom,0,0,0,0,0
14298,United Kingdom,8,44,58343,51527.3,1.4979780085522296,884,1171.075,United Kingdom,0,-1,0,0,0
14299,United Kingdom,8,9,2149,3965.62,3.091818181818182,94,440.6244444444444,United Kingdom,0,0,0,0,0
14300,United Kingdom,19,1,32,43.2,1.383333333333333,3,43.2,United Kingdom,1,0,0,1,1
14301,United Kingdom,117,1,606,640.14,1.3523076923076922,13,640.14,United Kingdom,1,0,0,1,1
14304,United Kingdom,223,1,139,383.45,4.885294117647058,17,383.45,United Kingdom,1,0,0,1,1
14305,United Kingdom,71,3,1089,1858.96,2.3532380952380954,96,619.6533333333333,United Kingdom,0,0,0,0,0
14306,United Kingdom,51,2,1075,2093.32,4.135151515151516,33,1046.66,United Kingdom,0,0,0,0,1
14307,United Kingdom,89,6,2058,2995.72,2.4864444444444445,150,499.28666666666663,United Kingdom,0,0,0,0,0
14309,United Kingdom,8,9,1633,2352.53,2.456153846153846,74,261.39222222222224,United Kingdom,0,0,0,0,0
14311,United Kingdom,243,1,146,310.26,5.084,20,310.26,United Kingdom,1,0,0,1,1
14312,United Kingdom,47,6,1012,1611.59,3.5480459770114945,74,268.5983333333333,United Kingdom,0,0,0,0,0
14314,United Kingdom,107,1,296,120.0,0.66625,8,120.0,United Kingdom,1,0,0,1,1
14315,United Kingdom,45,6,1021,2481.13,3.71,64,413.5216666666667,United Kingdom,0,0,0,0,0
14317,United Kingdom,65,1,255,508.58000000000004,3.0975,24,508.58000000000004,United Kingdom,1,0,0,1,1
14320,United Kingdom,207,2,325,477.79,1.957741935483871,29,238.895,United Kingdom,1,0,0,1,1
14321,United Kingdom,11,5,2406,1530.75,1.41869918699187,111,306.15,United Kingdom,0,0,0,0,0
14323,United Kingdom,115,2,350,605.0600000000001,2.996388888888889,32,302.53000000000003,United Kingdom,1,0,0,1,1
14326,United Kingdom,242,1,103,183.85,2.8000000000000003,8,183.85,United Kingdom,1,0,0,1,1
14327,United Kingdom,163,1,139,311.65,2.5875,12,311.65,United Kingdom,1,0,0,1,1
14329,United Kingdom,17,7,3095,5014.84,2.8467181467181466,218,716.4057142857143,United Kingdom,0,0,0,0,0
14331,United Kingdom,124,2,252,462.65999999999997,3.019285714285714,27,231.32999999999998,United Kingdom,1,0,0,1,1
14332,United Kingdom,23,3,481,866.31,2.1165384615384615,22,288.77,United Kingdom,0,0,0,0,0
14333,United Kingdom,68,1,58,415.2,8.063333333333334,15,415.2,United Kingdom,1,0,0,1,1
14334,United Kingdom,17,8,1731,2552.21,3.291543209876543,98,319.02625,United Kingdom,0,0,0,0,0
14335,Germany,16,2,379,468.26,2.2895238095238097,55,234.13,Germany,1,0,0,1,0
14336,United Kingdom,17,4,1759,1614.91,1.6151111111111112,77,403.7275,United Kingdom,0,0,0,0,0
14338,United Kingdom,161,2,335,588.22,3.6470967741935483,30,294.11,United Kingdom,1,0,0,1,1
14339,United Kingdom,243,1,168,309.52,2.032857142857143,14,309.52,United Kingdom,1,0,0,1,1
14340,United Kingdom,219,1,58,134.7,2.9333333333333336,6,134.7,United Kingdom,1,0,0,1,1
14341,United Kingdom,45,8,1403,2182.28,2.553875968992248,109,272.785,United Kingdom,0,0,0,0,0
14342,United Kingdom,21,4,347,668.5600000000001,2.8904761904761904,18,167.14000000000001,United Kingdom,1,0,0,1,0
14344,United Kingdom,127,8,477,889.9300000000001,4.225633802816901,56,111.24125000000001,United Kingdom,0,0,0,0,1
14345,United Kingdom,39,1,50,108.97999999999999,3.49,6,108.97999999999999,United Kingdom,1,0,0,1,1
14346,United Kingdom,121,2,605,1021.58,4.602333333333333,55,510.79,United Kingdom,0,0,0,0,1
14348,United Kingdom,260,1,183,409.57,2.962222222222222,18,409.57,United Kingdom,1,0,0,1,1
14349,United Kingdom,10,1,86,133.5,2.3193548387096774,31,133.5,United Kingdom,1,0,0,1,0
14350,United Kingdom,274,1,183,282.93,2.2866666666666666,18,282.93,United Kingdom,1,0,0,1,1
14351,United Kingdom,165,1,12,51.0,4.25,1,51.0,United Kingdom,1,0,0,1,1
14352,United Kingdom,157,4,538,1078.96,3.8659574468085105,44,269.74,United Kingdom,1,0,0,1,1
14353,United Kingdom,215,1,64,90.6,1.3666666666666665,6,90.6,United Kingdom,1,0,0,1,1
14354,United Kingdom,6,2,210,163.62,1.2377777777777779,9,81.81,United Kingdom,1,0,0,1,0
14355,United Kingdom,366,1,92,174.4,2.85,11,174.4,United Kingdom,1,0,0,1,1
14356,United Kingdom,80,2,277,701.23,3.9027272727272724,33,350.615,United Kingdom,1,0,0,1,1
14357,United Kingdom,43,1,148,225.77,1.9502439024390246,39,225.77,United Kingdom,1,0,0,1,1
14359,United Kingdom,19,3,371,912.18,3.922727272727273,44,304.06,United Kingdom,0,0,0,0,0
14360,United Kingdom,32,4,1151,2128.23,3.1004237288135594,104,532.0575,United Kingdom,0,0,0,0,0
14362,United Kingdom,22,1,100,161.2,2.3285365853658537,37,161.2,United Kingdom,1,0,0,1,1
14364,United Kingdom,109,8,1967,3717.35,3.0260869565217394,61,464.66875,United Kingdom,0,0,0,0,0
14367,United Kingdom,8,16,4438,9261.52,3.1757251908396946,270,578.845,United Kingdom,0,0,0,0,0
14368,United Kingdom,320,1,36,155.0,6.125,8,155.0,United Kingdom,1,0,0,1,1
14371,United Kingdom,295,1,34,100.5,3.775,4,100.5,United Kingdom,1,0,0,1,1
14373,United Kingdom,358,1,17,76.55,11.625,4,76.55,United Kingdom,1,0,0,1,1
14375,United Kingdom,185,1,194,257.68,1.8789333333333331,57,257.68,United Kingdom,1,0,0,1,1
14377,United Kingdom,191,2,219,617.05,9.15,11,308.525,United Kingdom,1,0,0,1,1
14379,United Kingdom,44,2,292,348.1,2.1617391304347824,39,174.05,United Kingdom,1,0,0,1,1
14381,United Kingdom,52,1,146,202.68,1.627857142857143,56,202.68,United Kingdom,1,0,0,1,1
14382,United Kingdom,26,1,1237,626.0699999999999,1.6106870229007633,121,626.0699999999999,United Kingdom,0,0,0,0,0
14383,United Kingdom,38,3,817,1247.69,3.32593220338983,49,415.8966666666667,United Kingdom,0,0,0,0,0
14385,United Kingdom,9,3,159,202.11,1.6164285714285715,13,67.37,United Kingdom,1,0,0,1,0
14386,United Kingdom,297,1,54,142.4,3.885714285714286,7,142.4,United Kingdom,1,0,0,1,1
14387,United Kingdom,33,3,819,1770.56,3.382142857142857,125,590.1866666666666,United Kingdom,0,0,0,0,0
14388,United Kingdom,10,8,1941,3212.84,2.7180645161290324,124,401.605,United Kingdom,0,0,0,0,0
14389,United Kingdom,65,2,729,1043.46,2.1333333333333333,33,521.73,United Kingdom,0,0,0,0,1
14390,United Kingdom,10,9,2136,4652.82,3.07986013986014,135,516.98,United Kingdom,0,0,0,0,0
14393,United Kingdom,218,1,13,67.95,5.390000000000001,5,67.95,United Kingdom,1,0,0,1,1
14395,United Kingdom,2,9,1693,3507.71,2.787057142857143,181,389.74555555555554,United Kingdom,0,0,0,0,0
14396,United Kingdom,65,2,225,487.99,2.626849315068493,71,243.995,United Kingdom,1,0,0,1,1
14397,United Kingdom,3,19,1890,2612.96,2.0789655172413792,18,137.52421052631578,United Kingdom,0,0,0,0,0
14400,United Kingdom,149,1,454,574.7,1.7368000000000001,25,574.7,United Kingdom,1,0,0,1,1
14401,United Kingdom,4,13,4507,4051.48,1.3996153846153845,113,311.6523076923077,United Kingdom,0,0,0,0,0
14403,United Kingdom,130,4,519,1475.81,6.2535,17,368.9525,United Kingdom,1,0,0,1,1
14404,United Kingdom,34,6,839,1474.32,3.066116504854369,70,245.72,United Kingdom,0,0,0,0,0
14406,United Kingdom,119,1,77,156.75,3.795,8,156.75,United Kingdom,1,0,0,1,1
14407,United Kingdom,107,6,1415,2157.73,3.5512328767123287,67,359.62166666666667,United Kingdom,0,0,0,0,1
14408,United Kingdom,11,7,1616,2606.53,1.8925233644859814,60,372.3614285714286,United Kingdom,0,0,0,0,0
14409,United Kingdom,71,6,1230,2059.4500000000003,2.8044444444444445,40,343.24166666666673,United Kingdom,0,0,0,0,0
14410,United Kingdom,92,9,571,1105.07,2.3759067357512955,153,122.78555555555555,United Kingdom,0,0,0,0,0
14411,United Kingdom,311,1,196,1063.0,8.175,14,1063.0,United Kingdom,1,0,0,1,1
14412,United Kingdom,43,2,786,770.03,2.304418604651163,43,385.015,United Kingdom,0,0,0,0,1
14413,United Kingdom,362,1,68,122.7,2.8065217391304347,22,122.7,United Kingdom,1,0,0,1,1
14414,United Kingdom,92,7,2512,1496.98,0.9145360824742267,79,213.8542857142857,United Kingdom,0,0,0,0,0
14415,United Kingdom,1,13,3011,5900.28,2.9509661016949154,283,453.86769230769227,United Kingdom,0,0,0,0,0
14416,United Kingdom,22,2,326,490.22,1.6685714285714286,13,245.11,United Kingdom,1,0,0,1,1
14418,United Kingdom,4,3,1711,1937.25,2.1406451612903226,114,645.75,United Kingdom,0,0,0,0,0
14419,United Kingdom,11,6,487,1058.06,2.5041747572815534,112,176.34333333333333,United Kingdom,0,0,0,0,0
14420,United Kingdom,99,1,334,387.52,1.5313793103448274,29,387.52,United Kingdom,1,0,0,1,1
14421,United Kingdom,57,2,365,813.11,2.6351851851851853,25,406.555,United Kingdom,1,0,0,1,1
14422,United Kingdom,1,6,2906,4263.64,2.810225225225225,189,710.6066666666667,United Kingdom,0,0,0,0,0
14423,United Kingdom,218,1,120,265.2,1.9833333333333332,3,265.2,United Kingdom,1,0,0,1,1
14424,United Kingdom,18,1,48,322.08,6.71,1,322.08,United Kingdom,1,0,0,1,1
14426,United Kingdom,24,10,2699,4481.67,3.2663392857142854,183,448.16700000000003,United Kingdom,0,0,0,0,0
14427,United Kingdom,50,2,228,363.34000000000003,1.9870588235294118,16,181.67000000000002,United Kingdom,1,0,0,1,1
14428,United Kingdom,7,5,436,1244.83,4.181319444444444,108,248.96599999999998,United Kingdom,0,0,0,0,0
14431,United Kingdom,303,1,130,470.36,4.69,17,470.36,United Kingdom,1,0,0,1,1
14432,United Kingdom,10,6,2070,2255.51,1.4508115183246075,256,375.91833333333335,United Kingdom,0,0,0,0,0
14434,United Kingdom,22,6,368,1372.8,4.451666666666667,3,228.79999999999998,United Kingdom,1,0,0,1,1
14436,United Kingdom,99,1,129,89.06,2.1177777777777775,9,89.06,United Kingdom,1,0,0,1,1
14437,United Kingdom,366,1,60,63.0,1.05,5,63.0,United Kingdom,1,0,0,1,1
14438,United Kingdom,306,1,82,131.9,1.5944444444444443,9,131.9,United Kingdom,1,0,0,1,1
14439,Greece,320,1,526,2661.24,6.4809375,32,2661.24,Other,0,0,0,0,1
14440,United Kingdom,8,5,588,2357.6800000000003,4.7023636363636365,33,471.53600000000006,United Kingdom,0,0,0,0,0
14441,United Kingdom,1,4,446,1712.89,5.544117647058823,43,428.2225,United Kingdom,0,0,0,0,0
14442,Channel Islands,205,2,482,1589.82,6.323492063492063,58,794.91,Other,0,0,0,0,1
14443,United Kingdom,54,4,938,1420.2,2.5386021505376344,84,355.05,United Kingdom,0,0,0,0,0
14446,United Kingdom,1,4,933,1039.58,1.8383276450511945,233,259.895,United Kingdom,0,0,0,0,0
14447,United Kingdom,19,5,571,1163.23,2.576571428571429,54,232.64600000000002,United Kingdom,0,0,0,0,0
14448,United Kingdom,9,2,104,375.35,2.7175000000000002,20,187.675,United Kingdom,1,0,0,1,0
14449,United Kingdom,19,4,757,907.1,1.6575968992248062,201,226.775,United Kingdom,0,0,0,0,0
14450,United Kingdom,181,3,241,483.25,2.7905,32,161.08333333333334,United Kingdom,1,0,0,1,1
14451,United Kingdom,60,2,389,662.59,1.9695412844036697,86,331.295,United Kingdom,1,0,0,1,1
14452,United Kingdom,11,2,119,264.44,3.127741935483871,55,132.22,United Kingdom,1,0,0,1,0
14453,United Kingdom,190,1,49,119.93,3.777272727272727,22,119.93,United Kingdom,1,0,0,1,1
14456,United Kingdom,5,9,2908,3062.4,1.7757628865979382,580,340.26666666666665,United Kingdom,0,0,0,0,0
14457,United Kingdom,311,1,88,113.64,1.2550000000000001,4,113.64,United Kingdom,1,0,0,1,1
14459,United Kingdom,155,1,760,1837.92,3.4364864864864866,37,1837.92,United Kingdom,0,0,0,0,1
14460,United Kingdom,110,3,881,434.34,0.6643749999999999,14,144.78,United Kingdom,1,0,0,1,1
14461,United Kingdom,148,3,766,2103.06,3.721833333333333,173,701.02,United Kingdom,0,0,0,0,1
14462,United Kingdom,66,11,964,2004.02,2.8845416666666663,150,182.18363636363637,United Kingdom,0,0,0,0,0
14463,United Kingdom,98,3,179,529.62,5.976666666666667,6,176.54,United Kingdom,1,0,0,1,1
14465,United Kingdom,247,3,405,1058.6200000000001,2.8282307692307693,107,352.8733333333334,United Kingdom,0,0,0,0,1
14466,United Kingdom,29,7,1006,2272.4,3.7937499999999997,35,324.62857142857143,United Kingdom,0,0,0,0,0
14467,United Kingdom,18,4,278,598.76,2.7585555555555556,67,149.69,United Kingdom,0,0,0,0,0
14470,United Kingdom,12,2,193,461.19,4.8388372093023255,43,230.595,United Kingdom,1,0,0,1,0
14472,United Kingdom,104,8,1160,1936.84,2.7660142348754446,153,242.105,United Kingdom,0,0,0,0,0
14473,United Kingdom,74,2,88,234.34000000000003,4.107142857142857,7,117.17000000000002,United Kingdom,1,0,0,1,1
14474,United Kingdom,46,1,140,547.66,6.527931034482759,29,547.66,United Kingdom,1,0,0,1,1
14475,United Kingdom,72,3,447,925.85,3.125238095238095,35,308.6166666666667,United Kingdom,1,0,0,1,1
14476,United Kingdom,257,1,132,215.7,3.2710526315789474,17,215.7,United Kingdom,1,0,0,1,1
14477,United Kingdom,20,4,720,1309.6,1.8920000000000001,7,327.4,United Kingdom,0,0,0,0,0
14479,United Kingdom,254,2,117,316.25,4.016666666666667,18,158.125,United Kingdom,1,0,0,1,1
14480,United Kingdom,11,1,143,279.05,3.0015384615384617,13,279.05,United Kingdom,1,0,0,1,1
14481,United Kingdom,165,2,489,636.51,1.994,25,318.255,United Kingdom,1,0,0,1,1
14482,United Kingdom,18,6,1646,2068.15,2.442361111111111,110,344.69166666666666,United Kingdom,0,0,0,0,0
14483,United Kingdom,282,1,97,137.1,1.8522222222222224,9,137.1,United Kingdom,1,0,0,1,1
14484,United Kingdom,50,1,210,321.92,2.0957142857142856,14,321.92,United Kingdom,1,0,0,1,1
14485,United Kingdom,39,1,71,165.75,2.682978723404255,44,165.75,United Kingdom,1,0,0,1,1
14487,United Kingdom,27,6,735,1196.33,2.496111111111111,112,199.38833333333332,United Kingdom,0,0,0,0,0
14488,United Kingdom,68,1,799,1064.28,2.131304347826087,46,1064.28,United Kingdom,0,0,0,0,1
14489,United Kingdom,207,1,299,463.38,1.7770000000000001,30,463.38,United Kingdom,1,0,0,1,1
14491,United Kingdom,175,2,139,340.93,4.54235294117647,17,170.465,United Kingdom,1,0,0,1,1
14493,United Kingdom,7,5,1285,2383.2400000000002,3.024583333333333,95,476.648,United Kingdom,0,0,0,0,0
14494,United Kingdom,26,1,92,139.56,1.6614285714285713,7,139.56,United Kingdom,1,0,0,1,1
14495,United Kingdom,51,2,62,123.8,2.0083333333333333,6,61.9,United Kingdom,1,0,0,1,1
14496,United Kingdom,312,2,159,538.8100000000001,5.65421052631579,16,269.40500000000003,United Kingdom,1,0,0,1,1
14497,United Kingdom,309,1,235,475.37,4.478620689655172,29,475.37,United Kingdom,1,0,0,1,1
14498,United Kingdom,43,5,1098,1957.32,2.807720207253886,162,391.464,United Kingdom,0,0,0,0,0
14499,United Kingdom,26,3,501,815.32,1.9600515463917525,146,271.77333333333337,United Kingdom,0,0,0,0,0
14500,United Kingdom,88,3,117,356.85,6.214285714285714,6,118.95,United Kingdom,1,0,0,1,1
14501,United Kingdom,184,2,161,251.21,2.175,9,125.605,United Kingdom,1,0,0,1,1
14502,United Kingdom,20,11,1498,2470.67,2.378974358974359,368,224.60636363636365,United Kingdom,0,0,0,0,0
14503,United Kingdom,3,6,2004,3543.26,2.6662195121951218,113,590.5433333333334,United Kingdom,0,0,0,0,0
14504,United Kingdom,47,4,308,673.26,3.4827102803738317,85,168.315,United Kingdom,1,0,0,1,0
14505,United Kingdom,17,8,2759,5905.64,2.888247809762203,540,738.205,United Kingdom,0,0,0,0,0
14506,United Kingdom,17,5,730,2012.17,3.365221518987342,204,402.434,United Kingdom,0,0,0,0,0
14507,United Kingdom,24,6,600,1383.18,3.1722916666666667,79,230.53,United Kingdom,0,0,0,0,0
14508,United Kingdom,22,2,131,276.42,3.432280701754386,52,138.21,United Kingdom,1,0,0,1,0
14511,United Kingdom,11,5,784,1314.81,2.501764705882353,53,262.962,United Kingdom,0,0,0,0,0
14512,United Kingdom,188,2,122,275.28,4.611739130434782,19,137.64,United Kingdom,1,0,0,1,1
14513,United Kingdom,101,3,361,455.59000000000003,2.4391666666666665,11,151.86333333333334,United Kingdom,1,0,0,1,1
14514,United Kingdom,61,3,589,1055.35,3.2264383561643837,65,351.7833333333333,United Kingdom,0,0,0,0,1
14515,United Kingdom,18,6,1134,2102.09,2.7978217821782176,68,350.34833333333336,United Kingdom,0,0,0,0,0
14517,United Kingdom,33,2,91,330.45,5.333333333333333,17,165.225,United Kingdom,1,0,0,1,1
14518,United Kingdom,64,1,278,174.37,2.699375,16,174.37,United Kingdom,1,0,0,1,1
14520,United Kingdom,2,2,146,270.6,3.2075,3,135.3,United Kingdom,1,0,0,1,0
14522,United Kingdom,24,4,525,974.54,2.531764705882353,15,243.635,United Kingdom,0,0,0,0,0
14523,United Kingdom,108,1,251,241.09,2.72,12,241.09,United Kingdom,1,0,0,1,1
14524,United Kingdom,32,9,676,1867.68,4.042660098522167,161,207.52,United Kingdom,0,0,0,0,0
14525,United Kingdom,20,9,2696,4332.2,3.239209621993127,217,481.35555555555555,United Kingdom,0,0,0,0,0
14527,United Kingdom,3,55,2089,8508.82,5.357716049382716,330,154.7058181818182,United Kingdom,0,0,0,0,0
14528,United Kingdom,37,1,278,364.21999999999997,1.973888888888889,18,364.21999999999997,United Kingdom,1,0,0,1,1
14529,United Kingdom,60,3,348,620.04,1.9686026200873363,177,206.67999999999998,United Kingdom,0,0,0,0,0
14530,United Kingdom,26,6,1410,2925.91,4.156435185185185,140,487.65166666666664,United Kingdom,0,0,0,0,0
14532,United Kingdom,236,4,284,932.85,5.6234375000000005,45,233.2125,United Kingdom,1,0,0,1,1
14533,United Kingdom,25,7,4019,1949.72,1.4325806451612904,53,278.5314285714286,United Kingdom,0,0,0,0,0
14534,United Kingdom,3,18,2047,4447.05,3.3136030828516376,331,247.05833333333334,United Kingdom,0,0,0,0,0
14535,United Kingdom,60,3,1831,2864.19,2.5123333333333333,280,954.73,United Kingdom,0,0,0,0,0
14536,United Kingdom,260,1,40,171.8,4.8315789473684205,18,171.8,United Kingdom,1,0,0,1,1
14537,United Kingdom,58,1,120,355.56,2.963,10,355.56,United Kingdom,1,0,0,1,1
14538,United Kingdom,65,2,155,388.25,3.318947368421053,19,194.125,United Kingdom,1,0,0,1,1
14539,United Kingdom,16,2,428,537.48,2.0790625,31,268.74,United Kingdom,1,0,0,1,0
14540,United Kingdom,10,3,421,996.26,3.8622368421052626,64,332.08666666666664,United Kingdom,0,0,0,0,0
14541,United Kingdom,59,8,647,1461.65,2.464054054054054,71,182.70625,United Kingdom,0,0,0,0,0
14542,United Kingdom,186,1,19,103.25,5.41,5,103.25,United Kingdom,1,0,0,1,1
14543,United Kingdom,29,16,679,3630.33,6.137222222222222,43,226.895625,United Kingdom,0,0,0,0,0
14544,United Kingdom,24,2,1543,2024.45,2.4168421052631577,97,1012.225,United Kingdom,0,0,0,0,0
14546,United Kingdom,5,5,1317,2578.09,2.679122807017544,250,515.618,United Kingdom,0,0,0,0,0
14547,United Kingdom,4,8,2668,4007.54,2.8737704918032785,198,500.9425,United Kingdom,0,0,0,0,0
14548,United Kingdom,151,2,256,652.8,2.55,2,326.4,United Kingdom,1,0,0,1,1
14549,United Kingdom,311,1,136,289.24,3.2125,56,289.24,United Kingdom,1,0,0,1,1
14550,United Kingdom,11,2,394,765.62,2.184375,38,382.81,United Kingdom,0,0,0,0,0
14551,United Kingdom,18,2,106,186.23,4.702,9,93.115,United Kingdom,1,0,0,1,1
14552,United Kingdom,152,1,91,165.07,1.8751724137931036,57,165.07,United Kingdom,1,0,0,1,1
14553,United Kingdom,19,5,493,859.27,3.723628318584071,103,171.85399999999998,United Kingdom,0,0,0,0,0
14554,United Kingdom,10,4,1478,2381.04,2.756851851851852,147,595.26,United Kingdom,0,0,0,0,0
14555,United Kingdom,57,2,130,324.14,3.0109523809523813,18,162.07,United Kingdom,1,0,0,1,1
14557,United Kingdom,85,1,510,788.38,1.59,16,788.38,United Kingdom,1,0,0,1,1
14560,United Kingdom,7,22,1260,2237.77,4.907027027027027,39,101.71681818181818,United Kingdom,0,0,0,0,0
14561,United Kingdom,76,3,1014,1080.76,1.9856521739130433,67,360.25333333333333,United Kingdom,0,0,0,0,1
14562,United Kingdom,4,18,1834,5074.77,3.4981560283687942,187,281.9316666666667,United Kingdom,0,0,0,0,0
14565,United Kingdom,96,4,1540,3099.12,3.911732283464567,111,774.78,United Kingdom,0,0,0,0,0
14566,Channel Islands,111,1,800,1432.0,1.79,4,1432.0,Other,1,0,0,1,1
14567,United Kingdom,57,2,412,1530.3600000000001,3.7118181818181815,33,765.1800000000001,United Kingdom,0,0,0,0,1
14569,United Kingdom,1,1,79,227.39,3.92,10,227.39,United Kingdom,1,0,0,1,0
14570,United Kingdom,281,2,95,218.06,3.372068965517242,29,109.03,United Kingdom,1,0,0,1,1
14572,United Kingdom,3,7,1428,2832.84,2.987888888888889,190,404.6914285714286,United Kingdom,0,0,0,0,0
14573,United Kingdom,180,9,544,1653.42,4.4331489361702126,127,183.71333333333334,United Kingdom,0,0,0,0,1
14576,United Kingdom,372,1,12,35.400000000000006,2.95,1,35.400000000000006,United Kingdom,1,0,0,1,1
14577,United Kingdom,13,4,353,859.71,2.643333333333333,86,214.9275,United Kingdom,0,0,0,0,0
14578,United Kingdom,3,1,240,168.63,2.45125,24,168.63,United Kingdom,1,0,0,1,0
14581,United Kingdom,17,1,217,138.6,1.5829411764705883,16,138.6,United Kingdom,1,0,0,1,1
14582,United Kingdom,41,1,73,114.11,3.39,6,114.11,United Kingdom,1,0,0,1,1
14583,United Kingdom,6,5,792,1052.55,1.9964545454545455,243,210.51,United Kingdom,0,0,0,0,0
14584,United Kingdom,169,4,383,1042.26,3.5141000000000004,68,260.565,United Kingdom,1,0,0,1,1
14585,United Kingdom,50,1,91,157.05,1.9896551724137932,29,157.05,United Kingdom,1,0,0,1,1
14586,United Kingdom,277,1,444,237.36,0.6984210526315789,19,237.36,United Kingdom,1,0,0,1,1
14587,United Kingdom,19,9,761,1601.14,2.3890339425587466,170,177.90444444444447,United Kingdom,0,0,0,0,0
14589,United Kingdom,372,1,5,39.75,7.95,3,39.75,United Kingdom,1,0,0,1,1
14591,United Kingdom,15,4,1297,1447.14,2.8107106598984775,138,361.785,United Kingdom,0,0,0,0,0
14592,United Kingdom,35,3,415,570.46,2.0446341463414632,132,190.15333333333334,United Kingdom,0,0,0,0,0
14593,United Kingdom,22,3,332,617.99,2.0631578947368423,127,205.99666666666667,United Kingdom,0,0,0,0,0
14594,United Kingdom,7,2,185,379.83,3.3492452830188677,48,189.915,United Kingdom,1,0,0,1,0
14595,United Kingdom,20,6,978,1740.6,2.9027450980392153,94,290.09999999999997,United Kingdom,0,0,0,0,0
14597,United Kingdom,11,2,577,883.15,1.4760000000000002,45,441.575,United Kingdom,0,0,0,0,0
14598,United Kingdom,44,1,189,221.97,1.5216,49,221.97,United Kingdom,1,0,0,1,1
14600,United Kingdom,306,1,125,393.33000000000004,5.3628,25,393.33000000000004,United Kingdom,1,0,0,1,1
14601,United Kingdom,11,1,168,213.96,1.4342857142857142,7,213.96,United Kingdom,1,0,0,1,1
14603,United Kingdom,275,1,400,660.0,1.65,2,660.0,United Kingdom,1,0,0,1,1
14606,United Kingdom,1,93,6224,12156.65,2.8132407407407407,819,130.71666666666667,United Kingdom,0,-1,0,0,0
14607,United Kingdom,16,14,11766,16569.5,2.1001162790697676,38,1183.5357142857142,United Kingdom,0,0,0,0,0
14608,United Kingdom,4,4,437,1785.15,4.225,8,446.2875,United Kingdom,0,0,0,0,0
14609,United Kingdom,72,4,7026,601.56,0.1225,2,150.39,United Kingdom,1,-1,0,1,1
14616,United Kingdom,243,3,104,406.08000000000004,3.44,2,135.36,United Kingdom,1,0,0,1,1
14618,United Kingdom,9,3,264,553.44,4.274375,10,184.48000000000002,United Kingdom,1,0,0,1,0
14619,United Kingdom,246,1,152,394.44,4.706,20,394.44,United Kingdom,1,0,0,1,1
14620,United Kingdom,206,2,214,412.78000000000003,3.4223076923076925,26,206.39000000000001,United Kingdom,1,0,0,1,1
14621,United Kingdom,1,5,993,1788.3600000000001,3.0166304347826083,80,357.672,United Kingdom,0,0,0,0,0
14622,United Kingdom,185,1,146,320.58000000000004,3.212380952380953,21,320.58000000000004,United Kingdom,1,0,0,1,1
14623,United Kingdom,32,5,419,889.25,3.0276119402985073,108,177.85,United Kingdom,0,0,0,0,0
14624,United Kingdom,57,2,162,225.85,2.0707692307692307,13,112.925,United Kingdom,1,0,0,1,1
14625,United Kingdom,196,2,335,899.63,4.738490566037736,51,449.815,United Kingdom,1,0,0,1,1
14626,United Kingdom,24,4,1403,2791.27,3.4078688524590164,108,697.8175,United Kingdom,0,0,0,0,0
14628,United Kingdom,91,2,272,671.96,4.545416666666667,22,335.98,United Kingdom,1,0,0,1,1
14629,United Kingdom,4,2,380,959.01,3.738815789473684,133,479.505,United Kingdom,0,0,0,0,0
14631,United Kingdom,51,3,622,1006.98,2.38390243902439,38,335.66,United Kingdom,0,0,0,0,1
14632,United Kingdom,263,1,96,114.56,2.54,8,114.56,United Kingdom,1,0,0,1,1
14633,United Kingdom,266,1,96,344.90000000000003,5.4025,20,344.90000000000003,United Kingdom,1,0,0,1,1
14636,United Kingdom,36,2,241,609.85,3.038214285714286,27,304.925,United Kingdom,1,0,0,1,1
14638,United Kingdom,51,1,166,443.6,4.159375,16,443.6,United Kingdom,1,0,0,1,1
14639,United Kingdom,52,6,1431,2984.49,4.691860465116279,138,497.41499999999996,United Kingdom,0,0,0,0,0
14640,United Kingdom,24,6,886,2125.08,3.9412264150943392,87,354.18,United Kingdom,0,0,0,0,0
14641,United Kingdom,22,1,90,110.46,1.2900000000000003,7,110.46,United Kingdom,1,0,0,1,1
14642,United Kingdom,59,1,76,96.12,3.005,2,96.12,United Kingdom,1,0,0,1,1
14643,United Kingdom,170,2,815,693.8100000000001,1.586774193548387,30,346.90500000000003,United Kingdom,1,0,0,1,1
14644,United Kingdom,68,2,258,830.76,4.341538461538462,26,415.38,United Kingdom,1,0,0,1,1
14645,United Kingdom,157,2,381,597.09,3.622,28,298.545,United Kingdom,1,0,0,1,1
14646,Netherlands,2,73,196915,280206.02,2.4932996146435453,700,3838.4386301369864,Other,0,-1,1,0,0
14647,United Kingdom,201,1,95,243.22,2.372,24,243.22,United Kingdom,1,0,0,1,1
14649,United Kingdom,5,4,1018,1417.29,2.547989949748744,148,354.3225,United Kingdom,0,0,0,0,0
14651,United Kingdom,67,2,344,654.6,2.8968627450980393,95,327.3,United Kingdom,1,0,0,1,1
14652,United Kingdom,77,1,53,114.18,2.986206896551724,29,114.18,United Kingdom,1,0,0,1,1
14653,United Kingdom,1,7,950,1947.55,3.3198312236286918,154,278.2214285714286,United Kingdom,0,0,0,0,0
14655,United Kingdom,8,4,1089,1932.23,2.686938775510204,35,483.0575,United Kingdom,0,0,0,0,0
14656,United Kingdom,169,2,120,291.05,2.7685,73,145.525,United Kingdom,1,0,0,1,1
14657,United Kingdom,18,4,466,848.22,2.7334920634920636,103,212.055,United Kingdom,0,0,0,0,0
14658,United Kingdom,5,2,47,247.15,5.588275862068966,27,123.575,United Kingdom,1,0,0,1,0
14659,United Kingdom,9,9,1195,2529.93,2.9375098814229252,147,281.1033333333333,United Kingdom,0,0,0,0,0
14660,United Kingdom,87,2,228,285.74,2.3586666666666667,24,142.87,United Kingdom,1,0,0,1,1
14661,United Kingdom,27,1,35,107.95,3.95,4,107.95,United Kingdom,1,0,0,1,1
14662,United Kingdom,29,4,602,771.17,2.380238095238095,143,192.7925,United Kingdom,0,0,0,0,0
14664,United Kingdom,20,2,466,637.89,1.9827272727272727,78,318.945,United Kingdom,0,0,0,0,0
14665,United Kingdom,61,5,740,1835.7,4.328333333333333,63,367.14,United Kingdom,0,0,0,0,0
14666,United Kingdom,24,1,161,195.25,1.857142857142857,14,195.25,United Kingdom,1,0,0,1,1
14667,United Kingdom,11,25,5385,9241.2,3.113298429319372,354,369.648,United Kingdom,0,0,0,0,0
14669,United Kingdom,242,3,775,1269.99,2.706,158,423.33,United Kingdom,0,0,0,0,1
14670,United Kingdom,280,2,337,411.53,1.6325,107,205.765,United Kingdom,1,0,0,1,1
14672,United Kingdom,235,2,454,765.55,2.921639344262295,58,382.775,United Kingdom,1,0,0,1,1
14673,United Kingdom,3,5,1004,1736.4,2.395,39,347.28000000000003,United Kingdom,0,0,0,0,0
14675,United Kingdom,16,1,341,604.75,2.230098039215686,93,604.75,United Kingdom,0,0,0,0,0
14676,United Kingdom,31,6,2500,2548.2400000000002,1.7133333333333336,29,424.7066666666667,United Kingdom,0,0,0,0,0
14680,United Kingdom,25,16,13476,28754.11,2.4156976744186047,73,1797.131875,United Kingdom,0,0,0,0,0
14681,United Kingdom,71,3,76,498.95,7.207142857142857,6,166.31666666666666,United Kingdom,1,0,0,1,1
14682,United Kingdom,188,2,80,52.0,0.65,1,26.0,United Kingdom,1,0,0,1,1
14684,United Kingdom,26,5,853,1236.28,1.6946555819477436,231,247.256,United Kingdom,0,0,0,0,0
14687,United Kingdom,107,1,470,628.38,2.27,15,628.38,United Kingdom,1,0,0,1,1
14688,United Kingdom,8,21,3621,5630.87,2.131039755351682,148,268.13666666666666,United Kingdom,0,0,0,0,0
14689,United Kingdom,209,1,76,112.8,2.180769230769231,13,112.8,United Kingdom,1,0,0,1,1
14690,United Kingdom,44,2,170,371.7,2.8594,40,185.85,United Kingdom,1,0,0,1,1
14691,United Kingdom,31,5,707,2114.33,3.6664788732394364,50,422.866,United Kingdom,0,0,0,0,0
14692,United Kingdom,137,4,265,591.55,2.932352941176471,53,147.8875,United Kingdom,1,0,0,1,1
14693,United Kingdom,265,1,34,172.9,3.475,8,172.9,United Kingdom,1,0,0,1,1
14696,United Kingdom,4,7,1630,2078.95,2.4591538461538462,117,296.99285714285713,United Kingdom,0,0,0,0,0
14697,United Kingdom,218,2,181,188.60999999999999,3.2372727272727273,22,94.30499999999999,United Kingdom,1,0,0,1,1
14698,United Kingdom,2,5,615,1250.76,2.8727142857142858,148,250.152,United Kingdom,0,0,0,0,0
14699,United Kingdom,214,1,77,109.13000000000001,2.21125,8,109.13000000000001,United Kingdom,1,0,0,1,1
14700,United Kingdom,32,3,1342,2235.3,2.36695652173913,80,745.1,United Kingdom,0,0,0,0,0
14701,United Kingdom,11,9,932,2549.37,3.124985074626866,268,283.2633333333333,United Kingdom,0,0,0,0,0
14702,United Kingdom,1,17,1454,3292.14,3.795850144092219,196,193.65529411764706,United Kingdom,0,0,0,0,0
14703,United Kingdom,15,1,183,318.17,2.0513636363636363,22,318.17,United Kingdom,1,0,0,1,1
14704,United Kingdom,11,9,1082,1546.91,2.2325542168674697,288,171.8788888888889,United Kingdom,0,0,0,0,0
14705,United Kingdom,199,1,100,179.0,1.79,1,179.0,United Kingdom,1,0,0,1,1
14708,United Kingdom,3,3,621,1126.37,3.0003571428571427,25,375.45666666666665,United Kingdom,0,0,0,0,0
14709,United Kingdom,15,13,2484,4921.04,2.75515306122449,71,378.54153846153844,United Kingdom,0,0,0,0,0
14710,United Kingdom,14,4,378,606.13,2.0762589928057555,124,151.5325,United Kingdom,0,0,0,0,0
14711,United Kingdom,10,11,978,2868.8,4.756078431372549,221,260.8,United Kingdom,0,0,0,0,0
14712,United Kingdom,29,3,315,917.07,3.3080000000000003,21,305.69,United Kingdom,1,0,0,1,1
14713,United Kingdom,9,11,1615,2666.36,2.4739823008849555,146,242.39636363636365,United Kingdom,0,0,0,0,0
14714,United Kingdom,24,1,229,160.19,3.287,10,160.19,United Kingdom,1,0,0,1,1
14715,United Kingdom,25,4,521,867.38,3.3422535211267608,60,216.845,United Kingdom,0,0,0,0,0
14716,United Kingdom,43,2,604,329.68,1.3956363636363638,46,164.84,United Kingdom,1,0,0,1,1
14719,United Kingdom,2,5,1032,1602.13,2.360253164556962,177,320.42600000000004,United Kingdom,0,0,0,0,0
14720,United Kingdom,6,3,219,663.81,5.744594594594595,34,221.26999999999998,United Kingdom,1,0,0,1,0
14722,United Kingdom,147,1,120,187.92000000000002,3.029310344827586,28,187.92000000000002,United Kingdom,1,0,0,1,1
14723,United Kingdom,10,6,695,1158.3,2.247482014388489,193,193.04999999999998,United Kingdom,0,0,0,0,0
14725,United Kingdom,25,1,593,718.08,4.396153846153846,45,718.08,United Kingdom,0,0,0,0,0
14727,United Kingdom,274,1,62,268.58,7.0840000000000005,10,268.58,United Kingdom,1,0,0,1,1
14729,United Kingdom,374,1,197,313.49,2.159154929577465,69,313.49,United Kingdom,1,0,0,1,1
14730,United Kingdom,1,8,1132,2005.06,2.525788423153693,317,250.6325,United Kingdom,0,0,0,0,0
14731,United Kingdom,47,3,256,380.02,2.102222222222222,38,126.67333333333333,United Kingdom,1,0,0,1,1
14732,United Kingdom,8,8,1405,2702.4900000000002,3.386326530612245,105,337.81125000000003,United Kingdom,0,0,0,0,0
14733,United Kingdom,16,12,3764,9585.91,3.932920792079208,102,798.8258333333333,United Kingdom,0,0,0,0,0
14735,United Kingdom,4,32,2264,6065.69,3.750824742268041,99,189.5528125,United Kingdom,0,0,0,0,0
14737,United Kingdom,4,3,345,1164.55,3.614117647058823,15,388.18333333333334,United Kingdom,0,0,0,0,0
14738,United Kingdom,43,7,601,1314.45,3.318703703703704,39,187.77857142857144,United Kingdom,0,0,0,0,0
14739,United Kingdom,4,7,3820,3902.28,2.065166666666667,47,557.4685714285714,United Kingdom,0,0,0,0,0
14740,United Kingdom,197,3,735,1448.21,2.8922471910112364,85,482.7366666666667,United Kingdom,0,0,0,0,1
14741,United Kingdom,12,6,841,1400.34,2.6030508474576273,35,233.39,United Kingdom,0,0,0,0,0
14744,United Kingdom,16,7,627,1099.98,3.009230769230769,21,157.14000000000001,United Kingdom,0,0,0,0,0
14745,United Kingdom,113,5,1038,1220.26,1.6594202898550725,46,244.052,United Kingdom,0,0,0,0,1
14747,United Kingdom,249,1,84,328.2,5.800000000000001,18,328.2,United Kingdom,1,0,0,1,1
14748,United Kingdom,29,5,1223,1415.75,1.8602247191011236,87,283.15,United Kingdom,0,0,0,0,0
14752,United Kingdom,44,1,260,389.64,2.504,5,389.64,United Kingdom,1,0,0,1,1
14753,United Kingdom,87,1,211,563.15,3.5983333333333336,30,563.15,United Kingdom,1,0,0,1,1
14754,United Kingdom,45,2,486,638.05,2.238048780487805,38,319.025,United Kingdom,1,0,0,1,1
14755,United Kingdom,10,11,2219,5010.28,3.9911489361702124,128,455.47999999999996,United Kingdom,0,0,0,0,0
14756,United Kingdom,15,1,416,738.96,3.4794736842105265,38,738.96,United Kingdom,0,0,0,0,0
14757,United Kingdom,75,1,160,420.5,3.9242105263157896,19,420.5,United Kingdom,1,0,0,1,1
14758,United Kingdom,145,4,419,1484.06,6.657605633802817,54,371.015,United Kingdom,0,0,0,0,1
14759,United Kingdom,5,3,569,1625.97,5.394117647058824,92,541.99,United Kingdom,0,0,0,0,0
14760,United Kingdom,297,1,40,89.2,2.87,5,89.2,United Kingdom,1,0,0,1,1
14761,United Kingdom,59,2,118,255.9,2.272727272727273,11,127.95,United Kingdom,1,0,0,1,1
14762,United Kingdom,264,1,341,300.52,1.3342857142857143,21,300.52,United Kingdom,1,0,0,1,1
14764,United Kingdom,47,1,190,278.3,1.4916666666666665,6,278.3,United Kingdom,1,0,0,1,1
14765,United Kingdom,29,3,135,254.11,2.9766666666666666,38,84.70333333333333,United Kingdom,1,0,0,1,1
14766,United Kingdom,8,6,1349,2473.37,2.6556296296296296,111,412.2283333333333,United Kingdom,0,0,0,0,0
14768,United Kingdom,17,2,52,192.60000000000002,3.91,4,96.30000000000001,United Kingdom,1,0,0,1,1
14769,United Kingdom,3,8,7436,10674.75,2.711669724770642,718,1334.34375,United Kingdom,0,0,0,0,0
14770,United Kingdom,232,2,490,876.42,3.4444230769230773,49,438.21,United Kingdom,1,0,0,1,1
14772,United Kingdom,112,1,82,139.26,3.508888888888889,9,139.26,United Kingdom,1,0,0,1,1
14775,United Kingdom,58,3,1174,1011.9,1.0518333333333334,57,337.3,United Kingdom,0,0,0,0,1
14776,United Kingdom,51,11,3134,2538.3,0.9858119658119658,44,230.75454545454548,United Kingdom,0,0,0,0,0
14778,United Kingdom,127,2,306,730.86,3.1414285714285715,34,365.43,United Kingdom,1,0,0,1,1
14779,United Kingdom,281,3,84,386.15,6.824390243902439,40,128.71666666666667,United Kingdom,1,0,0,1,1
14780,United Kingdom,55,2,310,447.68,2.7666666666666666,26,223.84,United Kingdom,1,0,0,1,1
14782,United Kingdom,320,1,114,200.10000000000002,2.516666666666667,6,200.10000000000002,United Kingdom,1,0,0,1,1
14784,United Kingdom,26,2,237,289.99,3.860666666666667,15,144.995,United Kingdom,1,0,0,1,1
14785,United Kingdom,10,2,84,77.4,0.9433333333333334,2,38.7,United Kingdom,1,0,0,1,1
14788,United Kingdom,7,2,421,679.4399999999999,2.5886666666666667,26,339.71999999999997,United Kingdom,0,0,0,0,0
14789,United Kingdom,29,1,116,197.64,2.0566666666666666,6,197.64,United Kingdom,1,0,0,1,1
14790,United Kingdom,17,4,699,745.06,1.4782608695652173,30,186.265,United Kingdom,0,0,0,0,0
14792,United Kingdom,64,1,2,6.2,3.1,2,6.2,United Kingdom,1,-1,0,1,1
14793,United Kingdom,21,1,91,228.99,3.257857142857143,14,228.99,United Kingdom,1,0,0,1,1
14794,United Kingdom,3,7,673,1319.91,3.903,68,188.55857142857144,United Kingdom,0,0,0,0,0
14795,United Kingdom,166,1,17,131.45000000000002,7.333333333333333,6,131.45000000000002,United Kingdom,1,0,0,1,1
14796,United Kingdom,1,17,6025,8022.49,1.9610692375109553,403,471.9111764705882,United Kingdom,0,0,0,0,0
14798,United Kingdom,53,3,150,173.74,1.46,11,57.913333333333334,United Kingdom,1,0,0,1,1
14799,United Kingdom,51,1,146,157.7,4.889230769230769,13,157.7,United Kingdom,1,0,0,1,1
14800,United Kingdom,48,12,3655,4339.74,2.1975324675324672,246,361.645,United Kingdom,0,0,0,0,0
14801,United Kingdom,61,1,175,193.14,2.4633898305084747,56,193.14,United Kingdom,1,0,0,1,1
14803,United Kingdom,162,3,370,845.55,2.886590909090909,35,281.84999999999997,United Kingdom,1,0,0,1,1
14804,United Kingdom,9,1,121,353.27,4.240833333333334,12,353.27,United Kingdom,1,0,0,1,0
14805,United Kingdom,15,4,115,554.65,5.808085106382979,30,138.6625,United Kingdom,1,0,0,1,0
14806,United Kingdom,75,1,330,193.39000000000001,1.8445454545454545,11,193.39000000000001,United Kingdom,1,0,0,1,1
14808,United Kingdom,40,8,2147,2741.17,3.486553191489362,176,342.64625,United Kingdom,0,0,0,0,0
14810,United Kingdom,41,11,1016,2087.88,2.328078431372549,106,189.80727272727273,United Kingdom,0,0,0,0,0
14813,United Kingdom,370,2,67,155.43,2.8263333333333334,25,77.715,United Kingdom,1,0,0,1,1
14815,United Kingdom,37,2,744,778.5,1.6549056603773586,53,389.25,United Kingdom,0,0,0,0,0
14816,United Kingdom,197,1,5,271.85,66.475,4,271.85,United Kingdom,1,-1,0,1,1
14817,United Kingdom,200,2,655,1110.34,3.531428571428571,52,555.17,United Kingdom,0,0,0,0,1
14818,United Kingdom,74,3,324,657.8,3.7514583333333333,41,219.26666666666665,United Kingdom,1,0,0,1,1
14819,United Kingdom,64,2,109,272.07,4.13,13,136.035,United Kingdom,1,0,0,1,1
14820,United Kingdom,21,4,253,507.29,3.222758620689655,24,126.8225,United Kingdom,1,0,0,1,0
14821,United Kingdom,367,1,20,48.800000000000004,2.5250000000000004,2,48.800000000000004,United Kingdom,1,0,0,1,1
14823,United Kingdom,180,3,88,321.43,4.234714285714285,56,107.14333333333333,United Kingdom,1,0,0,1,1
14824,United Kingdom,10,4,525,1127.71,2.3944827586206894,19,281.9275,United Kingdom,0,0,0,0,0
14825,United Kingdom,4,12,991,2226.91,2.743884297520661,82,185.57583333333332,United Kingdom,0,0,0,0,0
14828,United Kingdom,197,3,2172,2139.76,2.853529411764706,17,713.2533333333334,United Kingdom,0,0,0,0,1
14829,United Kingdom,29,4,452,697.55,2.1797619047619046,39,174.3875,United Kingdom,0,0,0,0,0
14830,United Kingdom,53,1,169,197.13,1.7247499999999998,39,197.13,United Kingdom,1,0,0,1,1
14834,United Kingdom,18,6,734,1720.3,3.6280597014925373,43,286.71666666666664,United Kingdom,0,0,0,0,0
14836,United Kingdom,10,3,45,102.44999999999999,2.7916666666666665,5,34.15,United Kingdom,1,0,0,1,1
14837,United Kingdom,90,4,1436,1649.5,1.757037037037037,96,412.375,United Kingdom,0,0,0,0,0
14840,United Kingdom,268,1,31,62.85,3.05,4,62.85,United Kingdom,1,0,0,1,1
14841,United Kingdom,53,6,1778,3295.76,3.1945652173913044,103,549.2933333333334,United Kingdom,0,0,0,0,0
14842,United Kingdom,44,4,1166,2824.69,5.326275862068966,128,706.1725,United Kingdom,0,0,0,0,0
14844,United Kingdom,64,4,1833,3189.81,3.123153846153846,87,797.4525,United Kingdom,0,0,0,0,0
14847,United Kingdom,149,1,120,309.4,3.753076923076923,13,309.4,United Kingdom,1,0,0,1,1
14849,United Kingdom,22,25,5694,7930.54,2.4403092783505156,159,317.2216,United Kingdom,0,0,0,0,0
14850,United Kingdom,312,1,293,325.75,1.4904761904761905,21,325.75,United Kingdom,1,0,0,1,1
14851,United Kingdom,23,2,325,511.35,2.317142857142857,28,255.675,United Kingdom,1,0,0,1,0
14852,United Kingdom,58,6,1747,2836.69,3.056643356643357,96,472.7816666666667,United Kingdom,0,0,0,0,0
14853,United Kingdom,24,2,82,475.8,5.677777777777778,8,237.9,United Kingdom,1,0,0,1,1
14854,United Kingdom,78,7,1832,2759.83,2.952204724409449,110,394.26142857142855,United Kingdom,0,0,0,0,0
14855,United Kingdom,119,2,267,645.65,4.67,13,322.825,United Kingdom,1,0,0,1,1
14856,United Kingdom,36,3,714,1311.3799999999999,3.132878787878788,65,437.1266666666666,United Kingdom,0,0,0,0,0
14857,United Kingdom,60,2,464,1173.12,4.384166666666667,58,586.56,United Kingdom,0,0,0,0,1
14859,United Kingdom,13,4,671,1353.74,3.126551724137931,47,338.435,United Kingdom,0,0,0,0,0
14860,United Kingdom,19,1,232,170.32,0.9027272727272727,11,170.32,United Kingdom,1,0,0,1,1
14861,United Kingdom,52,1,117,125.79,2.735,6,125.79,United Kingdom,1,0,0,1,1
14862,United Kingdom,26,2,772,841.1999999999999,2.1545833333333335,47,420.59999999999997,United Kingdom,0,0,0,0,0
14863,United Kingdom,29,1,132,266.76,2.020909090909091,11,266.76,United Kingdom,1,0,0,1,1
14865,United Kingdom,7,2,108,52.2,0.6525,4,26.1,United Kingdom,1,-1,0,1,1
14866,United Kingdom,11,12,6752,14389.9,3.3226262626262626,30,1199.1583333333333,United Kingdom,0,0,0,0,0
14867,United Kingdom,186,3,328,710.28,3.7750000000000004,31,236.76,United Kingdom,1,0,0,1,1
14868,United Kingdom,3,8,1405,2953.59,2.8812499999999996,96,369.19875,United Kingdom,0,0,0,0,0
14869,United Kingdom,9,2,550,725.7,2.998169014084507,66,362.85,United Kingdom,0,0,0,0,0
14870,United Kingdom,262,1,119,327.25,3.0461538461538464,13,327.25,United Kingdom,1,0,0,1,1
14871,United Kingdom,3,4,185,522.38,3.14765306122449,68,130.595,United Kingdom,0,0,0,0,0
14873,United Kingdom,210,1,168,519.68,4.994285714285715,28,519.68,United Kingdom,1,0,0,1,1
14875,United Kingdom,108,2,558,1465.3200000000002,4.418936170212766,46,732.6600000000001,United Kingdom,0,0,0,0,1
14878,United Kingdom,13,9,802,1485.54,2.609596774193548,62,165.06,United Kingdom,0,0,0,0,0
14880,United Kingdom,77,3,373,706.19,3.7380851063829788,45,235.39666666666668,United Kingdom,1,0,0,1,1
14881,United Kingdom,20,1,316,255.4,1.3729411764705883,17,255.4,United Kingdom,1,0,0,1,1
14882,United Kingdom,27,2,158,589.7,3.95,6,294.85,United Kingdom,1,0,0,1,1
14883,United Kingdom,19,6,790,761.59,1.220943396226415,39,126.93166666666667,United Kingdom,0,0,0,0,0
14885,United Kingdom,132,1,724,765.3199999999999,1.2686666666666668,15,765.3199999999999,United Kingdom,1,0,0,1,1
14886,United Kingdom,253,1,160,364.8,3.1277777777777778,18,364.8,United Kingdom,1,0,0,1,1
14887,United Kingdom,79,1,1100,1862.0,1.6116666666666666,6,1862.0,United Kingdom,0,0,0,0,1
14888,United Kingdom,207,1,184,369.2,2.21,20,369.2,United Kingdom,1,0,0,1,1
14889,United Kingdom,336,1,90,135.9,2.2600000000000002,10,135.9,United Kingdom,1,0,0,1,1
14890,United Kingdom,254,1,51,125.65,2.9071428571428575,7,125.65,United Kingdom,1,0,0,1,1
14891,United Kingdom,148,2,505,554.38,1.6524242424242424,30,277.19,United Kingdom,1,0,0,1,1
14893,United Kingdom,10,2,799,1237.8500000000001,3.1345205479452054,72,618.9250000000001,United Kingdom,0,0,0,0,0
14894,United Kingdom,85,1,265,655.75,2.8395652173913044,23,655.75,United Kingdom,1,0,0,1,1
14895,United Kingdom,8,20,4851,11138.710000000001,4.1638755020080325,273,556.9355,United Kingdom,0,0,0,0,0
14896,United Kingdom,205,2,279,468.77000000000004,2.397906976744186,43,234.38500000000002,United Kingdom,1,0,0,1,1
14897,United Kingdom,8,4,468,1366.38,5.067454545454545,43,341.595,United Kingdom,0,0,0,0,0
14898,United Kingdom,23,6,1020,1303.52,2.893362068965517,86,217.25333333333333,United Kingdom,0,0,0,0,0
14901,United Kingdom,11,9,661,1421.29,3.1441666666666666,73,157.92111111111112,United Kingdom,0,0,0,0,0
14902,United Kingdom,26,1,218,332.66,2.773,20,332.66,United Kingdom,1,0,0,1,1
14903,United Kingdom,21,5,1536,2810.63,2.7626478873239435,227,562.126,United Kingdom,0,0,0,0,0
14904,United Kingdom,2,2,1985,1025.44,0.7394202898550725,66,512.72,United Kingdom,0,0,0,0,0
14905,United Kingdom,158,2,287,616.15,2.3841176470588237,14,308.075,United Kingdom,1,0,0,1,1
14907,United Kingdom,3,7,1691,3501.1,3.4733939393939393,125,500.15714285714284,United Kingdom,0,0,0,0,0
14908,United Kingdom,74,1,132,277.8,3.6277777777777778,9,277.8,United Kingdom,1,0,0,1,1
14910,United Kingdom,3,4,238,434.35,2.884333333333333,25,108.5875,United Kingdom,1,0,0,1,0
14911,EIRE,1,201,80265,143825.06,4.614223788546256,1787,715.5475621890547,Other,0,-1,1,0,0
14912,Italy,17,2,971,867.85,2.0225925925925927,21,433.925,Other,0,0,0,0,0
14913,United Kingdom,36,4,1743,1227.43,1.2129885057471264,76,306.8575,United Kingdom,0,0,0,0,0
14915,United Kingdom,91,2,112,307.48,3.5516666666666663,12,153.74,United Kingdom,1,0,0,1,1
14916,United Kingdom,71,4,1136,1268.98,1.8205194805194806,72,317.245,United Kingdom,0,0,0,0,0
14918,United Kingdom,116,2,675,1610.15,3.492666666666667,39,805.075,United Kingdom,0,0,0,0,1
14920,United Kingdom,213,2,509,977.77,3.765438596491228,57,488.885,United Kingdom,1,0,0,1,1
14921,United Kingdom,30,2,953,1316.07,1.975128205128205,78,658.035,United Kingdom,0,0,0,0,0
14923,United Kingdom,51,1,418,749.1,3.445681818181818,44,749.1,United Kingdom,1,0,0,1,1
14924,United Kingdom,246,1,64,310.05,15.665000000000001,10,310.05,United Kingdom,1,0,0,1,1
14929,United Kingdom,32,1,136,223.88,2.2572727272727273,11,223.88,United Kingdom,1,0,0,1,1
14930,Channel Islands,109,3,1166,2372.86,4.16296875,116,790.9533333333334,Other,0,0,0,0,1
14931,Channel Islands,5,5,417,1257.68,12.147804878048781,30,251.536,Other,0,0,0,0,0
14932,Channel Islands,366,1,80,363.53,9.449411764705882,17,363.53,Other,1,0,0,1,1
14934,Channel Islands,82,2,1042,1890.94,3.5809195402298855,68,945.47,Other,0,0,0,0,1
14935,Channel Islands,297,1,935,1784.71,2.622,10,1784.71,Other,1,0,0,1,1
14936,Channel Islands,34,8,4085,8137.02,3.679093406593407,210,1017.1275,Other,0,0,0,0,0
14937,Channel Islands,57,3,484,1621.88,3.4,33,540.6266666666667,Other,0,0,0,0,1
14944,United Kingdom,30,12,2815,5900.25,3.006705882352941,101,491.6875,United Kingdom,0,0,0,0,0
14946,United Kingdom,14,1,22,100.9,4.683333333333334,3,100.9,United Kingdom,1,0,0,1,1
14947,United Kingdom,72,2,179,290.82,3.084285714285714,14,145.41,United Kingdom,1,0,0,1,1
14948,United Kingdom,23,6,673,1101.97,2.8057142857142856,56,183.66166666666666,United Kingdom,0,0,0,0,0
14950,United Kingdom,19,1,136,371.2,5.193157894736842,19,371.2,United Kingdom,1,0,0,1,1
14951,United Kingdom,79,1,311,311.69,1.895,20,311.69,United Kingdom,1,0,0,1,1
14952,United Kingdom,60,11,3355,8099.49,3.3994202898550725,117,736.3172727272727,United Kingdom,0,0,0,0,0
14953,United Kingdom,25,1,225,289.82,2.348181818181818,54,289.82,United Kingdom,1,0,0,1,1
14954,United Kingdom,12,1,127,336.17,3.1749411764705884,75,336.17,United Kingdom,1,0,0,1,0
14957,United Kingdom,253,1,34,58.49,1.7408333333333335,12,58.49,United Kingdom,1,0,0,1,1
14958,United Kingdom,147,3,129,499.68,5.850714285714285,33,166.56,United Kingdom,1,0,0,1,1
14959,United Kingdom,64,4,494,695.42,1.46,37,173.855,United Kingdom,1,0,0,1,1
14960,United Kingdom,8,2,221,221.27,1.8037037037037038,23,110.635,United Kingdom,1,0,0,1,0
14961,United Kingdom,11,9,3708,7044.68,2.8973076923076926,193,782.7422222222223,United Kingdom,0,0,0,0,0
14962,United Kingdom,271,1,44,126.7,6.540000000000001,5,126.7,United Kingdom,1,0,0,1,1
14963,United Kingdom,10,5,1176,1487.8,2.2753030303030304,149,297.56,United Kingdom,0,0,0,0,0
14964,United Kingdom,247,1,143,206.21,3.4046153846153846,13,206.21,United Kingdom,1,0,0,1,1
14965,United Kingdom,96,2,365,599.0,2.3681927710843373,80,299.5,United Kingdom,1,0,0,1,1
14966,United Kingdom,15,1,187,191.32,1.9507894736842104,35,191.32,United Kingdom,1,0,0,1,0
14967,United Kingdom,50,1,140,463.8,2.9250000000000003,6,463.8,United Kingdom,1,0,0,1,1
14968,United Kingdom,30,1,127,147.59,1.9402702702702705,37,147.59,United Kingdom,1,0,0,1,1
14970,United Kingdom,68,4,250,1592.06,6.174411764705883,24,398.015,United Kingdom,1,0,0,1,1
14971,United Kingdom,35,3,644,1116.57,3.1020624999999997,144,372.19,United Kingdom,0,0,0,0,0
14972,United Kingdom,128,1,28,114.77,4.947222222222222,18,114.77,United Kingdom,1,0,0,1,1
14973,United Kingdom,107,3,369,1314.45,21.259687500000002,29,438.15000000000003,United Kingdom,1,-1,0,1,1
14974,United Kingdom,37,1,44,114.39,3.467142857142857,17,114.39,United Kingdom,1,0,0,1,1
14975,United Kingdom,57,1,380,279.94,1.0154545454545454,11,279.94,United Kingdom,1,0,0,1,1
14976,United Kingdom,57,7,234,790.86,3.955416666666667,47,112.98,United Kingdom,1,0,0,1,1
14978,United Kingdom,72,5,525,1931.42,4.517685185185186,136,386.284,United Kingdom,0,0,0,0,0
14981,United Kingdom,246,1,97,102.12,1.46,8,102.12,United Kingdom,1,0,0,1,1
14984,United Kingdom,19,2,60,213.27,4.340731707317073,37,106.635,United Kingdom,1,0,0,1,1
14985,United Kingdom,198,2,260,296.75,1.9082758620689657,78,148.375,United Kingdom,1,0,0,1,1
14987,United Kingdom,16,2,128,326.4,2.55,2,163.2,United Kingdom,1,0,0,1,1
14988,United Kingdom,212,1,141,334.54,2.5467500000000003,40,334.54,United Kingdom,1,0,0,1,1
14995,United Kingdom,39,2,103,233.23000000000002,2.6029508196721314,53,116.61500000000001,United Kingdom,1,0,0,1,1
14997,United Kingdom,46,3,1120,546.1999999999999,0.6265384615384615,25,182.06666666666663,United Kingdom,1,0,0,1,1
14998,United Kingdom,170,2,270,429.87,2.4524,70,214.935,United Kingdom,1,0,0,1,1
15000,United Kingdom,48,1,218,490.52,2.8345454545454545,76,490.52,United Kingdom,1,0,0,1,1
15002,United Kingdom,116,4,862,1641.76,2.5394782608695654,93,410.44,United Kingdom,0,0,0,0,1
15004,United Kingdom,147,1,630,1246.32,3.0956962025316455,154,1246.32,United Kingdom,0,0,0,0,1
15005,United Kingdom,16,28,4247,6316.57,2.3211796246648793,360,225.5917857142857,United Kingdom,0,0,0,0,0
15006,United Kingdom,51,1,302,502.09,1.9180555555555554,121,502.09,United Kingdom,1,0,0,1,1
15007,United Kingdom,159,1,69,156.91,3.160833333333333,12,156.91,United Kingdom,1,0,0,1,1
15009,United Kingdom,12,3,642,1261.78,2.458186813186813,148,420.5933333333333,United Kingdom,0,0,0,0,0
15010,United Kingdom,36,1,184,308.94,3.1685000000000003,20,308.94,United Kingdom,1,0,0,1,1
15012,United Kingdom,54,2,231,423.04,2.613515625,110,211.52,United Kingdom,1,0,0,1,1
15014,United Kingdom,43,2,151,260.17,1.7331428571428573,29,130.085,United Kingdom,1,0,0,1,1
15016,United Kingdom,173,1,76,170.04,4.573,20,170.04,United Kingdom,1,0,0,1,1
15017,United Kingdom,34,1,63,125.58,3.2625,20,125.58,United Kingdom,1,0,0,1,1
15018,United Kingdom,39,3,189,496.21000000000004,6.507419354838709,30,165.40333333333334,United Kingdom,1,0,0,1,1
15019,United Kingdom,267,1,159,266.0,2.228285714285714,64,266.0,United Kingdom,1,0,0,1,1
15021,United Kingdom,9,9,847,1914.82,2.6127330508474578,287,212.75777777777776,United Kingdom,0,0,0,0,0
15022,United Kingdom,12,4,543,905.04,2.961037037037037,96,226.26,United Kingdom,0,0,0,0,0
15023,United Kingdom,3,11,2871,6802.76,3.821138790035587,347,618.4327272727273,United Kingdom,0,0,0,0,0
15024,United Kingdom,10,10,920,1661.33,2.826451612903226,105,166.13299999999998,United Kingdom,0,0,0,0,0
15025,United Kingdom,33,1,189,377.01,2.6869444444444444,66,377.01,United Kingdom,1,0,0,1,1
15026,United Kingdom,80,3,285,469.0,2.1795081967213115,57,156.33333333333334,United Kingdom,1,0,0,1,1
15027,United Kingdom,31,4,565,1066.1499999999999,3.7800000000000002,30,266.53749999999997,United Kingdom,0,0,0,0,0
15028,United Kingdom,8,4,459,627.13,1.9868750000000002,35,156.7825,United Kingdom,0,0,0,0,0
15030,United Kingdom,72,2,372,518.28,2.9728571428571433,7,259.14,United Kingdom,1,0,0,1,1
15031,United Kingdom,4,4,401,668.14,3.165135135135135,74,167.035,United Kingdom,0,0,0,0,0
15032,United Kingdom,256,3,2968,4959.1,1.9057692307692307,29,1653.0333333333335,United Kingdom,0,0,0,0,1
15033,United Kingdom,5,10,1695,2586.67,2.0848039215686276,315,258.66700000000003,United Kingdom,0,0,0,0,0
15034,United Kingdom,16,8,2422,4308.61,2.9319035532994926,299,538.57625,United Kingdom,0,0,0,0,0
15035,United Kingdom,90,1,245,252.73000000000002,2.1285185185185185,26,252.73000000000002,United Kingdom,1,0,0,1,1
15036,United Kingdom,72,3,327,465.55,2.1081102362204724,107,155.18333333333334,United Kingdom,1,0,0,1,1
15038,United Kingdom,59,6,217,705.49,4.182769230769231,105,117.58166666666666,United Kingdom,1,0,0,1,0
15039,United Kingdom,10,47,9209,19914.44,3.1675565912117176,408,423.7114893617021,United Kingdom,0,0,0,0,0
15041,United Kingdom,170,1,104,180.35,2.03,66,180.35,United Kingdom,1,0,0,1,1
15042,United Kingdom,199,1,30,135.93,5.586,5,135.93,United Kingdom,1,0,0,1,1
15043,United Kingdom,31,1,300,537.0,1.79,3,537.0,United Kingdom,1,0,0,1,1
15044,United Kingdom,19,17,2795,7700.2300000000005,4.632869757174393,233,452.954705882353,United Kingdom,0,0,0,0,0
15045,United Kingdom,152,2,114,735.66,6.9191666666666665,11,367.83,United Kingdom,1,0,0,1,1
15046,United Kingdom,9,15,3451,5213.7699999999995,2.780728155339806,147,347.58466666666664,United Kingdom,0,0,0,0,0
15047,United Kingdom,270,1,222,343.62,2.27,22,343.62,United Kingdom,1,0,0,1,1
15048,United Kingdom,65,4,195,384.05,2.533917525773196,86,96.0125,United Kingdom,1,0,0,1,1
15049,United Kingdom,274,1,63,121.17000000000002,1.83,3,121.17000000000002,United Kingdom,1,0,0,1,1
15050,United Kingdom,25,3,1224,1782.09,2.5871794871794873,68,594.03,United Kingdom,0,0,0,0,0
15051,United Kingdom,23,3,1011,1391.61,2.2487412587412585,130,463.86999999999995,United Kingdom,0,0,0,0,0
15052,United Kingdom,319,1,82,215.78,3.5113333333333334,27,215.78,United Kingdom,1,0,0,1,1
15053,United Kingdom,5,3,986,697.79,1.5770422535211268,49,232.59666666666666,United Kingdom,0,0,0,0,0
15054,United Kingdom,12,2,198,302.1,1.7128070175438597,105,151.05,United Kingdom,1,0,0,1,0
15057,United Kingdom,275,2,668,1489.5,3.5916,25,744.75,United Kingdom,1,0,0,1,1
15058,United Kingdom,25,11,1069,2124.9900000000002,2.8641666666666667,199,193.18090909090913,United Kingdom,0,0,0,0,0
15059,United Kingdom,41,9,604,1337.72,3.1344725738396626,161,148.63555555555556,United Kingdom,0,0,0,0,0
15060,United Kingdom,8,4,263,303.09,1.7283471074380166,81,75.7725,United Kingdom,1,0,0,1,0
15061,United Kingdom,4,48,28920,54534.14,2.5737468982630274,70,1136.1279166666666,United Kingdom,0,0,0,0,0
15062,United Kingdom,71,4,763,987.86,2.061754385964912,47,246.965,United Kingdom,0,0,0,0,1
15063,United Kingdom,213,1,56,370.79999999999995,8.57,5,370.79999999999995,United Kingdom,1,0,0,1,1
15065,United Kingdom,38,4,1383,3158.13,5.0849677419354835,148,789.5325,United Kingdom,0,0,0,0,0
15066,United Kingdom,53,1,317,893.59,4.46047619047619,42,893.59,United Kingdom,1,0,0,1,1
15067,United Kingdom,78,3,954,1744.76,3.1621951219512194,82,581.5866666666667,United Kingdom,0,0,0,0,1
15068,United Kingdom,46,2,364,553.36,2.555769230769231,96,276.68,United Kingdom,1,0,0,1,1
15069,United Kingdom,179,1,520,1109.53,4.523428571428571,70,1109.53,United Kingdom,0,0,0,0,1
15070,United Kingdom,373,1,36,106.2,2.95,1,106.2,United Kingdom,1,0,0,1,1
15071,United Kingdom,94,2,269,982.07,4.647692307692308,25,491.035,United Kingdom,1,0,0,1,1
15073,United Kingdom,10,3,491,1043.41,2.6588888888888893,31,347.80333333333334,United Kingdom,0,0,0,0,0
15074,United Kingdom,105,1,455,748.87,2.2104761904761907,41,748.87,United Kingdom,1,0,0,1,1
15075,United Kingdom,78,1,447,773.03,3.312962962962963,27,773.03,United Kingdom,1,0,0,1,1
15076,United Kingdom,173,1,571,880.85,3.0477551020408162,49,880.85,United Kingdom,1,0,0,1,1
15078,United Kingdom,7,32,5105,9743.11,2.369431818181818,97,304.4721875,United Kingdom,0,0,0,0,0
15079,United Kingdom,213,4,389,895.61,4.605957446808511,46,223.9025,United Kingdom,1,0,0,1,1
15081,United Kingdom,22,5,190,504.8,4.805151515151515,26,100.96000000000001,United Kingdom,1,0,0,1,0
15083,United Kingdom,257,1,38,88.2,6.67,5,88.2,United Kingdom,1,0,0,1,1
15087,United Kingdom,282,1,470,306.94,2.036,15,306.94,United Kingdom,1,0,0,1,1
15088,United Kingdom,21,2,460,1160.07,5.27,53,580.035,United Kingdom,0,0,0,0,0
15089,United Kingdom,10,6,1359,2420.84,3.3199310344827584,139,403.47333333333336,United Kingdom,0,0,0,0,0
15090,United Kingdom,308,1,208,381.32,3.5617391304347827,23,381.32,United Kingdom,1,0,0,1,1
15091,United Kingdom,68,1,346,480.71,1.9540000000000002,30,480.71,United Kingdom,1,0,0,1,1
15092,United Kingdom,215,2,135,457.81,5.378076923076923,23,228.905,United Kingdom,1,0,0,1,1
15093,United Kingdom,18,6,3760,4597.02,2.7425,52,766.1700000000001,United Kingdom,0,0,0,0,0
15095,United Kingdom,104,4,1079,1370.6,2.5157446808510637,30,342.65,United Kingdom,0,0,0,0,1
15096,United Kingdom,43,1,120,219.39000000000001,3.1118181818181814,11,219.39000000000001,United Kingdom,1,0,0,1,1
15097,United Kingdom,4,1,170,248.08,2.266,25,248.08,United Kingdom,1,0,0,1,0
15098,United Kingdom,182,3,121,39916.5,434.65000000000003,1,13305.5,United Kingdom,0,-1,0,0,1
15099,United Kingdom,84,1,343,410.48,2.073478260869565,23,410.48,United Kingdom,1,0,0,1,1
15100,United Kingdom,334,3,80,876.0,10.949999999999998,1,292.0,United Kingdom,1,0,0,1,1
15101,United Kingdom,9,2,241,317.53,2.805,8,158.765,United Kingdom,1,0,0,1,0
15103,United Kingdom,31,2,329,703.36,5.646857142857144,35,351.68,United Kingdom,1,0,0,1,1
15104,United Kingdom,197,2,637,1027.44,5.425942028985507,66,513.72,United Kingdom,1,0,0,1,1
15105,United Kingdom,18,7,1211,2298.93,2.410792079207921,90,328.4185714285714,United Kingdom,0,0,0,0,0
15106,United Kingdom,18,5,1181,1422.52,2.4882,90,284.504,United Kingdom,0,0,0,0,0
15107,United Kingdom,311,6,169,319.5,5.584375,12,53.25,United Kingdom,1,0,0,1,1
15108,European Community,142,4,499,1300.25,4.83,50,325.0625,Other,0,0,0,0,1
15109,United Kingdom,246,1,131,484.95,5.880357142857143,28,484.95,United Kingdom,1,0,0,1,1
15110,United Kingdom,24,4,246,996.1,7.377142857142857,17,249.025,United Kingdom,1,0,0,1,0
15111,United Kingdom,29,3,710,1567.48,3.682380952380952,70,522.4933333333333,United Kingdom,0,0,0,0,0
15113,United Kingdom,10,3,2386,3609.33,2.1344,77,1203.11,United Kingdom,0,0,0,0,0
15114,United Kingdom,30,10,3096,2760.56,1.5530964467005075,136,276.056,United Kingdom,0,0,0,0,0
15115,United Kingdom,18,1,157,340.11,3.7304761904761907,21,340.11,United Kingdom,1,0,0,1,1
15116,United Kingdom,18,4,648,1352.75,2.7622222222222224,37,338.1875,United Kingdom,0,0,0,0,0
15117,United Kingdom,15,5,1948,1551.78,2.230632911392405,63,310.356,United Kingdom,0,0,0,0,0
15118,United Kingdom,134,1,1440,244.8,0.17,1,244.8,United Kingdom,1,0,0,1,1
15119,United Kingdom,246,1,88,266.4,7.728571428571429,14,266.4,United Kingdom,1,0,0,1,1
15120,United Kingdom,134,1,296,358.82,4.91952380952381,21,358.82,United Kingdom,1,0,0,1,1
15121,United Kingdom,50,2,199,457.72,4.226785714285714,28,228.86,United Kingdom,1,0,0,1,1
15122,United Kingdom,114,3,800,1633.78,3.2530487804878048,65,544.5933333333334,United Kingdom,0,0,0,0,1
15123,United Kingdom,7,2,1195,2199.31,3.053490566037736,93,1099.655,United Kingdom,0,0,0,0,0
15124,United Kingdom,23,2,233,184.19,2.2046666666666668,14,92.095,United Kingdom,1,0,0,1,1
15125,United Kingdom,25,15,6193,11528.48,3.3869291338582674,102,768.5653333333333,United Kingdom,0,0,0,0,0
15127,United Kingdom,66,1,251,406.53,1.838125,16,406.53,United Kingdom,1,0,0,1,1
15128,United Kingdom,60,4,1343,1471.0,2.071470588235294,74,367.75,United Kingdom,0,0,0,0,0
15129,United Kingdom,50,11,1794,3447.4,2.905238095238095,54,313.40000000000003,United Kingdom,0,0,0,0,0
15130,United Kingdom,170,1,197,330.11,2.42,22,330.11,United Kingdom,1,0,0,1,1
15132,United Kingdom,18,5,679,977.9300000000001,2.062692307692308,49,195.586,United Kingdom,0,0,0,0,0
15133,United Kingdom,128,3,680,982.42,2.2120689655172416,27,327.4733333333333,United Kingdom,1,0,0,1,1
15134,United Kingdom,15,8,887,1387.99,2.300821917808219,44,173.49875,United Kingdom,0,0,0,0,0
15135,United Kingdom,239,1,43,139.05,3.5944444444444446,9,139.05,United Kingdom,1,0,0,1,1
15136,United Kingdom,3,4,776,1286.7,2.0561764705882353,61,321.675,United Kingdom,0,0,0,0,0
15139,United Kingdom,240,2,208,178.96,1.3546153846153846,13,89.48,United Kingdom,1,0,0,1,1
15140,United Kingdom,52,7,1572,2354.25,2.65775,74,336.32142857142856,United Kingdom,0,0,0,0,0
15142,United Kingdom,46,1,365,498.74,2.419230769230769,26,498.74,United Kingdom,1,0,0,1,1
15143,United Kingdom,226,1,150,259.45,2.8335714285714286,14,259.45,United Kingdom,1,0,0,1,1
15144,United Kingdom,8,17,3050,6580.44,2.9005990783410134,132,387.0847058823529,United Kingdom,0,0,0,0,0
15145,United Kingdom,4,4,756,1194.73,3.413731343283582,54,298.6825,United Kingdom,0,0,0,0,0
15146,United Kingdom,165,2,1473,1327.16,1.5287912087912088,90,663.58,United Kingdom,0,0,0,0,1
15147,United Kingdom,240,1,366,623.5,2.9839285714285713,28,623.5,United Kingdom,1,0,0,1,1
15148,United Kingdom,11,1,187,301.29,2.5355,20,301.29,United Kingdom,1,0,0,1,0
15149,United Kingdom,134,1,128,520.8000000000001,5.95,23,520.8000000000001,United Kingdom,1,0,0,1,1
15150,United Kingdom,17,10,3658,5314.47,2.928950437317784,282,531.447,United Kingdom,0,0,0,0,0
15152,United Kingdom,10,13,2704,4745.69,3.474981549815498,196,365.0530769230769,United Kingdom,0,0,0,0,0
15153,United Kingdom,31,1,198,329.25,4.66590909090909,22,329.25,United Kingdom,1,0,0,1,1
15154,United Kingdom,75,1,104,296.42,2.957411764705882,66,296.42,United Kingdom,1,0,0,1,1
15156,United Kingdom,1,3,597,961.49,2.841090909090909,51,320.49666666666667,United Kingdom,0,0,0,0,0
15157,United Kingdom,4,3,2392,1936.07,1.84528,125,645.3566666666667,United Kingdom,0,0,0,0,0
15158,United Kingdom,45,1,198,401.40000000000003,1.85,7,401.40000000000003,United Kingdom,1,0,0,1,1
15159,United Kingdom,2,30,11441,18641.010000000002,2.844718309859155,363,621.3670000000001,United Kingdom,0,0,0,0,0
15160,United Kingdom,357,1,84,158.16,1.7475,4,158.16,United Kingdom,1,0,0,1,1
15163,United Kingdom,18,2,186,304.47,2.437241379310345,29,152.235,United Kingdom,1,0,0,1,0
15164,United Kingdom,69,3,360,843.05,2.9453398058252427,79,281.01666666666665,United Kingdom,0,0,0,0,1
15165,United Kingdom,373,1,160,487.75,4.987037037037037,27,487.75,United Kingdom,1,0,0,1,1
15167,United Kingdom,321,1,67,163.0,2.674390243902439,39,163.0,United Kingdom,1,0,0,1,1
15168,United Kingdom,26,1,52,106.56,3.338,5,106.56,United Kingdom,1,0,0,1,1
15171,United Kingdom,331,1,290,1289.5,3.7700000000000005,5,1289.5,United Kingdom,1,0,0,1,1
15172,United Kingdom,9,5,1611,1624.05,2.087909090909091,106,324.81,United Kingdom,0,0,0,0,0
15174,United Kingdom,323,1,145,135.75,1.549090909090909,11,135.75,United Kingdom,1,0,0,1,1
15175,United Kingdom,72,1,454,224.14,0.7404347826086957,23,224.14,United Kingdom,1,0,0,1,1
15178,United Kingdom,260,1,30,40.5,1.3499999999999999,3,40.5,United Kingdom,1,0,0,1,1
15179,United Kingdom,18,5,1938,2206.95,2.6174193548387095,91,441.39,United Kingdom,0,0,0,0,0
15180,United Kingdom,367,1,36,87.5,3.266666666666667,6,87.5,United Kingdom,1,0,0,1,1
15181,United Kingdom,66,3,544,689.4799999999999,1.475625,11,229.82666666666663,United Kingdom,1,0,0,1,1
15182,United Kingdom,154,2,253,622.85,2.9741379310344827,24,311.425,United Kingdom,1,0,0,1,1
15184,United Kingdom,29,2,223,406.76,3.198888888888889,59,203.38,United Kingdom,1,0,0,1,0
15185,United Kingdom,70,1,666,310.62,2.3276190476190477,21,310.62,United Kingdom,1,0,0,1,1
15186,United Kingdom,14,2,215,411.41,3.38,17,205.705,United Kingdom,1,0,0,1,0
15187,United Kingdom,2,16,1887,4777.18,3.0318681318681318,61,298.57375,United Kingdom,0,0,0,0,0
15189,United Kingdom,1,41,6149,16225.39,4.361933962264151,80,395.74121951219513,United Kingdom,0,0,0,0,0
15192,United Kingdom,120,3,918,1044.32,2.514705882352941,36,348.1066666666666,United Kingdom,0,0,0,0,1
15193,United Kingdom,61,1,144,499.32,6.397368421052631,19,499.32,United Kingdom,1,0,0,1,1
15194,United Kingdom,3,15,5703,7616.53,2.4091290322580647,209,507.76866666666666,United Kingdom,0,0,0,0,0
15195,United Kingdom,3,1,1404,3861.0,2.75,1,3861.0,United Kingdom,0,-1,0,0,0
15197,United Kingdom,11,3,469,1079.6100000000001,3.0321875,30,359.87000000000006,United Kingdom,0,0,0,0,0
15198,United Kingdom,92,2,120,193.64,1.875,10,96.82,United Kingdom,1,0,0,1,1
15199,United Kingdom,59,4,396,1268.7,4.6,5,317.175,United Kingdom,1,0,0,1,1
15201,United Kingdom,87,5,1210,1236.54,1.6153623188405797,35,247.308,United Kingdom,0,0,0,0,1
15203,United Kingdom,26,6,1753,1827.8,1.258169014084507,82,304.6333333333333,United Kingdom,0,0,0,0,0
15204,United Kingdom,357,1,258,316.58,2.4044444444444446,9,316.58,United Kingdom,1,0,0,1,1
15205,United Kingdom,85,2,378,653.24,3.684594594594594,37,326.62,United Kingdom,1,0,0,1,1
15206,United Kingdom,10,4,162,420.29999999999995,2.683333333333333,3,105.07499999999999,United Kingdom,1,0,0,1,0
15208,United Kingdom,1,5,316,870.12,4.873333333333333,25,174.024,United Kingdom,0,0,0,0,0
15210,United Kingdom,225,1,228,331.18,6.341,20,331.18,United Kingdom,1,0,0,1,1
15211,United Kingdom,60,2,240,894.4100000000001,5.4957692307692305,52,447.20500000000004,United Kingdom,1,0,0,1,1
15212,United Kingdom,241,1,36,101.8,3.63,5,101.8,United Kingdom,1,0,0,1,1
15213,United Kingdom,319,2,272,328.35,1.55375,22,164.175,United Kingdom,1,0,0,1,1
15214,United Kingdom,2,8,1254,1661.44,2.4215454545454547,109,207.68,United Kingdom,0,0,0,0,0
15215,United Kingdom,47,3,225,734.94,5.166857142857143,33,244.98000000000002,United Kingdom,1,0,0,1,1
15216,United Kingdom,88,1,28,96.6,4.8,2,96.6,United Kingdom,1,0,0,1,1
15218,United Kingdom,11,11,3329,5756.89,3.0930120481927714,77,523.3536363636364,United Kingdom,0,0,0,0,0
15219,United Kingdom,176,1,45,305.75,9.883333333333333,9,305.75,United Kingdom,1,0,0,1,1
15220,United Kingdom,52,6,1393,1778.96,2.559059829059829,110,296.49333333333334,United Kingdom,0,0,0,0,0
15221,United Kingdom,366,1,43,403.25,12.709999999999999,5,403.25,United Kingdom,1,0,0,1,1
15222,United Kingdom,319,1,440,585.0,1.3439999999999999,5,585.0,United Kingdom,1,0,0,1,1
15223,United Kingdom,226,2,213,755.75,4.0865,14,377.875,United Kingdom,1,0,0,1,1
15224,United Kingdom,358,2,152,322.08,3.2135714285714285,13,161.04,United Kingdom,1,0,0,1,1
15225,United Kingdom,234,1,226,409.40000000000003,3.45,23,409.40000000000003,United Kingdom,1,0,0,1,1
15226,United Kingdom,311,1,71,154.41,3.8425,8,154.41,United Kingdom,1,0,0,1,1
15227,United Kingdom,37,5,750,1219.4,4.578448275862069,43,243.88000000000002,United Kingdom,0,0,0,0,0
15228,United Kingdom,66,4,2255,3386.71,3.18552,110,846.6775,United Kingdom,0,0,0,0,0
15230,United Kingdom,239,2,351,429.6,1.7817391304347827,23,214.8,United Kingdom,1,0,0,1,1
15232,United Kingdom,113,2,686,612.06,1.0306451612903225,26,306.03,United Kingdom,1,0,0,1,1
15234,United Kingdom,277,1,196,197.0,1.682857142857143,14,197.0,United Kingdom,1,0,0,1,1
15235,United Kingdom,218,12,1324,2247.51,2.9905594405594402,132,187.29250000000002,United Kingdom,0,0,0,0,1
15236,United Kingdom,299,1,269,321.05,1.6386666666666665,15,321.05,United Kingdom,1,0,0,1,1
15237,United Kingdom,2,4,1071,1412.32,2.5204040404040406,94,353.08,United Kingdom,0,0,0,0,0
15238,United Kingdom,29,3,692,1071.99,4.8076,49,357.33,United Kingdom,0,0,0,0,0
15239,United Kingdom,10,2,594,780.59,1.9677551020408164,48,390.295,United Kingdom,0,0,0,0,0
15240,United Kingdom,45,5,1369,1706.57,2.5883333333333334,58,341.31399999999996,United Kingdom,0,0,0,0,0
15241,United Kingdom,67,8,1818,1756.44,1.8820000000000001,82,219.555,United Kingdom,0,0,0,0,0
15243,United Kingdom,74,1,185,316.68,2.4499999999999997,22,316.68,United Kingdom,1,0,0,1,1
15244,United Kingdom,65,2,405,631.57,2.3405882352941174,31,315.785,United Kingdom,1,0,0,1,1
15245,United Kingdom,134,3,1784,2515.84,1.8764044943820224,55,838.6133333333333,United Kingdom,0,0,0,0,1
15246,United Kingdom,238,2,247,514.15,2.9833333333333334,32,257.075,United Kingdom,1,0,0,1,1
15247,United Kingdom,122,1,160,356.0,2.0833333333333335,6,356.0,United Kingdom,1,0,0,1,1
15249,United Kingdom,32,13,3577,6688.46,2.8037142857142854,211,514.496923076923,United Kingdom,0,0,0,0,0
15251,United Kingdom,9,11,6171,10484.99,3.865765765765766,97,953.180909090909,United Kingdom,0,0,0,0,0
15252,United Kingdom,36,2,522,740.78,2.062727272727273,44,370.39,United Kingdom,0,0,0,0,1
15253,United Kingdom,16,5,866,918.1999999999999,1.6766037735849058,52,183.64,United Kingdom,0,0,0,0,0
15254,United Kingdom,127,1,275,300.36,2.03,18,300.36,United Kingdom,1,0,0,1,1
15255,United Kingdom,67,1,489,890.85,2.7510638297872343,47,890.85,United Kingdom,1,0,0,1,1
15256,United Kingdom,149,1,55,98.45,1.8166666666666667,6,98.45,United Kingdom,1,0,0,1,1
15257,United Kingdom,283,1,46,317.15,30.957142857142856,7,317.15,United Kingdom,1,0,0,1,1
15258,United Kingdom,169,2,142,623.16,5.6376470588235295,32,311.58,United Kingdom,1,0,0,1,1
15260,United Kingdom,100,7,885,1810.77,3.4683116883116885,62,258.68142857142857,United Kingdom,0,0,0,0,1
15261,United Kingdom,135,1,270,254.82,1.1994736842105262,19,254.82,United Kingdom,1,0,0,1,1
15262,United Kingdom,324,1,73,178.95000000000002,3.2950000000000004,10,178.95000000000002,United Kingdom,1,0,0,1,1
15263,United Kingdom,107,1,89,156.51,2.9575,12,156.51,United Kingdom,1,0,0,1,1
15264,United Kingdom,64,1,265,393.74,2.31,23,393.74,United Kingdom,1,0,0,1,1
15265,United Kingdom,151,2,612,1506.1200000000001,4.574390243902439,76,753.0600000000001,United Kingdom,0,0,0,0,1
15266,United Kingdom,338,1,18,119.3,6.75,6,119.3,United Kingdom,1,0,0,1,1
15267,United Kingdom,22,5,944,1717.36,1.8354545454545452,8,343.472,United Kingdom,0,0,0,0,0
15269,United Kingdom,24,1,26,408.8,74.975,2,408.8,United Kingdom,1,-1,0,1,1
15270,United Kingdom,16,7,1521,2379.49,6.593658536585365,22,339.9271428571428,United Kingdom,0,0,0,0,0
15271,United Kingdom,7,15,1262,2507.07,2.7365328467153285,184,167.138,United Kingdom,0,0,0,0,0
15272,United Kingdom,57,2,310,721.94,4.119047619047619,63,360.97,United Kingdom,1,0,0,1,1
15274,United Kingdom,4,2,619,716.57,2.0589361702127658,44,358.285,United Kingdom,0,0,0,0,0
15275,United Kingdom,38,1,498,615.14,3.257073170731707,41,615.14,United Kingdom,1,0,0,1,1
15276,United Kingdom,66,1,64,135.31,2.4048076923076924,49,135.31,United Kingdom,1,0,0,1,1
15277,United Kingdom,47,1,205,255.89999999999998,1.7708333333333333,12,255.89999999999998,United Kingdom,1,0,0,1,1
15279,United Kingdom,355,1,189,290.51,3.8610526315789473,19,290.51,United Kingdom,1,0,0,1,1
15280,United Kingdom,172,1,154,113.12,0.804375,16,113.12,United Kingdom,1,0,0,1,1
15281,United Kingdom,59,9,1211,2332.15,3.9148201438848917,121,259.1277777777778,United Kingdom,0,0,0,0,0
15286,United Kingdom,50,1,55,240.55,4.45,3,240.55,United Kingdom,1,0,0,1,1
15287,United Kingdom,22,2,433,486.69,2.559,17,243.345,United Kingdom,1,0,0,1,1
15288,United Kingdom,43,5,775,2306.52,3.3252272727272727,80,461.304,United Kingdom,0,0,0,0,0
15289,United Kingdom,29,3,1008,939.78,1.2341379310344827,43,313.26,United Kingdom,0,0,0,0,0
15290,United Kingdom,5,18,4501,7943.22,3.2506862745098037,93,441.29,United Kingdom,0,0,0,0,0
15291,United Kingdom,26,15,2103,4668.3,5.093495145631068,62,311.22,United Kingdom,0,0,0,0,0
15292,United Kingdom,201,1,56,180.94,4.6328,24,180.94,United Kingdom,1,0,0,1,1
15296,United Kingdom,51,6,1766,3672.86,3.4776288659793813,137,612.1433333333333,United Kingdom,0,0,0,0,0
15297,United Kingdom,10,3,292,641.94,2.7343589743589742,30,213.98000000000002,United Kingdom,1,0,0,1,0
15298,United Kingdom,2,12,3116,4799.9,2.3919270833333335,115,399.9916666666666,United Kingdom,0,0,0,0,0
15299,United Kingdom,67,7,2948,4507.01,88.51571428571428,7,643.8585714285715,United Kingdom,0,-1,0,0,1
15300,United Kingdom,64,1,292,496.44,2.862142857142857,28,496.44,United Kingdom,1,0,0,1,1
15301,United Kingdom,51,12,2775,5070.35,3.0046090534979424,167,422.5291666666667,United Kingdom,0,0,0,0,0
15303,United Kingdom,290,1,248,574.02,3.8406451612903227,31,574.02,United Kingdom,1,0,0,1,1
15304,United Kingdom,61,8,104,694.4000000000001,7.467391304347826,8,86.80000000000001,United Kingdom,1,0,0,1,1
15306,United Kingdom,64,3,810,1174.35,2.6510344827586207,57,391.45,United Kingdom,0,0,0,0,1
15307,United Kingdom,96,1,37,205.3,6.745833333333334,12,205.3,United Kingdom,1,0,0,1,1
15308,United Kingdom,274,1,175,310.47,4.0336842105263155,19,310.47,United Kingdom,1,0,0,1,1
15311,United Kingdom,1,91,38194,60767.9,2.506036149642707,567,667.7791208791209,United Kingdom,0,-1,0,0,0
15312,United Kingdom,75,4,516,924.85,2.3721276595744683,42,231.2125,United Kingdom,0,0,0,0,1
15313,United Kingdom,110,1,25,52.0,2.08,1,52.0,United Kingdom,1,0,0,1,1
15314,United Kingdom,199,1,313,327.97,1.71375,24,327.97,United Kingdom,1,0,0,1,1
15315,United Kingdom,64,2,862,570.5,0.8824324324324324,35,285.25,United Kingdom,1,0,0,1,1
15316,United Kingdom,327,1,100,165.0,1.65,1,165.0,United Kingdom,1,0,0,1,1
15318,United Kingdom,4,1,642,312.62,0.5857575757575758,33,312.62,United Kingdom,1,0,0,1,0
15319,United Kingdom,284,1,175,204.5,3.24125,16,204.5,United Kingdom,1,0,0,1,1
15320,United Kingdom,44,1,326,267.13,3.0636111111111113,36,267.13,United Kingdom,1,0,0,1,1
15321,United Kingdom,71,3,1181,2748.31,3.425684210526316,83,916.1033333333334,United Kingdom,0,0,0,0,0
15322,United Kingdom,86,1,416,679.68,3.1121428571428575,42,679.68,United Kingdom,1,0,0,1,1
15325,United Kingdom,104,1,232,162.29,1.089591836734694,47,162.29,United Kingdom,1,0,0,1,1
15326,United Kingdom,334,1,386,311.71,1.4520689655172414,29,311.71,United Kingdom,1,0,0,1,1
15327,United Kingdom,53,1,116,208.75,4.397,10,208.75,United Kingdom,1,0,0,1,1
15329,United Kingdom,39,3,486,1049.7,3.6938596491228073,51,349.90000000000003,United Kingdom,0,0,0,0,0
15330,United Kingdom,32,2,1312,714.96,0.5607692307692308,10,357.48,United Kingdom,1,0,0,1,1
15332,Lithuania,366,4,652,1661.06,2.841142857142857,29,415.265,Other,0,0,0,0,1
15333,United Kingdom,208,1,344,1028.56,2.96375,16,1028.56,United Kingdom,1,0,0,1,1
15334,United Kingdom,157,3,274,351.67,1.4963636363636361,67,117.22333333333334,United Kingdom,1,0,0,1,1
15335,United Kingdom,54,1,80,173.97,2.816388888888889,34,173.97,United Kingdom,1,0,0,1,1
15339,United Kingdom,66,2,416,574.07,2.373953488372093,77,287.035,United Kingdom,1,0,0,1,1
15341,United Kingdom,81,1,812,2020.52,2.9717647058823533,17,2020.52,United Kingdom,0,0,0,0,1
15342,United Kingdom,130,1,283,406.09,2.368333333333333,24,406.09,United Kingdom,1,0,0,1,1
15343,United Kingdom,87,1,84,364.5,6.39047619047619,21,364.5,United Kingdom,1,0,0,1,1
15344,United Kingdom,1,3,116,563.94,7.559230769230769,21,187.98000000000002,United Kingdom,1,0,0,1,0
15345,United Kingdom,46,1,81,393.54,7.730499999999999,20,393.54,United Kingdom,1,0,0,1,1
15346,United Kingdom,333,1,144,252.42000000000002,2.5700000000000003,17,252.42000000000002,United Kingdom,1,0,0,1,1
15347,United Kingdom,366,1,130,201.60000000000002,2.2700000000000005,5,201.60000000000002,United Kingdom,1,0,0,1,1
15348,United Kingdom,72,1,84,158.04,2.1133333333333333,9,158.04,United Kingdom,1,0,0,1,1
15349,United Kingdom,158,2,327,473.81,2.9402777777777778,65,236.905,United Kingdom,1,0,0,1,1
15350,United Kingdom,373,1,51,115.65,2.6700000000000004,5,115.65,United Kingdom,1,0,0,1,1
15351,United Kingdom,12,7,753,1960.1100000000001,2.8291555555555554,157,280.0157142857143,United Kingdom,0,0,0,0,0
15353,United Kingdom,255,2,343,777.02,3.312857142857143,59,388.51,United Kingdom,1,0,0,1,1
15355,United Kingdom,29,2,45,277.05,6.114285714285715,9,138.525,United Kingdom,1,0,0,1,1
15356,United Kingdom,31,10,1673,2766.5,1.9985356454720618,215,276.65,United Kingdom,0,0,0,0,0
15358,United Kingdom,5,22,7050,8347.2,1.9899274047186934,292,379.41818181818184,United Kingdom,0,0,0,0,0
15360,United Kingdom,40,1,223,427.93,2.3515384615384614,13,427.93,United Kingdom,1,0,0,1,1
15361,United Kingdom,362,1,336,418.92,1.3442857142857143,7,418.92,United Kingdom,1,0,0,1,1
15363,United Kingdom,373,1,144,326.0,2.9875000000000003,16,326.0,United Kingdom,1,0,0,1,1
15364,United Kingdom,96,2,493,913.19,1.9779310344827585,29,456.595,United Kingdom,1,0,0,1,1
15365,United Kingdom,26,7,1084,2314.32,3.088421052631579,65,330.6171428571429,United Kingdom,0,0,0,0,0
15366,United Kingdom,75,2,621,602.51,2.4736363636363636,37,301.255,United Kingdom,1,0,0,1,1
15367,United Kingdom,57,4,1057,1877.59,2.9531578947368424,91,469.3975,United Kingdom,0,0,0,0,0
15368,United Kingdom,21,1,230,446.94000000000005,3.56,4,446.94000000000005,United Kingdom,1,0,0,1,1
15370,United Kingdom,41,7,830,2386.05,3.799255319148936,65,340.86428571428576,United Kingdom,0,0,0,0,0
15372,United Kingdom,137,1,2924,2007.3999999999999,0.8248148148148148,27,2007.3999999999999,United Kingdom,0,0,0,0,1
15373,United Kingdom,8,12,500,2415.91,5.201363636363637,74,201.32583333333332,United Kingdom,0,0,0,0,0
15374,United Kingdom,129,1,126,168.0,3.8166666666666664,3,168.0,United Kingdom,1,0,0,1,1
15376,United Kingdom,40,3,619,1233.3600000000001,2.8952991452991452,100,411.12000000000006,United Kingdom,0,0,0,0,0
15379,United Kingdom,169,7,2305,3703.29,2.5399484536082473,145,529.0414285714286,United Kingdom,0,0,0,0,0
15380,United Kingdom,9,5,376,1690.2600000000002,6.140555555555555,22,338.052,United Kingdom,0,0,0,0,0
15381,United Kingdom,214,2,171,596.85,6.2,8,298.425,United Kingdom,1,0,0,1,1
15382,United Kingdom,15,6,4012,5955.71,2.4367549668874173,193,992.6183333333333,United Kingdom,0,0,0,0,0
15384,United Kingdom,170,2,596,642.41,1.8617073170731706,34,321.205,United Kingdom,1,0,0,1,1
15385,United Kingdom,40,1,161,316.88,2.22,12,316.88,United Kingdom,1,0,0,1,1
15386,United Kingdom,186,1,446,394.14,1.3864516129032256,31,394.14,United Kingdom,1,0,0,1,1
15388,Canada,270,1,88,140.54,2.0629999999999997,10,140.54,Other,1,0,0,1,1
15389,United Kingdom,172,1,400,500.0,1.25,1,500.0,United Kingdom,1,0,0,1,1
15392,United Kingdom,5,4,1277,1535.53,2.1430952380952384,74,383.8825,United Kingdom,0,0,0,0,0
15393,United Kingdom,16,2,150,231.86,1.5783333333333334,10,115.93,United Kingdom,1,0,0,1,1
15394,United Kingdom,10,4,910,2183.54,3.2396470588235293,54,545.885,United Kingdom,0,0,0,0,0
15395,United Kingdom,326,1,17,107.45,6.542857142857143,7,107.45,United Kingdom,1,0,0,1,1
15396,United Kingdom,113,1,122,288.18,3.599285714285714,14,288.18,United Kingdom,1,0,0,1,1
15397,United Kingdom,290,1,20,94.0,4.933333333333334,6,94.0,United Kingdom,1,0,0,1,1
15398,United Kingdom,16,2,769,1345.53,2.694794520547945,60,672.765,United Kingdom,0,0,0,0,0
15399,United Kingdom,1,3,611,815.77,1.9098,45,271.92333333333335,United Kingdom,0,0,0,0,0
15400,United Kingdom,92,5,390,716.2,2.1041666666666665,10,143.24,United Kingdom,1,0,0,1,1
15402,United Kingdom,149,2,694,626.77,3.5076190476190474,35,313.385,United Kingdom,1,0,0,1,1
15405,United Kingdom,189,1,193,349.1,3.6,8,349.1,United Kingdom,1,0,0,1,1
15406,United Kingdom,31,2,254,510.71000000000004,3.2645283018867928,51,255.35500000000002,United Kingdom,1,0,0,1,1
15407,United Kingdom,34,4,558,1056.44,3.8966666666666665,142,264.11,United Kingdom,0,0,0,0,0
15408,United Kingdom,264,1,106,267.18,4.476176470588236,34,267.18,United Kingdom,1,0,0,1,1
15410,United Kingdom,84,8,1200,3450.84,3.8858196721311473,48,431.355,United Kingdom,0,0,0,0,0
15411,United Kingdom,26,4,530,1358.88,4.114242424242424,86,339.72,United Kingdom,0,0,0,0,0
15412,United Kingdom,171,1,108,190.53,3.471,10,190.53,United Kingdom,1,0,0,1,1
15414,United Kingdom,10,3,443,774.9000000000001,3.2115384615384617,37,258.3,United Kingdom,0,0,0,0,0
15415,United Kingdom,313,1,575,572.8100000000001,1.7456250000000002,46,572.8100000000001,United Kingdom,1,0,0,1,1
15416,United Kingdom,65,4,2090,3984.32,3.266666666666667,165,996.08,United Kingdom,0,0,0,0,0
15417,United Kingdom,85,1,284,508.8,1.8735714285714287,28,508.8,United Kingdom,1,0,0,1,1
15419,United Kingdom,25,1,230,135.86,1.3112499999999998,8,135.86,United Kingdom,1,0,0,1,1
15421,United Kingdom,59,4,500,950.36,2.674150943396226,40,237.59,United Kingdom,0,0,0,0,1
15422,United Kingdom,323,2,38,97.7,3.016666666666667,6,48.85,United Kingdom,1,0,0,1,1
15423,United Kingdom,38,1,101,43.5,3.93,2,43.5,United Kingdom,1,0,0,1,1
15424,United Kingdom,254,2,554,383.34,1.7388235294117649,17,191.67,United Kingdom,1,0,0,1,1
15426,United Kingdom,19,5,674,1447.39,2.6877739726027396,217,289.478,United Kingdom,0,0,0,0,0
15427,United Kingdom,33,3,1013,1483.14,2.1190522875816993,233,494.38000000000005,United Kingdom,0,0,0,0,0
15428,United Kingdom,15,1,102,93.78,1.8633333333333333,6,93.78,United Kingdom,1,0,0,1,1
15429,United Kingdom,27,2,380,397.35,2.0679268292682926,77,198.675,United Kingdom,1,0,0,1,0
15432,United Kingdom,23,1,65,171.19,2.909,10,171.19,United Kingdom,1,0,0,1,1
15433,United Kingdom,214,2,534,533.3,1.2573170731707317,40,266.65,United Kingdom,1,0,0,1,1
15434,United Kingdom,8,5,647,1041.48,3.250181818181818,40,208.296,United Kingdom,0,0,0,0,0
15435,United Kingdom,22,1,54,149.29,3.7351724137931037,29,149.29,United Kingdom,1,0,0,1,1
15436,United Kingdom,12,3,613,1122.53,2.1387841945288755,243,374.1766666666667,United Kingdom,0,0,0,0,0
15437,United Kingdom,262,1,79,200.16,2.845333333333333,44,200.16,United Kingdom,1,0,0,1,1
15438,United Kingdom,131,1,59,156.57999999999998,3.5376,25,156.57999999999998,United Kingdom,1,0,0,1,1
15440,United Kingdom,55,3,197,383.68,2.338709677419355,50,127.89333333333333,United Kingdom,1,0,0,1,1
15442,United Kingdom,249,1,120,594.0,4.95,2,594.0,United Kingdom,1,0,0,1,1
15443,United Kingdom,2,7,1663,3236.91,2.966649214659686,237,462.4157142857143,United Kingdom,0,0,0,0,0
15444,United Kingdom,9,2,764,1418.26,2.800821917808219,191,709.13,United Kingdom,0,0,0,0,0
15445,United Kingdom,264,1,58,113.5,5.55,5,113.5,United Kingdom,1,0,0,1,1
15447,United Kingdom,331,1,85,155.17,3.121111111111111,9,155.17,United Kingdom,1,0,0,1,1
15448,United Kingdom,313,1,232,494.64,3.5778571428571424,28,494.64,United Kingdom,1,0,0,1,1
15449,United Kingdom,26,3,812,974.52,1.901166666666667,47,324.84,United Kingdom,0,0,0,0,0
15450,United Kingdom,30,1,376,429.84,2.1726666666666667,30,429.84,United Kingdom,1,0,0,1,1
15452,United Kingdom,30,3,283,538.73,2.589827586206897,47,179.57666666666668,United Kingdom,1,0,0,1,0
15453,United Kingdom,2,7,845,1388.37,2.5453146853146853,169,198.3385714285714,United Kingdom,0,0,0,0,0
15454,United Kingdom,362,1,86,179.1,2.782,23,179.1,United Kingdom,1,0,0,1,1
15456,United Kingdom,283,3,660,447.22,1.605,48,149.07333333333335,United Kingdom,1,0,0,1,1
15457,United Kingdom,262,1,132,237.07,1.8825862068965518,56,237.07,United Kingdom,1,0,0,1,1
15458,United Kingdom,25,1,156,161.64,1.2242857142857144,7,161.64,United Kingdom,1,0,0,1,1
15460,United Kingdom,354,1,109,216.76,2.828275862068965,53,216.76,United Kingdom,1,0,0,1,1
15462,United Kingdom,94,3,172,234.6,1.55,9,78.2,United Kingdom,1,0,0,1,1
15463,United Kingdom,29,1,106,126.14,1.8557142857142856,7,126.14,United Kingdom,1,0,0,1,1
15464,United Kingdom,338,1,350,1048.85,4.210891719745223,155,1048.85,United Kingdom,1,0,0,1,1
15465,United Kingdom,20,18,1257,7354.62,6.698762886597938,43,408.59,United Kingdom,0,0,0,0,0
15466,United Kingdom,85,1,246,334.53,1.9087719298245613,56,334.53,United Kingdom,1,0,0,1,1
15467,United Kingdom,9,3,310,524.88,2.2582692307692307,41,174.96,United Kingdom,1,0,0,1,0
15468,United Kingdom,51,2,155,467.51,4.485833333333333,24,233.755,United Kingdom,1,0,0,1,1
15469,United Kingdom,50,2,153,538.55,6.004166666666666,24,269.275,United Kingdom,1,0,0,1,1
15471,United Kingdom,2,1,266,469.48,1.9992207792207792,67,469.48,United Kingdom,0,0,0,0,0
15472,United Kingdom,113,1,251,371.56,2.2892105263157894,76,371.56,United Kingdom,1,0,0,1,1
15473,United Kingdom,14,7,672,1771.2,2.659090909090909,4,253.02857142857144,United Kingdom,0,0,0,0,0
15475,United Kingdom,77,1,319,454.10999999999996,1.8268965517241378,29,454.10999999999996,United Kingdom,1,0,0,1,1
15478,United Kingdom,40,2,585,1441.42,3.5232608695652172,34,720.71,United Kingdom,0,0,0,0,1
15480,Malta,116,1,303,905.5,4.2637777777777774,45,905.5,Other,1,0,0,1,1
15482,United Kingdom,16,12,5020,11054.96,3.8308163265306123,46,921.2466666666666,United Kingdom,0,0,0,0,0
15483,United Kingdom,161,4,295,233.81,1.6330681818181818,74,58.4525,United Kingdom,1,0,0,1,1
15484,United Kingdom,1,4,3152,3594.31,2.175478723404255,135,898.5775,United Kingdom,0,0,0,0,0
15485,United Kingdom,30,3,1306,2575.0,3.181627906976744,59,858.3333333333334,United Kingdom,0,0,0,0,0
15488,United Kingdom,93,1,73,91.32000000000001,8.03,2,91.32000000000001,United Kingdom,1,0,0,1,1
15489,United Kingdom,23,3,608,1134.28,2.978,47,378.0933333333333,United Kingdom,0,0,0,0,0
15491,United Kingdom,95,6,1646,3100.09,3.89538961038961,108,516.6816666666667,United Kingdom,0,0,0,0,0
15492,United Kingdom,28,2,483,659.4599999999999,2.5388571428571427,32,329.72999999999996,United Kingdom,1,0,0,1,0
15493,United Kingdom,33,5,560,2001.8,4.442053872053872,177,400.36,United Kingdom,0,0,0,0,0
15494,United Kingdom,21,2,1148,1299.23,2.39016,120,649.615,United Kingdom,0,0,0,0,0
15497,United Kingdom,18,2,624,1262.2,3.5933333333333333,13,631.1,United Kingdom,0,0,0,0,0
15498,United Kingdom,3,27,6105,13316.4,3.17880859375,360,493.2,United Kingdom,0,0,0,0,0
15500,United Kingdom,8,4,572,1131.56,4.561323529411765,64,282.89,United Kingdom,0,0,0,0,0
15502,United Kingdom,16,12,4236,10384.93,19.689953051643194,164,865.4108333333334,United Kingdom,0,-1,0,0,0
15503,United Kingdom,363,1,74,147.09,2.053142857142857,66,147.09,United Kingdom,1,0,0,1,1
15504,United Kingdom,81,1,33,52.83,2.2315384615384617,13,52.83,United Kingdom,1,0,0,1,1
15505,United Kingdom,53,5,2390,3610.96,2.352061855670103,90,722.192,United Kingdom,0,0,0,0,0
15506,United Kingdom,23,3,848,979.26,1.7823170731707318,121,326.42,United Kingdom,0,0,0,0,0
15507,United Kingdom,172,1,162,492.36,4.053260869565217,41,492.36,United Kingdom,1,0,0,1,1
15508,United Kingdom,189,6,440,1000.27,3.392608695652174,78,166.71166666666667,United Kingdom,0,0,0,0,1
15510,United Kingdom,331,1,2,250.0,125.0,1,250.0,United Kingdom,1,-1,0,1,1
15511,United Kingdom,12,5,271,909.23,3.9933750000000003,117,181.846,United Kingdom,0,0,0,0,0
15512,United Kingdom,156,2,68,121.0,1.95,7,60.5,United Kingdom,1,0,0,1,1
15513,United Kingdom,33,19,5709,14758.220000000001,4.107370129870129,183,776.7484210526317,United Kingdom,0,0,0,0,0
15514,United Kingdom,12,11,2160,4139.46,2.3592134831460676,96,376.31454545454545,United Kingdom,0,0,0,0,0
15516,United Kingdom,45,3,27,62.43,2.7786666666666666,15,20.81,United Kingdom,1,-1,0,1,1
15517,United Kingdom,233,1,293,267.03,1.807777777777778,27,267.03,United Kingdom,1,0,0,1,1
15518,United Kingdom,64,8,1273,1942.45,2.4641588785046733,135,242.80625,United Kingdom,0,0,0,0,0
15520,United Kingdom,2,1,314,343.5,1.7244444444444444,18,343.5,United Kingdom,1,0,0,1,0
15521,United Kingdom,40,8,1836,3000.2,3.418594594594594,116,375.025,United Kingdom,0,0,0,0,0
15522,United Kingdom,33,2,573,398.84,0.9498245614035088,47,199.42,United Kingdom,1,0,0,1,1
15523,United Kingdom,84,1,132,412.01000000000005,3.6310000000000002,10,412.01000000000005,United Kingdom,1,0,0,1,1
15524,United Kingdom,25,1,4,440.0,110.0,1,440.0,United Kingdom,1,-1,0,1,1
15525,United Kingdom,2,3,416,825.92,2.703258426966292,133,275.3066666666667,United Kingdom,0,0,0,0,0
15526,United Kingdom,33,2,24,148.44,5.494999999999999,4,74.22,United Kingdom,1,0,0,1,1
15527,United Kingdom,19,8,992,2429.78,3.3190797546012267,127,303.7225,United Kingdom,0,0,0,0,0
15528,United Kingdom,254,1,123,229.33,2.6076923076923078,26,229.33,United Kingdom,1,0,0,1,1
15529,United Kingdom,23,11,3496,3995.23,1.7170982142857145,415,363.20272727272726,United Kingdom,0,0,0,0,0
15530,United Kingdom,22,4,950,1502.35,2.843518518518519,90,375.5875,United Kingdom,0,0,0,0,0
15531,United Kingdom,8,2,1105,2007.44,3.037982456140351,196,1003.72,United Kingdom,0,0,0,0,0
15532,United Kingdom,25,4,521,1580.93,3.8781640625,205,395.2325,United Kingdom,0,0,0,0,0
15533,United Kingdom,19,3,289,807.57,4.041927710843374,73,269.19,United Kingdom,0,0,0,0,0
15535,United Kingdom,173,4,143,536.4,4.692666666666667,55,134.1,United Kingdom,1,0,0,1,1
15537,United Kingdom,163,1,29,110.92,3.862083333333333,24,110.92,United Kingdom,1,0,0,1,1
15539,United Kingdom,7,1,410,538.46,1.343658536585366,41,538.46,United Kingdom,0,0,0,0,0
15540,United Kingdom,11,1,200,213.3,1.7133333333333334,15,213.3,United Kingdom,1,0,0,1,0
15541,United Kingdom,114,1,49,85.13000000000001,2.0941379310344828,29,85.13000000000001,United Kingdom,1,0,0,1,1
15543,United Kingdom,288,1,86,127.86,2.1992857142857143,26,127.86,United Kingdom,1,0,0,1,1
15544,United Kingdom,9,9,3109,3546.71,1.5977992277992277,122,394.0788888888889,United Kingdom,0,0,0,0,0
15545,United Kingdom,54,2,163,292.71999999999997,2.6919753086419753,78,146.35999999999999,United Kingdom,1,0,0,1,1
15547,United Kingdom,7,14,4032,4954.84,2.6033048433048434,441,353.9171428571429,United Kingdom,0,0,0,0,0
15549,United Kingdom,77,3,698,1693.26,3.284173913043478,104,564.42,United Kingdom,0,0,0,0,1
15550,United Kingdom,4,4,295,575.63,2.803934426229508,43,143.9075,United Kingdom,0,0,0,0,0
15551,United Kingdom,37,1,218,436.06,3.9306896551724138,29,436.06,United Kingdom,1,0,0,1,1
15552,United Kingdom,217,1,60,90.12,1.7841176470588236,17,90.12,United Kingdom,1,0,0,1,1
15553,United Kingdom,60,1,451,437.23,2.4103571428571433,51,437.23,United Kingdom,1,0,0,1,1
15554,United Kingdom,278,1,74,217.2,4.810714285714285,14,217.2,United Kingdom,1,0,0,1,1
15555,United Kingdom,12,16,4439,4805.17,1.6966740823136819,401,300.323125,United Kingdom,0,0,0,0,0
15556,United Kingdom,24,1,236,279.77,1.7899999999999998,31,279.77,United Kingdom,1,0,0,1,1
15557,United Kingdom,29,1,219,473.65000000000003,3.5595,16,473.65000000000003,United Kingdom,1,0,0,1,1
15561,United Kingdom,12,4,267,800.59,4.274814814814815,27,200.1475,United Kingdom,1,0,0,1,0
15562,United Kingdom,352,1,39,134.55,3.45,1,134.55,United Kingdom,1,0,0,1,1
15563,United Kingdom,22,4,1501,1400.44,1.883362831858407,88,350.11,United Kingdom,0,0,0,0,0
15565,United Kingdom,50,2,60,173.16,4.56625,8,86.58,United Kingdom,1,0,0,1,1
15567,United Kingdom,19,1,223,186.01,3.2357142857142853,7,186.01,United Kingdom,1,0,0,1,1
15568,United Kingdom,3,3,461,758.29,2.5564150943396227,27,252.76333333333332,United Kingdom,0,0,0,0,0
15569,United Kingdom,104,5,666,1375.71,2.165161290322581,27,275.142,United Kingdom,0,0,0,0,1
15570,United Kingdom,7,12,2067,4165.52,3.6973993808049537,231,347.1266666666667,United Kingdom,0,0,0,0,0
15571,United Kingdom,12,4,264,650.4300000000001,2.701578947368421,47,162.60750000000002,United Kingdom,0,0,0,0,0
15572,United Kingdom,5,7,1229,2552.86,3.6436279069767443,166,364.69428571428574,United Kingdom,0,0,0,0,0
15573,United Kingdom,32,2,363,607.45,2.8558653846153845,88,303.725,United Kingdom,0,0,0,0,0
15574,United Kingdom,178,4,349,702.25,2.5163690476190474,131,175.5625,United Kingdom,1,0,0,1,1
15576,United Kingdom,38,1,404,940.6700000000001,3.5811111111111114,43,940.6700000000001,United Kingdom,0,0,0,0,1
15577,United Kingdom,151,3,89,258.88,3.0605128205128205,39,86.29333333333334,United Kingdom,1,0,0,1,1
15578,United Kingdom,162,1,52,127.1,2.3884615384615384,13,127.1,United Kingdom,1,0,0,1,1
15579,United Kingdom,69,2,120,348.6,4.046666666666667,45,174.3,United Kingdom,1,0,0,1,1
15581,United Kingdom,121,13,286,3679.9700000000003,22.55167785234899,134,283.0746153846154,United Kingdom,0,-1,0,0,0
15582,United Kingdom,25,3,453,682.9100000000001,2.3970454545454545,39,227.63666666666668,United Kingdom,1,0,0,1,0
15584,United Kingdom,24,4,314,725.11,3.0995121951219513,89,181.2775,United Kingdom,0,0,0,0,0
15585,United Kingdom,177,1,320,455.3,2.2641935483870967,31,455.3,United Kingdom,1,0,0,1,1
15587,United Kingdom,50,4,312,913.6800000000001,2.9166666666666665,3,228.42000000000002,United Kingdom,1,0,0,1,1
15589,United Kingdom,256,3,243,478.53000000000003,3.6893103448275864,28,159.51000000000002,United Kingdom,1,0,0,1,1
15592,United Kingdom,47,1,354,388.58,1.5645833333333334,24,388.58,United Kingdom,1,0,0,1,1
15593,United Kingdom,71,1,60,199.8,3.3299999999999996,5,199.8,United Kingdom,1,0,0,1,1
15594,United Kingdom,16,5,983,1771.78,3.1589320388349513,85,354.356,United Kingdom,0,0,0,0,0
15596,United Kingdom,101,5,561,1406.59,4.183246753246753,51,281.318,United Kingdom,0,0,0,0,1
15597,United Kingdom,35,1,279,324.57,1.6090909090909091,22,324.57,United Kingdom,1,0,0,1,1
15598,United Kingdom,53,1,160,240.68,2.5564285714285715,14,240.68,United Kingdom,1,0,0,1,1
15599,United Kingdom,27,2,718,761.74,1.8890384615384617,50,380.87,United Kingdom,0,0,0,0,0
15601,United Kingdom,11,14,4983,6776.56,2.6858536585365855,230,484.04,United Kingdom,0,0,0,0,0
15602,United Kingdom,8,9,1137,1297.8700000000001,2.409782608695652,30,144.20777777777778,United Kingdom,0,0,0,0,0
15603,United Kingdom,79,1,96,48.480000000000004,0.505,2,48.480000000000004,United Kingdom,1,0,0,1,1
15604,United Kingdom,52,1,159,216.39,1.543529411764706,17,216.39,United Kingdom,1,0,0,1,1
15605,United Kingdom,36,5,441,1198.23,4.588358208955224,61,239.64600000000002,United Kingdom,0,0,0,0,0
15606,United Kingdom,61,9,892,2920.16,3.7179220779220774,48,324.4622222222222,United Kingdom,0,0,0,0,0
15607,United Kingdom,337,1,202,104.76,1.1753846153846153,13,104.76,United Kingdom,1,0,0,1,1
15608,United Kingdom,28,4,714,1093.68,3.255666666666667,59,273.42,United Kingdom,0,0,0,0,0
15609,United Kingdom,184,1,148,298.48,4.44625,16,298.48,United Kingdom,1,0,0,1,1
15610,United Kingdom,52,1,66,112.46000000000001,1.8733333333333333,6,112.46000000000001,United Kingdom,1,0,0,1,1
15611,United Kingdom,10,13,504,1591.45,5.777674418604651,23,122.41923076923078,United Kingdom,0,0,0,0,0
15612,United Kingdom,36,2,52,195.15,6.141666666666667,4,97.575,United Kingdom,1,0,0,1,1
15615,United Kingdom,10,23,5508,10399.74,2.562931442080378,184,452.1626086956522,United Kingdom,0,0,0,0,0
15618,United Kingdom,33,4,454,776.851,2.550911111111111,39,194.21275,United Kingdom,0,0,0,0,0
15619,United Kingdom,11,1,136,336.40000000000003,4.416666666666667,3,336.40000000000003,United Kingdom,1,0,0,1,1
15620,United Kingdom,57,3,915,1553.18,3.7297000000000002,92,517.7266666666667,United Kingdom,0,0,0,0,0
15621,United Kingdom,4,4,501,1293.03,2.06625,11,323.2575,United Kingdom,0,0,0,0,0
15622,United Kingdom,43,9,1674,3709.56,4.08372972972973,169,412.17333333333335,United Kingdom,0,0,0,0,0
15623,United Kingdom,141,1,125,301.03,4.2905263157894735,19,301.03,United Kingdom,1,0,0,1,1
15624,United Kingdom,117,4,357,588.13,3.6561764705882354,26,147.0325,United Kingdom,1,0,0,1,1
15625,United Kingdom,104,4,1188,1534.26,1.62359375,44,383.565,United Kingdom,0,0,0,0,1
15626,United Kingdom,75,2,766,675.8,1.646938775510204,49,337.9,United Kingdom,1,0,0,1,1
15628,United Kingdom,5,9,1894,2870.2400000000002,2.3046451612903227,85,318.91555555555556,United Kingdom,0,0,0,0,0
15630,United Kingdom,45,2,800,1186.35,2.8271666666666664,57,593.175,United Kingdom,0,0,0,0,0
15632,United Kingdom,16,8,2109,3285.31,2.695928143712575,107,410.66375,United Kingdom,0,0,0,0,0
15634,United Kingdom,17,1,99,243.55,3.7266666666666666,15,243.55,United Kingdom,1,0,0,1,1
15636,United Kingdom,90,2,284,724.76,3.1712000000000002,20,362.38,United Kingdom,1,0,0,1,1
15637,United Kingdom,53,1,128,223.36,3.026666666666667,15,223.36,United Kingdom,1,0,0,1,1
15639,United Kingdom,134,1,323,425.32,4.3084,25,425.32,United Kingdom,1,0,0,1,1
15640,United Kingdom,4,15,6607,12515.66,2.7894628099173553,240,834.3773333333334,United Kingdom,0,0,0,0,0
15641,United Kingdom,105,4,1562,1887.2,1.9095798319327733,102,471.8,United Kingdom,0,0,0,0,1
15643,United Kingdom,192,3,246,664.0,5.933030303030303,31,221.33333333333334,United Kingdom,1,0,0,1,1
15644,United Kingdom,166,4,557,813.0,1.7819327731092438,166,203.25,United Kingdom,0,0,0,0,1
15645,United Kingdom,19,1,256,612.01,2.9526923076923075,50,612.01,United Kingdom,1,0,0,1,0
15646,United Kingdom,158,3,394,447.64000000000004,2.914285714285714,35,149.21333333333334,United Kingdom,1,0,0,1,1
15648,United Kingdom,204,2,221,657.35,4.58,23,328.675,United Kingdom,1,0,0,1,1
15649,United Kingdom,336,2,192,816.0,4.25,1,408.0,United Kingdom,1,0,0,1,1
15651,United Kingdom,37,3,479,646.3,2.1584375,27,215.4333333333333,United Kingdom,1,0,0,1,1
15652,United Kingdom,91,1,208,337.74,3.8533333333333335,21,337.74,United Kingdom,1,0,0,1,1
15653,United Kingdom,93,2,1200,877.4399999999999,0.9066666666666666,4,438.71999999999997,United Kingdom,1,0,0,1,1
15654,United Kingdom,9,2,475,922.53,3.070952380952381,15,461.265,United Kingdom,0,0,0,0,0
15655,United Kingdom,243,1,324,560.67,3.0920588235294115,34,560.67,United Kingdom,1,0,0,1,1
15656,United Kingdom,45,4,343,748.5,4.41127659574468,46,187.125,United Kingdom,1,0,0,1,1
15657,United Kingdom,23,1,24,30.0,1.25,1,30.0,United Kingdom,1,0,0,1,1
15658,United Kingdom,190,5,242,1024.1000000000001,6.244791666666667,40,204.82000000000002,United Kingdom,1,0,0,1,1
15659,United Kingdom,44,1,111,306.45,5.459090909090909,11,306.45,United Kingdom,1,0,0,1,1
15660,United Kingdom,25,9,1050,1600.86,2.3347777777777776,55,177.87333333333333,United Kingdom,0,0,0,0,0
15661,United Kingdom,317,2,236,309.8,0.9099999999999999,4,154.9,United Kingdom,1,0,0,1,1
15663,United Kingdom,106,1,106,138.14,2.51,9,138.14,United Kingdom,1,0,0,1,1
15664,United Kingdom,51,1,157,386.43,4.165294117647059,17,386.43,United Kingdom,1,0,0,1,1
15665,United Kingdom,168,2,1666,2242.01,2.2631896551724138,92,1121.005,United Kingdom,0,0,0,0,1
15667,United Kingdom,40,1,240,301.32,1.5553846153846154,13,301.32,United Kingdom,1,0,0,1,1
15668,United Kingdom,218,1,72,76.32000000000001,1.06,1,76.32000000000001,United Kingdom,1,0,0,1,1
15669,United Kingdom,40,4,342,684.34,3.212121212121212,31,171.085,United Kingdom,1,0,0,1,1
15670,United Kingdom,297,1,91,173.05,3.15,12,173.05,United Kingdom,1,0,0,1,1
15671,United Kingdom,19,7,1699,2657.13,2.4162820512820513,52,379.59000000000003,United Kingdom,0,0,0,0,0
15673,United Kingdom,88,4,1514,2881.02,2.949225806451613,107,720.255,United Kingdom,0,0,0,0,0
15674,United Kingdom,73,5,1275,2446.6,5.779999999999999,88,489.32,United Kingdom,0,0,0,0,0
15675,United Kingdom,81,3,527,323.69,2.8790476190476193,20,107.89666666666666,United Kingdom,1,0,0,1,1
15676,United Kingdom,19,3,2252,3435.76,3.1958415841584156,191,1145.2533333333333,United Kingdom,0,0,0,0,0
15677,United Kingdom,49,1,319,657.23,3.582121212121212,33,657.23,United Kingdom,1,0,0,1,1
15678,United Kingdom,53,1,184,352.7,2.04,12,352.7,United Kingdom,1,0,0,1,1
15679,United Kingdom,24,4,1170,781.28,1.1043636363636364,98,195.32,United Kingdom,0,0,0,0,0
15680,United Kingdom,9,3,952,1333.68,2.42,61,444.56,United Kingdom,0,0,0,0,0
15681,United Kingdom,25,5,816,1426.16,1.9690566037735848,32,285.232,United Kingdom,0,0,0,0,0
15683,United Kingdom,117,1,131,193.75,2.163,10,193.75,United Kingdom,1,0,0,1,1
15687,United Kingdom,9,9,1310,2993.1,4.248253012048193,119,332.56666666666666,United Kingdom,0,0,0,0,0
15689,United Kingdom,120,2,84,254.1,3.5,8,127.05,United Kingdom,1,0,0,1,1
15690,United Kingdom,4,2,408,239.76,0.6831578947368421,19,119.88,United Kingdom,1,0,0,1,0
15691,United Kingdom,252,1,72,136.8,1.9,2,136.8,United Kingdom,1,0,0,1,1
15692,United Kingdom,28,1,138,191.04,1.9041666666666668,12,191.04,United Kingdom,1,0,0,1,1
15694,United Kingdom,1,14,1677,6479.4,4.71076923076923,42,462.8142857142857,United Kingdom,0,0,0,0,0
15695,United Kingdom,267,2,212,409.98,2.887272727272727,22,204.99,United Kingdom,1,0,0,1,1
15696,United Kingdom,33,8,1028,2736.46,4.26625730994152,140,342.0575,United Kingdom,0,0,0,0,0
15699,United Kingdom,18,1,113,309.65,6.181111111111111,18,309.65,United Kingdom,1,0,0,1,1
15700,United Kingdom,172,2,357,696.68,2.933488372093023,85,348.34,United Kingdom,1,0,0,1,1
15701,United Kingdom,2,4,923,1542.14,2.94168776371308,193,385.535,United Kingdom,0,0,0,0,0
15703,United Kingdom,265,1,66,211.5,2.93,5,211.5,United Kingdom,1,0,0,1,1
15704,United Kingdom,140,4,1028,2293.62,3.227008547008547,79,573.405,United Kingdom,0,0,0,0,1
15705,United Kingdom,201,1,62,143.1,6.05,6,143.1,United Kingdom,1,0,0,1,1
15706,United Kingdom,64,4,321,1060.56,5.126181818181818,50,265.14,United Kingdom,0,0,0,0,1
15707,United Kingdom,35,4,605,945.58,2.2814953271028036,126,236.395,United Kingdom,0,0,0,0,0
15708,United Kingdom,41,7,1267,3364.2400000000002,4.0928125,124,480.6057142857143,United Kingdom,0,0,0,0,0
15709,United Kingdom,284,1,121,133.25,2.415,6,133.25,United Kingdom,1,0,0,1,1
15712,United Kingdom,9,5,486,1072.3600000000001,3.666792452830189,41,214.47200000000004,United Kingdom,0,0,0,0,0
15713,United Kingdom,143,2,150,356.7,5.338421052631579,18,178.35,United Kingdom,1,0,0,1,1
15714,United Kingdom,12,2,187,330.88,3.0614285714285714,34,165.44,United Kingdom,1,0,0,1,0
15716,United Kingdom,146,4,744,1118.81,2.288728813559322,101,279.7025,United Kingdom,0,0,0,0,1
15717,United Kingdom,234,1,70,150.3,2.4714285714285715,7,150.3,United Kingdom,1,0,0,1,1
15719,United Kingdom,33,13,2725,5045.61,2.200554962646745,299,388.1238461538461,United Kingdom,0,0,0,0,0
15720,United Kingdom,24,1,281,598.73,2.46609375,128,598.73,United Kingdom,0,0,0,0,0
15721,United Kingdom,12,1,409,507.08,2.0571428571428574,80,507.08,United Kingdom,0,0,0,0,0
15722,United Kingdom,36,5,1026,2222.56,3.047536231884058,45,444.512,United Kingdom,0,0,0,0,0
15723,United Kingdom,365,1,87,203.1,2.5853658536585367,37,203.1,United Kingdom,1,0,0,1,1
15724,United Kingdom,201,2,73,218.25,3.4136363636363636,11,109.125,United Kingdom,1,0,0,1,1
15725,United Kingdom,15,1,221,415.25,2.65125,32,415.25,United Kingdom,1,0,0,1,0
15727,United Kingdom,17,7,3065,5178.96,3.2481456953642387,213,739.8514285714285,United Kingdom,0,0,0,0,0
15729,United Kingdom,213,1,28,85.0,3.75,5,85.0,United Kingdom,1,0,0,1,1
15730,United Kingdom,66,3,689,1120.88,2.9675714285714285,68,373.6266666666667,United Kingdom,0,0,0,0,1
15732,United Kingdom,212,2,215,294.12,1.8907142857142856,13,147.06,United Kingdom,1,0,0,1,1
15733,United Kingdom,283,1,62,162.3,4.35,10,162.3,United Kingdom,1,0,0,1,1
15734,United Kingdom,115,2,346,1339.45,4.843846153846154,25,669.725,United Kingdom,1,0,0,1,1
15737,United Kingdom,15,8,599,1205.1200000000001,3.910416666666667,60,150.64000000000001,United Kingdom,0,0,0,0,0
15738,United Kingdom,19,16,2982,4812.42,2.12121387283237,46,300.77625,United Kingdom,0,0,0,0,0
15739,United Kingdom,66,1,472,449.12,2.52375,8,449.12,United Kingdom,1,0,0,1,1
15740,United Kingdom,49,1,152,154.88,2.4722222222222223,9,154.88,United Kingdom,1,0,0,1,1
15743,United Kingdom,16,4,216,784.46,4.683863636363636,59,196.115,United Kingdom,0,0,0,0,0
15744,United Kingdom,78,1,120,34.8,0.29,3,34.8,United Kingdom,1,0,0,1,1
15745,United Kingdom,19,4,421,1094.59,4.3022580645161295,57,273.6475,United Kingdom,0,0,0,0,0
15746,United Kingdom,134,1,178,196.88,1.4835714285714285,28,196.88,United Kingdom,1,0,0,1,1
15747,United Kingdom,13,3,480,974.04,2.459569892473118,52,324.68,United Kingdom,0,0,0,0,0
15748,United Kingdom,40,1,51,149.31,3.7361904761904765,19,149.31,United Kingdom,1,0,0,1,1
15749,United Kingdom,235,3,18028,44534.3,3.0439999999999996,5,14844.766666666668,United Kingdom,0,-1,0,0,1
15750,United Kingdom,3,8,1786,2465.48,2.4343003412969284,214,308.185,United Kingdom,0,0,0,0,0
15752,United Kingdom,40,7,1978,2637.38,1.752676399026764,236,376.7685714285714,United Kingdom,0,0,0,0,0
15753,United Kingdom,305,1,144,79.2,0.55,1,79.2,United Kingdom,1,0,0,1,1
15754,United Kingdom,51,3,199,458.57,2.7239285714285715,24,152.85666666666665,United Kingdom,1,0,0,1,1
15755,United Kingdom,10,6,1427,2364.25,3.1785106382978725,127,394.0416666666667,United Kingdom,0,0,0,0,0
15756,United Kingdom,61,4,242,532.96,2.477239583333333,160,133.24,United Kingdom,1,0,0,1,0
15757,United Kingdom,66,2,491,714.42,2.7295555555555557,43,357.21,United Kingdom,1,0,0,1,1
15758,United Kingdom,25,1,47,205.25,4.427777777777778,9,205.25,United Kingdom,1,0,0,1,1
15759,United Kingdom,218,3,60,253.04,5.174285714285714,5,84.34666666666666,United Kingdom,1,0,0,1,1
15762,United Kingdom,65,2,251,583.75,4.0018918918918915,37,291.875,United Kingdom,1,0,0,1,1
15763,United Kingdom,32,2,271,1086.92,6.6593442622950825,58,543.46,United Kingdom,0,0,0,0,0
15764,United Kingdom,88,6,2050,3279.97,2.836666666666667,150,546.6616666666666,United Kingdom,0,0,0,0,0
15766,United Kingdom,64,1,170,315.06,3.208181818181818,11,315.06,United Kingdom,1,0,0,1,1
15768,United Kingdom,116,3,244,621.8299999999999,7.899259259259259,23,207.27666666666664,United Kingdom,1,0,0,1,1
15769,United Kingdom,7,26,29672,56252.72,2.050769230769231,26,2163.566153846154,United Kingdom,0,-1,0,0,0
15773,United Kingdom,6,1,311,635.6800000000001,1.334,10,635.6800000000001,United Kingdom,1,0,0,1,0
15774,United Kingdom,69,1,87,270.8,4.802,25,270.8,United Kingdom,1,0,0,1,1
15775,United Kingdom,245,1,68,104.9,2.4714285714285715,7,104.9,United Kingdom,1,0,0,1,1
15776,United Kingdom,133,1,138,241.62,4.183888888888889,18,241.62,United Kingdom,1,0,0,1,1
15777,United Kingdom,241,4,378,1047.11,3.823333333333333,18,261.7775,United Kingdom,1,0,0,1,1
15780,United Kingdom,184,3,220,475.28000000000003,4.157586206896552,26,158.42666666666668,United Kingdom,1,0,0,1,1
15781,United Kingdom,25,3,180,345.46,3.9675,20,115.15333333333332,United Kingdom,1,0,0,1,1
15782,United Kingdom,10,3,864,2614.7400000000002,6.1141860465116284,34,871.58,United Kingdom,0,0,0,0,0
15783,United Kingdom,11,1,212,246.3,3.4364285714285714,14,246.3,United Kingdom,1,0,0,1,0
15785,United Kingdom,33,5,1612,2328.9700000000003,3.2433734939759034,58,465.79400000000004,United Kingdom,0,0,0,0,0
15786,United Kingdom,46,3,3364,4932.2,2.732322097378277,257,1644.0666666666666,United Kingdom,0,0,0,0,0
15787,United Kingdom,26,3,540,948.05,2.164708737864078,156,316.01666666666665,United Kingdom,0,0,0,0,0
15789,United Kingdom,358,1,438,351.3,0.9984000000000001,25,351.3,United Kingdom,1,0,0,1,1
15790,United Kingdom,10,1,114,220.85,3.424285714285714,34,220.85,United Kingdom,1,0,0,1,0
15791,United Kingdom,44,2,731,1612.69,3.256266666666667,66,806.345,United Kingdom,0,0,0,0,0
15793,United Kingdom,15,3,553,965.61,3.0975,6,321.87,United Kingdom,1,0,0,1,0
15795,United Kingdom,150,1,581,610.01,3.058095238095238,42,610.01,United Kingdom,1,0,0,1,1
15796,United Kingdom,1,8,861,2711.56,3.9022556390977443,70,338.945,United Kingdom,0,0,0,0,0
15797,United Kingdom,113,4,873,2207.4,4.23125,8,551.85,United Kingdom,0,0,0,0,1
15799,United Kingdom,76,3,955,884.14,2.267448979591837,94,294.7133333333333,United Kingdom,0,0,0,0,1
15800,United Kingdom,107,2,335,699.08,2.712689075630252,116,349.54,United Kingdom,1,0,0,1,1
15801,United Kingdom,46,3,570,1063.95,2.96421875,61,354.65000000000003,United Kingdom,0,0,0,0,0
15802,United Kingdom,143,1,1,451.42,451.42,1,451.42,United Kingdom,1,-1,0,1,1
15803,United Kingdom,51,1,290,415.82000000000005,1.74875,8,415.82000000000005,United Kingdom,1,0,0,1,1
15804,United Kingdom,1,13,2565,4206.39,3.7104961832061067,170,323.5684615384616,United Kingdom,0,0,0,0,0
15805,United Kingdom,23,17,3387,5528.4800000000005,2.7423920265780732,220,325.204705882353,United Kingdom,0,0,0,0,0
15806,United Kingdom,46,3,602,784.58,2.004193548387097,24,261.5266666666667,United Kingdom,1,0,0,1,1
15807,United Kingdom,50,3,430,903.9,2.5812500000000003,48,301.3,United Kingdom,0,0,0,0,1
15808,United Kingdom,306,4,1343,3734.9700000000003,3.5788461538461536,142,933.7425000000001,United Kingdom,0,0,0,0,1
15809,United Kingdom,36,5,301,515.77,4.123142857142857,31,103.154,United Kingdom,1,0,0,1,0
15810,United Kingdom,79,4,861,1391.98,2.6612359550561795,66,347.995,United Kingdom,0,0,0,0,1
15811,United Kingdom,22,6,1071,2218.62,3.487669172932331,117,369.77,United Kingdom,0,0,0,0,0
15812,United Kingdom,107,5,922,1801.14,5.051707317073171,36,360.228,United Kingdom,0,0,0,0,1
15813,United Kingdom,208,2,603,1303.9099999999999,3.775,40,651.9549999999999,United Kingdom,1,0,0,1,1
15814,United Kingdom,17,4,1271,1945.33,3.284861111111111,63,486.3325,United Kingdom,0,0,0,0,0
15815,United Kingdom,64,5,1856,2100.6,2.160408163265306,33,420.12,United Kingdom,0,0,0,0,0
15819,United Kingdom,49,4,1357,1905.45,2.0016260162601625,96,476.3625,United Kingdom,0,0,0,0,0
15820,United Kingdom,320,1,128,206.98,2.2494117647058824,17,206.98,United Kingdom,1,0,0,1,1
15821,United Kingdom,44,2,202,570.96,3.696451612903226,57,285.48,United Kingdom,1,0,0,1,1
15822,United Kingdom,3,2,375,885.47,3.369393939393939,28,442.735,United Kingdom,0,0,0,0,0
15823,United Kingdom,372,1,1,15.0,15.0,1,15.0,United Kingdom,1,-1,0,1,1
15825,United Kingdom,172,1,220,532.94,8.8395,20,532.94,United Kingdom,1,0,0,1,1
15826,United Kingdom,56,3,963,1654.31,3.2094117647058824,64,551.4366666666666,United Kingdom,0,0,0,0,0
15827,United Kingdom,73,14,882,1836.0900000000001,4.353130434782609,72,131.14928571428572,United Kingdom,0,0,0,0,0
15829,United Kingdom,99,2,996,636.14,1.0527450980392157,44,318.07,United Kingdom,1,0,0,1,1
15830,United Kingdom,38,1,415,576.0,2.913846153846154,39,576.0,United Kingdom,1,0,0,1,1
15831,United Kingdom,58,3,1105,801.76,2.6416176470588235,63,267.25333333333333,United Kingdom,0,0,0,0,1
15832,United Kingdom,254,1,465,836.79,2.310185185185185,54,836.79,United Kingdom,1,0,0,1,1
15834,United Kingdom,70,4,965,2233.75,4.069487179487179,242,558.4375,United Kingdom,0,0,0,0,0
15835,United Kingdom,44,4,439,954.09,3.073,47,238.5225,United Kingdom,0,0,0,0,0
15836,United Kingdom,50,1,26,137.37,9.244,10,137.37,United Kingdom,1,0,0,1,1
15837,United Kingdom,65,1,189,391.98,4.09125,24,391.98,United Kingdom,1,0,0,1,1
15838,United Kingdom,11,19,18368,33643.08,1.9419760479041916,54,1770.6884210526316,United Kingdom,0,0,0,0,0
15839,United Kingdom,33,3,675,1048.49,2.1283870967741936,56,349.49666666666667,United Kingdom,0,0,0,0,0
15840,United Kingdom,59,2,396,355.56,1.961111111111111,26,177.78,United Kingdom,1,0,0,1,1
15841,United Kingdom,73,4,942,1224.06,1.416808510638298,36,306.015,United Kingdom,0,0,0,0,1
15843,United Kingdom,304,1,27,118.95000000000002,7.14375,8,118.95000000000002,United Kingdom,1,0,0,1,1
15844,United Kingdom,46,1,134,130.73999999999998,1.7936363636363637,11,130.73999999999998,United Kingdom,1,0,0,1,1
15845,United Kingdom,18,8,1926,3711.77,2.730144927536232,97,463.97125,United Kingdom,0,0,0,0,0
15847,United Kingdom,38,2,449,389.27,3.35,22,194.635,United Kingdom,1,0,0,1,1
15850,United Kingdom,19,2,302,238.85,1.5638144329896908,87,119.425,United Kingdom,1,0,0,1,0
15852,United Kingdom,187,2,48,160.71,3.355,22,80.355,United Kingdom,1,0,0,1,1
15853,United Kingdom,52,1,135,110.8,1.4693333333333334,29,110.8,United Kingdom,1,0,0,1,1
15854,United Kingdom,4,12,939,2974.65,2.9360714285714287,105,247.88750000000002,United Kingdom,0,0,0,0,0
15855,United Kingdom,137,5,470,712.24,1.886,59,142.448,United Kingdom,1,0,0,1,1
15856,United Kingdom,4,27,11005,16387.57,1.7719379844961243,295,606.947037037037,United Kingdom,0,0,0,0,0
15857,United Kingdom,19,1,308,297.0,0.9428571428571428,14,297.0,United Kingdom,1,0,0,1,1
15858,United Kingdom,16,5,1167,1438.85,2.3072774869109947,145,287.77,United Kingdom,0,0,0,0,0
15860,United Kingdom,41,8,440,977.21,3.4395070422535214,105,122.15125,United Kingdom,0,0,0,0,0
15861,United Kingdom,12,8,2544,3165.36,1.871190476190476,339,395.67,United Kingdom,0,0,0,0,0
15862,United Kingdom,8,4,585,832.88,2.7378911564625854,142,208.22,United Kingdom,0,0,0,0,0
15863,United Kingdom,26,2,19,68.84,3.708888888888889,18,34.42,United Kingdom,1,0,0,1,1
15864,United Kingdom,22,6,1192,1936.3200000000002,2.7265,16,322.72,United Kingdom,0,0,0,0,0
15865,United Kingdom,41,3,368,895.13,5.611,37,298.37666666666667,United Kingdom,1,0,0,1,1
15866,United Kingdom,101,1,126,230.53,3.8722222222222222,43,230.53,United Kingdom,1,0,0,1,1
15867,United Kingdom,5,15,2054,3812.64,3.4156399132321043,302,254.176,United Kingdom,0,0,0,0,0
15869,United Kingdom,277,2,175,149.64,2.1420000000000003,13,74.82,United Kingdom,1,0,0,1,1
15870,United Kingdom,33,1,335,354.09000000000003,1.801842105263158,68,354.09000000000003,United Kingdom,1,0,0,1,1
15872,United Kingdom,15,2,212,360.93,2.07296875,101,180.465,United Kingdom,1,0,0,1,0
15874,United Kingdom,64,7,2534,4405.88,5.8974166666666665,110,629.4114285714286,United Kingdom,0,0,0,0,0
15877,United Kingdom,2,2,371,493.28,1.8717829457364341,122,246.64,United Kingdom,0,0,0,0,0
15880,United Kingdom,369,1,211,343.28000000000003,2.1701904761904762,95,343.28000000000003,United Kingdom,1,0,0,1,1
15881,United Kingdom,312,5,260,501.39000000000004,3.3168965517241378,26,100.278,United Kingdom,1,0,0,1,1
15882,United Kingdom,199,4,276,516.36,1.9078260869565218,23,129.09,United Kingdom,1,0,0,1,1
15883,United Kingdom,2,2,223,396.48,2.9546938775510205,42,198.24,United Kingdom,1,0,0,1,0
15885,United Kingdom,93,3,111,379.35,5.686111111111111,18,126.45,United Kingdom,1,0,0,1,1
15886,United Kingdom,60,1,147,181.09,2.9975,12,181.09,United Kingdom,1,0,0,1,1
15888,United Kingdom,81,1,76,168.31,2.464166666666667,11,168.31,United Kingdom,1,0,0,1,1
15889,United Kingdom,157,2,215,446.87,2.8899999999999997,79,223.435,United Kingdom,1,0,0,1,1
15891,United Kingdom,227,1,442,524.52,2.651774193548387,60,524.52,United Kingdom,1,0,0,1,1
15894,United Kingdom,253,2,168,263.55,2.0119512195121954,35,131.775,United Kingdom,1,0,0,1,1
15895,United Kingdom,150,1,94,179.17,1.9845454545454544,11,179.17,United Kingdom,1,0,0,1,1
15897,United Kingdom,194,2,261,222.05,2.0920833333333335,17,111.025,United Kingdom,1,0,0,1,1
15898,United Kingdom,1,5,570,1388.88,3.322674418604651,70,277.776,United Kingdom,0,0,0,0,0
15899,United Kingdom,369,1,39,56.25,4.125,4,56.25,United Kingdom,1,0,0,1,1
15900,United Kingdom,24,1,221,351.11,2.0315686274509805,44,351.11,United Kingdom,1,0,0,1,1
15901,United Kingdom,17,3,384,363.88,2.0995689655172414,102,121.29333333333334,United Kingdom,1,0,0,1,0
15903,United Kingdom,10,7,2410,5126.76,2.245135135135135,46,732.3942857142857,United Kingdom,0,0,0,0,0
15904,United Kingdom,8,1,84,164.68,2.953333333333333,30,164.68,United Kingdom,1,0,0,1,0
15906,United Kingdom,20,7,544,1567.69,3.3830666666666667,113,223.9557142857143,United Kingdom,0,0,0,0,0
15907,United Kingdom,4,3,509,967.45,2.590240963855422,175,322.48333333333335,United Kingdom,0,0,0,0,0
15909,United Kingdom,174,1,98,191.94,1.8599999999999999,7,191.94,United Kingdom,1,0,0,1,1
15910,United Kingdom,1,8,1015,1232.18,1.8127340823970037,215,154.0225,United Kingdom,0,0,0,0,0
15912,United Kingdom,178,2,185,264.62,2.0957894736842104,19,132.31,United Kingdom,1,0,0,1,1
15916,United Kingdom,16,8,757,1528.09,3.7222580645161294,124,191.01125,United Kingdom,0,0,0,0,0
15917,United Kingdom,248,1,42,123.1,5.1499999999999995,12,123.1,United Kingdom,1,0,0,1,1
15918,United Kingdom,191,2,153,334.23,2.5142499999999997,33,167.115,United Kingdom,1,0,0,1,1
15919,United Kingdom,20,2,545,639.89,2.4646153846153847,103,319.945,United Kingdom,0,0,0,0,0
15920,United Kingdom,154,4,99,167.5,2.1593333333333335,53,41.875,United Kingdom,1,0,0,1,1
15921,United Kingdom,173,1,166,336.03000000000003,3.7872000000000003,24,336.03000000000003,United Kingdom,1,0,0,1,1
15922,United Kingdom,373,1,138,369.5,4.409090909090909,11,369.5,United Kingdom,1,0,0,1,1
15923,United Kingdom,373,1,122,127.08,2.814761904761905,21,127.08,United Kingdom,1,0,0,1,1
15925,United Kingdom,194,1,93,207.15,2.8958333333333335,12,207.15,United Kingdom,1,0,0,1,1
15930,United Kingdom,67,1,139,426.63,4.022857142857143,21,426.63,United Kingdom,1,0,0,1,1
15932,United Kingdom,4,8,2325,2495.87,1.4927826086956522,93,311.98375,United Kingdom,0,0,0,0,0
15933,United Kingdom,21,3,885,1107.46,2.1356756756756754,63,369.15333333333336,United Kingdom,0,0,0,0,0
15935,United Kingdom,239,2,115,416.86,27.295,12,208.43,United Kingdom,1,0,0,1,1
15937,United Kingdom,64,1,73,145.35,2.3714285714285714,7,145.35,United Kingdom,1,0,0,1,1
15938,United Kingdom,112,5,240,404.58,2.320555555555556,13,80.916,United Kingdom,1,0,0,1,1
15939,United Kingdom,90,15,4728,6115.01,1.7944736842105262,28,407.6673333333334,United Kingdom,0,0,0,0,0
15940,United Kingdom,311,1,4,35.8,8.95,1,35.8,United Kingdom,1,0,0,1,1
15942,United Kingdom,134,1,232,337.44,2.657857142857143,14,337.44,United Kingdom,1,0,0,1,1
15944,United Kingdom,277,1,50,325.1,5.083333333333333,6,325.1,United Kingdom,1,0,0,1,1
15945,United Kingdom,365,1,52,181.0,2.75,2,181.0,United Kingdom,1,0,0,1,1
15947,United Kingdom,83,1,898,1708.24,4.022068965517241,29,1708.24,United Kingdom,0,0,0,0,1
15948,United Kingdom,8,2,567,955.24,2.5215,51,477.62,United Kingdom,0,0,0,0,0
15949,United Kingdom,17,2,284,364.72,1.8247368421052632,12,182.36,United Kingdom,1,0,0,1,1
15950,United Kingdom,32,4,729,1765.51,3.335,86,441.3775,United Kingdom,0,0,0,0,0
15951,United Kingdom,9,2,313,708.22,3.700731707317073,36,354.11,United Kingdom,0,0,0,0,0
15952,United Kingdom,34,4,399,806.57,3.2756043956043954,65,201.6425,United Kingdom,0,0,0,0,0
15953,United Kingdom,15,8,892,1659.3799999999999,2.719795918367347,63,207.42249999999999,United Kingdom,0,0,0,0,0
15955,United Kingdom,24,14,2135,4416.26,2.833169398907104,137,315.44714285714286,United Kingdom,0,0,0,0,0
15957,United Kingdom,32,1,211,428.89,2.787857142857143,40,428.89,United Kingdom,1,0,0,1,1
15958,United Kingdom,74,1,33,104.35,3.9842857142857144,7,104.35,United Kingdom,1,0,0,1,1
15963,United Kingdom,20,2,298,470.76,2.41,26,235.38,United Kingdom,1,0,0,1,0
15965,United Kingdom,17,4,453,845.64,2.287704918032787,88,211.41,United Kingdom,0,0,0,0,0
15967,United Kingdom,23,2,211,418.83,2.8676190476190477,73,209.415,United Kingdom,1,0,0,1,0
15969,United Kingdom,3,3,124,666.1,7.0825000000000005,20,222.03333333333333,United Kingdom,1,0,0,1,0
15970,United Kingdom,304,1,116,314.1,2.6,11,314.1,United Kingdom,1,0,0,1,1
15971,United Kingdom,18,12,1717,4199.85,2.3254285714285716,10,349.9875,United Kingdom,0,0,0,0,0
15973,United Kingdom,367,1,106,307.82000000000005,4.4275,4,307.82000000000005,United Kingdom,1,0,0,1,1
15974,United Kingdom,39,7,2262,3442.15,2.819545454545455,141,491.7357142857143,United Kingdom,0,0,0,0,0
15975,United Kingdom,84,1,243,371.01,2.1433333333333335,24,371.01,United Kingdom,1,0,0,1,1
15976,United Kingdom,165,2,277,430.94,2.4076530612244897,83,215.47,United Kingdom,1,0,0,1,1
15977,United Kingdom,17,2,1016,1054.73,2.9993846153846153,48,527.365,United Kingdom,0,0,0,0,0
15978,United Kingdom,77,1,888,1098.78,1.9628571428571426,49,1098.78,United Kingdom,0,0,0,0,1
15980,United Kingdom,89,3,1560,2398.86,2.072558139534884,40,799.62,United Kingdom,0,0,0,0,1
15981,United Kingdom,25,8,1866,3408.48,2.2077319587628867,53,426.06,United Kingdom,0,0,0,0,0
15983,United Kingdom,22,4,892,1475.02,2.1008849557522122,82,368.755,United Kingdom,0,0,0,0,0
15984,United Kingdom,3,10,1843,2837.67,2.730962962962963,217,283.767,United Kingdom,0,0,0,0,0
15985,United Kingdom,123,2,1086,1142.42,1.8202702702702702,29,571.21,United Kingdom,0,0,0,0,1
15986,United Kingdom,30,1,268,168.12,0.897142857142857,14,168.12,United Kingdom,1,0,0,1,1
15987,United Kingdom,12,7,1556,1451.28,2.154642857142857,110,207.32571428571427,United Kingdom,0,0,0,0,0
15988,United Kingdom,19,1,181,158.03,3.451851851851852,26,158.03,United Kingdom,1,0,0,1,1
15990,United Kingdom,44,2,443,792.11,3.0548076923076923,52,396.055,United Kingdom,0,0,0,0,1
15992,United Kingdom,4,1,17,41.989999999999995,6.109999999999999,3,41.989999999999995,United Kingdom,1,-1,0,1,1
15993,United Kingdom,9,7,2051,2797.57,2.233713768115942,335,399.65285714285716,United Kingdom,0,0,0,0,0
15994,United Kingdom,55,1,177,427.07,3.388,31,427.07,United Kingdom,1,0,0,1,1
15996,United Kingdom,88,6,384,1060.68,3.9843076923076928,103,176.78,United Kingdom,0,0,0,0,1
15998,United Kingdom,37,5,2041,3089.97,2.5529446640316205,370,617.9939999999999,United Kingdom,0,0,0,0,0
16000,United Kingdom,3,3,5110,12393.7,3.3455555555555554,9,4131.233333333334,United Kingdom,0,-1,0,0,0
16003,United Kingdom,30,5,1185,2735.37,5.018446601941747,82,547.074,United Kingdom,0,0,0,0,0
16005,United Kingdom,12,4,300,615.39,2.3735779816513762,173,153.8475,United Kingdom,0,0,0,0,0
16006,United Kingdom,211,1,84,101.4,1.5775000000000001,8,101.4,United Kingdom,1,0,0,1,1
16007,United Kingdom,48,4,1393,1701.94,1.78612987012987,221,425.485,United Kingdom,0,0,0,0,0
16008,United Kingdom,24,3,323,478.78,2.111515151515152,29,159.59333333333333,United Kingdom,1,0,0,1,0
16009,United Kingdom,22,4,378,992.71,3.313888888888889,68,248.1775,United Kingdom,0,0,0,0,0
16010,United Kingdom,246,3,210,407.5,2.2238372093023258,62,135.83333333333334,United Kingdom,1,0,0,1,1
16011,United Kingdom,8,16,2042,3362.71,2.1162735849056604,99,210.169375,United Kingdom,0,0,0,0,0
16012,United Kingdom,35,3,799,1415.29,2.5875531914893615,87,471.7633333333333,United Kingdom,0,0,0,0,0
16013,United Kingdom,4,47,15536,37130.6,2.803669064748201,30,790.0127659574467,United Kingdom,0,0,0,0,0
16014,United Kingdom,38,3,265,662.38,2.8024137931034483,123,220.79333333333332,United Kingdom,0,0,0,0,0
16015,United Kingdom,4,3,909,705.39,1.2462637362637363,146,235.13,United Kingdom,0,0,0,0,0
16016,United Kingdom,3,8,620,1508.76,2.9934468085106385,156,188.595,United Kingdom,0,0,0,0,0
16017,United Kingdom,47,1,102,211.88,2.675625,26,211.88,United Kingdom,1,0,0,1,1
16018,United Kingdom,39,2,190,408.90000000000003,3.3039285714285715,26,204.45000000000002,United Kingdom,1,0,0,1,1
16019,United Kingdom,47,9,1733,3786.2400000000002,3.3305,133,420.6933333333334,United Kingdom,0,0,0,0,0
16020,United Kingdom,17,3,487,851.01,2.4445652173913044,42,283.67,United Kingdom,0,0,0,0,0
16022,United Kingdom,260,1,261,628.28,3.3089473684210526,68,628.28,United Kingdom,1,0,0,1,1
16023,United Kingdom,46,3,358,719.81,3.1293069306930694,90,239.93666666666664,United Kingdom,0,0,0,0,0
16024,United Kingdom,12,1,398,251.24,1.11484375,61,251.24,United Kingdom,1,0,0,1,0
16025,United Kingdom,30,1,338,439.65999999999997,1.9764285714285712,28,439.65999999999997,United Kingdom,1,0,0,1,1
16026,United Kingdom,43,1,243,236.09,1.285625,30,236.09,United Kingdom,1,0,0,1,1
16027,United Kingdom,92,6,1147,934.62,13.510000000000002,11,155.77,United Kingdom,1,-1,0,1,1
16029,United Kingdom,39,63,40208,81024.84,36.04293388429752,44,1286.1085714285714,United Kingdom,0,-1,0,0,0
16030,United Kingdom,310,1,283,331.24,2.3137931034482757,28,331.24,United Kingdom,1,0,0,1,1
16031,United Kingdom,92,2,423,548.94,2.7897000000000003,91,274.47,United Kingdom,1,0,0,1,1
16033,United Kingdom,6,20,3539,8816.4,3.34532981530343,538,440.82,United Kingdom,0,0,0,0,0
16034,United Kingdom,196,3,242,437.7,2.5545454545454547,18,145.9,United Kingdom,1,0,0,1,1
16036,United Kingdom,87,2,716,758.92,2.1336363636363638,55,379.46,United Kingdom,0,0,0,0,1
16037,United Kingdom,270,3,428,855.02,3.1225641025641027,37,285.00666666666666,United Kingdom,1,0,0,1,1
16038,United Kingdom,8,3,244,471.78000000000003,3.19,24,157.26000000000002,United Kingdom,1,0,0,1,0
16040,United Kingdom,65,3,684,1313.55,3.9113846153846157,57,437.84999999999997,United Kingdom,0,0,0,0,1
16041,United Kingdom,31,3,1584,3166.4,5.39,6,1055.4666666666667,United Kingdom,0,0,0,0,0
16042,United Kingdom,22,5,755,1197.27,2.9728169014084505,68,239.454,United Kingdom,0,0,0,0,0
16043,United Kingdom,38,4,503,773.99,4.506923076923077,30,193.4975,United Kingdom,1,0,0,1,0
16045,United Kingdom,120,4,897,1340.7,2.8589156626506025,71,335.175,United Kingdom,0,0,0,0,1
16048,United Kingdom,373,2,144,256.44,1.62125,8,128.22,United Kingdom,1,0,0,1,1
16049,United Kingdom,40,3,793,1111.79,2.019967948717949,248,370.59666666666664,United Kingdom,0,0,0,0,0
16050,United Kingdom,174,1,278,137.9,2.585,10,137.9,United Kingdom,1,0,0,1,1
16052,United Kingdom,54,1,282,362.06,2.4885294117647057,34,362.06,United Kingdom,1,0,0,1,1
16053,United Kingdom,33,2,1793,1511.95,2.883809523809524,81,755.975,United Kingdom,0,0,0,0,0
16054,United Kingdom,145,1,380,783.9,3.998142857142857,70,783.9,United Kingdom,1,0,0,1,1
16055,United Kingdom,221,1,22,134.8,8.9875,8,134.8,United Kingdom,1,0,0,1,1
16056,United Kingdom,45,1,347,664.85,3.7658823529411762,66,664.85,United Kingdom,1,0,0,1,1
16057,United Kingdom,16,7,863,2263.12,4.028181818181818,109,323.30285714285714,United Kingdom,0,0,0,0,0
16059,United Kingdom,66,6,643,1459.8600000000001,3.109333333333333,126,243.31000000000003,United Kingdom,0,0,0,0,0
16062,United Kingdom,10,4,800,1153.62,2.7225,50,288.405,United Kingdom,0,0,0,0,0
16063,United Kingdom,260,1,262,335.32,2.242608695652174,23,335.32,United Kingdom,1,0,0,1,1
16065,United Kingdom,365,1,231,372.09,1.8732432432432433,71,372.09,United Kingdom,1,0,0,1,1
16066,United Kingdom,17,5,936,1521.87,3.1003921568627453,77,304.37399999999997,United Kingdom,0,0,0,0,0
16070,United Kingdom,22,2,457,852.15,2.1045454545454545,32,426.075,United Kingdom,0,0,0,0,0
16071,United Kingdom,45,1,180,326.24,2.737142857142857,21,326.24,United Kingdom,1,0,0,1,1
16072,United Kingdom,288,1,140,584.3199999999999,8.399565217391304,23,584.3199999999999,United Kingdom,1,0,0,1,1
16073,United Kingdom,297,1,48,122.39999999999999,2.55,1,122.39999999999999,United Kingdom,1,0,0,1,1
16076,United Kingdom,3,10,1435,2234.73,2.541007751937985,71,223.473,United Kingdom,0,0,0,0,0
16078,United Kingdom,284,1,16,79.2,4.95,1,79.2,United Kingdom,1,0,0,1,1
16079,United Kingdom,17,3,864,1352.0,2.9714285714285715,18,450.6666666666667,United Kingdom,0,0,0,0,0
16080,United Kingdom,82,2,128,217.16,1.7919999999999998,10,108.58,United Kingdom,1,0,0,1,1
16081,United Kingdom,56,5,1477,2806.9,2.7976211453744493,175,561.38,United Kingdom,0,0,0,0,0
16083,United Kingdom,101,2,908,1317.62,1.5748387096774195,31,658.81,United Kingdom,0,0,0,0,1
16084,United Kingdom,299,1,216,436.18,2.6457894736842107,38,436.18,United Kingdom,1,0,0,1,1
16085,United Kingdom,23,5,636,981.51,2.387125748502994,123,196.302,United Kingdom,0,0,0,0,0
16086,United Kingdom,59,5,511,1121.39,3.22025641025641,24,224.27800000000002,United Kingdom,0,0,0,0,1
16091,United Kingdom,155,2,154,315.06,2.841666666666667,16,157.53,United Kingdom,1,0,0,1,1
16092,United Kingdom,115,3,628,817.86,2.176862745098039,37,272.62,United Kingdom,1,0,0,1,1
16093,United Kingdom,107,1,20,17.0,0.85,1,17.0,United Kingdom,1,-1,0,1,1
16094,United Kingdom,12,4,647,1078.23,3.607936507936508,48,269.5575,United Kingdom,0,0,0,0,0
16096,United Kingdom,264,1,155,320.62,13.269166666666669,12,320.62,United Kingdom,1,0,0,1,1
16097,United Kingdom,240,1,87,185.04999999999998,5.359999999999999,10,185.04999999999998,United Kingdom,1,0,0,1,1
16098,United Kingdom,88,7,613,2005.63,4.424626865671642,34,286.5185714285714,United Kingdom,0,0,0,0,1
16099,United Kingdom,50,3,434,731.9,1.8684615384615386,29,243.96666666666667,United Kingdom,1,0,0,1,1
16101,United Kingdom,71,1,757,1290.7,2.4839473684210525,76,1290.7,United Kingdom,0,0,0,0,1
16102,United Kingdom,42,3,942,1842.14,2.5987719298245615,41,614.0466666666667,United Kingdom,0,0,0,0,0
16103,United Kingdom,7,6,558,1429.64,4.607291666666667,30,238.27333333333334,United Kingdom,0,0,0,0,0
16104,United Kingdom,62,1,123,302.36,3.3613793103448275,28,302.36,United Kingdom,1,0,0,1,1
16105,United Kingdom,249,1,330,336.96,1.18,13,336.96,United Kingdom,1,0,0,1,1
16106,United Kingdom,66,1,74,108.38,1.5133333333333334,6,108.38,United Kingdom,1,0,0,1,1
16107,United Kingdom,18,7,1176,3204.1600000000003,4.36483870967742,16,457.7371428571429,United Kingdom,0,0,0,0,0
16108,United Kingdom,85,1,615,842.5,1.9610416666666666,48,842.5,United Kingdom,1,0,0,1,1
16109,United Kingdom,219,2,612,611.88,1.5788888888888888,18,305.94,United Kingdom,1,0,0,1,1
16110,United Kingdom,45,3,733,1337.48,2.2664406779661017,283,445.82666666666665,United Kingdom,0,0,0,0,0
16112,United Kingdom,143,4,574,195.73999999999998,0.5575,15,48.934999999999995,United Kingdom,1,0,0,1,1
16113,United Kingdom,183,1,176,161.38,2.6510000000000002,30,161.38,United Kingdom,1,0,0,1,1
16114,United Kingdom,171,1,43,135.75000000000003,3.34375,8,135.75000000000003,United Kingdom,1,0,0,1,1
16115,United Kingdom,10,8,1001,1667.97,2.356901408450704,169,208.49625,United Kingdom,0,0,0,0,0
16116,United Kingdom,212,1,248,612.78,4.36735294117647,34,612.78,United Kingdom,1,0,0,1,1
16117,United Kingdom,190,1,130,232.21,2.449,30,232.21,United Kingdom,1,0,0,1,1
16119,United Kingdom,8,2,240,423.36,2.131875,14,211.68,United Kingdom,1,0,0,1,0
16120,United Kingdom,59,4,878,1309.14,1.807,26,327.285,United Kingdom,0,0,0,0,1
16121,United Kingdom,57,2,586,867.11,1.965188679245283,170,433.555,United Kingdom,0,0,0,0,0
16122,United Kingdom,73,4,1128,684.4200000000001,1.583157894736842,26,171.10500000000002,United Kingdom,1,0,0,1,1
16123,United Kingdom,52,1,170,307.78,3.1075,16,307.78,United Kingdom,1,0,0,1,1
16124,United Kingdom,317,1,48,249.0,8.549999999999999,11,249.0,United Kingdom,1,0,0,1,1
16125,United Kingdom,367,1,124,289.35,3.209230769230769,13,289.35,United Kingdom,1,0,0,1,1
16126,United Kingdom,29,4,2125,6287.77,3.6533333333333333,57,1571.9425,United Kingdom,0,0,0,0,0
16127,United Kingdom,39,1,323,656.25,3.10625,40,656.25,United Kingdom,1,0,0,1,1
16128,United Kingdom,18,5,988,1880.22,2.425056179775281,76,376.044,United Kingdom,0,0,0,0,0
16131,United Kingdom,52,6,1802,3506.54,3.2437179487179484,55,584.4233333333333,United Kingdom,0,0,0,0,0
16133,United Kingdom,4,33,8887,14589.04,3.2128106508875742,219,442.09212121212124,United Kingdom,0,0,0,0,0
16134,United Kingdom,22,2,371,618.09,2.047428571428571,34,309.045,United Kingdom,1,0,0,1,0
16135,United Kingdom,263,1,209,517.55,3.4428571428571426,21,517.55,United Kingdom,1,0,0,1,1
16136,United Kingdom,60,3,440,709.38,2.655675675675676,35,236.46,United Kingdom,1,0,0,1,1
16139,United Kingdom,19,3,330,635.41,2.7732258064516127,25,211.8033333333333,United Kingdom,1,0,0,1,0
16140,United Kingdom,66,2,730,725.18,1.7917142857142858,32,362.59,United Kingdom,1,0,0,1,1
16141,United Kingdom,88,1,238,620.4,4.6883333333333335,30,620.4,United Kingdom,1,0,0,1,1
16142,United Kingdom,250,1,422,535.34,2.8767567567567567,37,535.34,United Kingdom,1,0,0,1,1
16143,United Kingdom,3,6,919,2424.94,4.138119658119658,75,404.1566666666667,United Kingdom,0,0,0,0,0
16144,United Kingdom,247,1,16,175.2,10.95,1,175.2,United Kingdom,1,0,0,1,1
16145,United Kingdom,9,11,3123,3799.4900000000002,2.2435267857142858,134,345.40818181818184,United Kingdom,0,0,0,0,0
16146,United Kingdom,157,3,427,734.13,2.0944827586206896,26,244.71,United Kingdom,1,0,0,1,1
16147,United Kingdom,134,1,246,375.0,3.9104545454545456,22,375.0,United Kingdom,1,0,0,1,1
16148,United Kingdom,296,1,72,76.32000000000001,1.06,1,76.32000000000001,United Kingdom,1,0,0,1,1
16149,United Kingdom,5,2,308,280.52,1.2538888888888888,18,140.26,United Kingdom,1,0,0,1,0
16150,United Kingdom,43,5,1047,2053.02,3.028974358974359,91,410.604,United Kingdom,0,0,0,0,0
16152,United Kingdom,269,1,642,1829.04,5.976206896551724,29,1829.04,United Kingdom,0,0,0,0,1
16153,United Kingdom,50,5,1073,1824.23,2.9908988764044944,78,364.846,United Kingdom,0,0,0,0,0
16156,United Kingdom,9,9,1308,3122.04,3.077,108,346.8933333333333,United Kingdom,0,0,0,0,0
16157,United Kingdom,16,3,347,656.69,3.445555555555556,12,218.89666666666668,United Kingdom,1,0,0,1,0
16159,United Kingdom,282,1,236,348.2,1.8714285714285714,14,348.2,United Kingdom,1,0,0,1,1
16160,United Kingdom,65,2,1162,1025.44,1.741,20,512.72,United Kingdom,0,0,0,0,1
16161,United Kingdom,2,19,2599,5575.56,3.1820464135021096,286,293.4505263157895,United Kingdom,0,0,0,0,0
16162,United Kingdom,252,1,4,37.4,9.35,2,37.4,United Kingdom,1,0,0,1,1
16163,United Kingdom,232,2,192,856.6,4.791666666666667,5,428.3,United Kingdom,1,0,0,1,1
16164,United Kingdom,17,3,433,822.48,2.433529411764706,27,274.16,United Kingdom,0,0,0,0,0
16168,United Kingdom,11,27,1892,3787.6,3.3155102040816327,57,140.28148148148148,United Kingdom,0,0,0,0,0
16169,United Kingdom,8,4,1325,1822.97,2.0698823529411765,71,455.7425,United Kingdom,0,0,0,0,0
16170,United Kingdom,51,6,1770,1885.05,2.08032,106,314.175,United Kingdom,0,0,0,0,0
16171,United Kingdom,59,1,24,73.2,3.4166666666666665,3,73.2,United Kingdom,1,0,0,1,1
16172,United Kingdom,95,5,787,1140.21,1.9330434782608694,52,228.042,United Kingdom,0,0,0,0,1
16173,United Kingdom,16,6,575,1418.32,4.0340476190476195,70,236.38666666666666,United Kingdom,0,0,0,0,0
16174,United Kingdom,126,3,651,1009.5500000000001,3.7252173913043474,19,336.5166666666667,United Kingdom,1,0,0,1,1
16175,United Kingdom,94,4,533,1037.59,3.5925862068965517,45,259.3975,United Kingdom,0,0,0,0,1
16177,United Kingdom,50,1,95,331.95,5.41,15,331.95,United Kingdom,1,0,0,1,1
16178,United Kingdom,138,1,94,197.9,3.19375,8,197.9,United Kingdom,1,0,0,1,1
16179,United Kingdom,61,1,99,215.83,3.732727272727273,11,215.83,United Kingdom,1,0,0,1,1
16180,United Kingdom,100,8,5867,10254.18,2.43179012345679,90,1281.7725,United Kingdom,0,0,0,0,0
16181,United Kingdom,73,1,152,305.54,2.411818181818182,11,305.54,United Kingdom,1,0,0,1,1
16182,United Kingdom,72,4,3791,6617.65,2.12,17,1654.4125,United Kingdom,0,0,0,0,0
16183,United Kingdom,67,1,113,338.71000000000004,3.5153333333333334,15,338.71000000000004,United Kingdom,1,0,0,1,1
16184,United Kingdom,64,6,561,1158.79,4.008,26,193.13166666666666,United Kingdom,0,0,0,0,1
16185,United Kingdom,17,2,260,529.41,3.302258064516129,31,264.705,United Kingdom,1,0,0,1,0
16186,United Kingdom,23,12,3020,4006.94,1.8390366972477066,87,333.9116666666667,United Kingdom,0,0,0,0,0
16187,United Kingdom,32,15,5048,6911.4400000000005,2.1664745762711863,160,460.7626666666667,United Kingdom,0,0,0,0,0
16188,United Kingdom,45,4,782,981.86,2.2217910447761198,65,245.465,United Kingdom,0,0,0,0,0
16189,United Kingdom,16,2,134,215.48,3.9436363636363634,9,107.74,United Kingdom,1,0,0,1,1
16190,United Kingdom,40,1,88,215.08,7.1866666666666665,6,215.08,United Kingdom,1,0,0,1,1
16191,United Kingdom,3,13,3351,5180.52,2.2528358208955224,65,398.5015384615385,United Kingdom,0,0,0,0,0
16193,United Kingdom,237,1,219,314.45,2.3473684210526318,19,314.45,United Kingdom,1,0,0,1,1
16198,United Kingdom,75,1,129,400.68100000000004,4.1794,15,400.68100000000004,United Kingdom,1,0,0,1,1
16200,United Kingdom,4,2,523,1080.6200000000001,2.595251396648045,149,540.3100000000001,United Kingdom,0,0,0,0,0
16201,United Kingdom,3,4,1286,1863.47,2.0225225225225225,74,465.8675,United Kingdom,0,0,0,0,0
16202,United Kingdom,361,1,191,365.27,3.4850000000000003,18,365.27,United Kingdom,1,0,0,1,1
16203,United Kingdom,59,4,262,592.9,2.875714285714286,27,148.225,United Kingdom,1,0,0,1,1
16204,United Kingdom,23,1,231,405.71,2.056140350877193,45,405.71,United Kingdom,1,0,0,1,1
16205,United Kingdom,31,4,517,761.38,2.2246938775510205,73,190.345,United Kingdom,0,0,0,0,0
16206,United Kingdom,55,4,272,537.0600000000001,2.346031746031746,52,134.26500000000001,United Kingdom,1,0,0,1,1
16207,United Kingdom,25,1,140,394.38,4.256842105263158,19,394.38,United Kingdom,1,0,0,1,1
16208,United Kingdom,45,2,333,664.26,3.159242424242424,61,332.13,United Kingdom,1,0,0,1,1
16209,United Kingdom,89,5,1179,2262.62,2.483913043478261,37,452.524,United Kingdom,0,0,0,0,1
16210,United Kingdom,2,18,7559,21086.3,3.7576422764227644,74,1171.461111111111,United Kingdom,0,0,0,0,0
16211,United Kingdom,89,1,154,547.02,3.8082608695652174,23,547.02,United Kingdom,1,0,0,1,1
16212,United Kingdom,19,2,244,690.34,4.468048780487805,40,345.17,United Kingdom,1,0,0,1,0
16213,United Kingdom,79,1,48,159.0,3.8166666666666664,6,159.0,United Kingdom,1,0,0,1,1
16214,United Kingdom,171,3,420,1062.75,4.525454545454545,36,354.25,United Kingdom,1,0,0,1,1
16215,United Kingdom,81,1,104,242.35,4.285714285714286,14,242.35,United Kingdom,1,0,0,1,1
16216,United Kingdom,267,1,254,914.9300000000001,8.991621621621622,37,914.9300000000001,United Kingdom,1,0,0,1,1
16217,United Kingdom,235,2,91,304.25,4.21,13,152.125,United Kingdom,1,0,0,1,1
16218,United Kingdom,30,7,2088,3084.68,1.6713095238095237,56,440.6685714285714,United Kingdom,0,0,0,0,0
16221,United Kingdom,37,3,717,864.86,2.2505154639175258,90,288.2866666666667,United Kingdom,0,0,0,0,0
16222,United Kingdom,318,1,365,846.72,3.224963503649635,120,846.72,United Kingdom,1,0,0,1,1
16224,United Kingdom,57,4,1116,1295.3,2.4532291666666666,90,323.825,United Kingdom,0,0,0,0,0
16225,United Kingdom,45,5,493,1096.32,2.393358208955224,109,219.26399999999998,United Kingdom,0,0,0,0,0
16226,United Kingdom,203,3,192,255.12,1.7675,6,85.04,United Kingdom,1,0,0,1,1
16227,United Kingdom,225,1,90,314.22,3.313333333333334,6,314.22,United Kingdom,1,0,0,1,1
16229,United Kingdom,87,2,318,1010.6,3.3648936170212767,46,505.3,United Kingdom,1,0,0,1,1
16230,United Kingdom,190,2,365,542.03,1.9505714285714284,32,271.015,United Kingdom,1,0,0,1,1
16232,United Kingdom,44,4,550,990.88,2.445945945945946,24,247.72,United Kingdom,0,0,0,0,1
16233,United Kingdom,71,3,174,536.6800000000001,3.6286363636363634,22,178.89333333333335,United Kingdom,1,0,0,1,1
16235,United Kingdom,41,5,330,867.31,4.824565217391305,42,173.462,United Kingdom,1,0,0,1,0
16236,United Kingdom,78,1,184,432.2,2.8775000000000004,20,432.2,United Kingdom,1,0,0,1,1
16239,United Kingdom,57,2,228,414.2,2.331578947368421,18,207.1,United Kingdom,1,0,0,1,1
16240,United Kingdom,24,2,1641,3718.8,4.088148148148148,126,1859.4,United Kingdom,0,0,0,0,0
16241,United Kingdom,10,13,1453,2607.87,2.22,347,200.6053846153846,United Kingdom,0,0,0,0,0
16242,United Kingdom,8,7,1982,3603.21,2.41608843537415,184,514.7442857142858,United Kingdom,0,0,0,0,0
16243,United Kingdom,34,2,110,409.1,5.841372549019608,49,204.55,United Kingdom,1,0,0,1,1
16244,United Kingdom,212,2,855,1522.75,2.567252747252747,88,761.375,United Kingdom,0,0,0,0,1
16245,United Kingdom,24,3,1014,1413.66,2.924444444444444,80,471.22,United Kingdom,0,0,0,0,0
16247,United Kingdom,170,1,182,114.56,2.7112499999999997,16,114.56,United Kingdom,1,0,0,1,1
16248,United Kingdom,62,1,78,152.94,2.0314285714285716,7,152.94,United Kingdom,1,0,0,1,1
16249,United Kingdom,53,5,950,1800.07,3.4831884057971014,67,360.014,United Kingdom,0,0,0,0,0
16250,United Kingdom,261,2,208,389.44,3.0883333333333334,22,194.72,United Kingdom,1,0,0,1,1
16253,United Kingdom,67,2,3233,3683.86,1.7190243902439024,114,1841.93,United Kingdom,0,0,0,0,0
16255,United Kingdom,17,8,1767,2619.91,2.851,146,327.48875,United Kingdom,0,0,0,0,0
16256,United Kingdom,267,1,581,752.4300000000001,2.3407692307692307,13,752.4300000000001,United Kingdom,1,0,0,1,1
16257,United Kingdom,177,1,2,46.95,23.475,2,46.95,United Kingdom,1,0,0,1,1
16258,United Kingdom,45,5,2994,5203.51,3.034148148148148,111,1040.702,United Kingdom,0,0,0,0,0
16260,United Kingdom,51,1,311,1035.45,5.366666666666666,18,1035.45,United Kingdom,1,0,0,1,1
16261,United Kingdom,17,4,306,746.83,3.3495161290322577,98,186.7075,United Kingdom,0,0,0,0,0
16265,United Kingdom,9,9,2646,5447.0,3.743875968992248,164,605.2222222222222,United Kingdom,0,0,0,0,0
16266,United Kingdom,74,7,398,861.89,3.9349180327868853,44,123.12714285714286,United Kingdom,1,0,0,1,1
16268,United Kingdom,71,2,533,667.65,4.259111111111111,45,333.825,United Kingdom,1,0,0,1,1
16270,United Kingdom,353,1,688,1141.24,3.222777777777778,54,1141.24,United Kingdom,1,0,0,1,1
16271,United Kingdom,3,5,1038,1429.24,1.6585714285714286,89,285.848,United Kingdom,0,0,0,0,0
16272,United Kingdom,117,1,224,411.7,1.7372,25,411.7,United Kingdom,1,0,0,1,1
16274,United Kingdom,373,1,155,357.95,4.277611940298508,64,357.95,United Kingdom,1,0,0,1,1
16275,United Kingdom,197,1,336,559.87,4.386969696969698,33,559.87,United Kingdom,1,0,0,1,1
16276,United Kingdom,177,1,420,810.6000000000001,1.9916666666666665,6,810.6000000000001,United Kingdom,1,0,0,1,1
16278,United Kingdom,100,1,114,566.38,9.835217391304349,23,566.38,United Kingdom,1,0,0,1,1
16279,United Kingdom,21,3,1054,1509.58,2.1885981308411218,102,503.1933333333333,United Kingdom,0,0,0,0,0
16281,United Kingdom,72,1,934,2062.06,2.373529411764706,17,2062.06,United Kingdom,0,0,0,0,1
16282,United Kingdom,340,1,114,168.3,2.731818181818182,11,168.3,United Kingdom,1,0,0,1,1
16283,United Kingdom,6,5,1236,1570.81,2.4171686746987953,117,314.162,United Kingdom,0,0,0,0,0
16284,United Kingdom,31,2,544,823.97,2.118440366972477,87,411.985,United Kingdom,0,0,0,0,0
16287,United Kingdom,170,1,298,142.5,2.2375000000000003,8,142.5,United Kingdom,1,0,0,1,1
16292,United Kingdom,122,1,191,302.25,2.360588235294118,17,302.25,United Kingdom,1,0,0,1,1
16293,United Kingdom,22,10,982,2248.9900000000002,4.160847457627119,102,224.89900000000003,United Kingdom,0,0,0,0,0
16295,United Kingdom,10,4,841,1328.55,3.7668354430379747,70,332.1375,United Kingdom,0,0,0,0,0
16297,United Kingdom,269,1,206,301.9,2.7915,20,301.9,United Kingdom,1,0,0,1,1
16298,United Kingdom,23,3,198,598.2,4.071111111111112,22,199.4,United Kingdom,1,0,0,1,0
16302,United Kingdom,127,1,158,233.22,1.7618181818181817,11,233.22,United Kingdom,1,0,0,1,1
16303,United Kingdom,26,3,2659,5360.63,2.858703703703704,119,1786.8766666666668,United Kingdom,0,0,0,0,0
16305,United Kingdom,139,1,256,361.21999999999997,1.6831818181818183,22,361.21999999999997,United Kingdom,1,0,0,1,1
16306,United Kingdom,214,6,487,632.27,1.6270731707317072,36,105.37833333333333,United Kingdom,1,0,0,1,1
16308,United Kingdom,38,4,8000,2560.0,0.32,1,640.0,United Kingdom,0,-1,0,0,1
16309,United Kingdom,106,2,467,706.57,2.4180952380952383,39,353.285,United Kingdom,1,0,0,1,1
16311,United Kingdom,18,2,394,616.26,2.4735135135135136,35,308.13,United Kingdom,1,0,0,1,0
16313,United Kingdom,3,2,165,274.15000000000003,3.098125,16,137.07500000000002,United Kingdom,1,0,0,1,0
16315,United Kingdom,331,1,75,226.37,5.351428571428571,14,226.37,United Kingdom,1,0,0,1,1
16316,United Kingdom,64,8,1484,2938.91,5.010463576158941,120,367.36375,United Kingdom,0,0,0,0,0
16317,United Kingdom,120,3,890,1341.65,2.979420289855072,64,447.2166666666667,United Kingdom,0,0,0,0,1
16318,United Kingdom,35,1,199,328.15,2.473684210526316,19,328.15,United Kingdom,1,0,0,1,1
16319,United Kingdom,218,1,72,404.40000000000003,5.616666666666667,3,404.40000000000003,United Kingdom,1,0,0,1,1
16320,Unspecified,172,2,732,1038.46,2.4805357142857143,56,519.23,Other,0,0,0,0,1
16321,Australia,72,5,135,373.65000000000003,3.6750000000000003,7,74.73,Other,1,0,0,1,1
16322,United Kingdom,1,2,231,326.75,2.437837837837838,28,163.375,United Kingdom,1,0,0,1,0
16323,United Kingdom,196,1,50,207.50000000000003,4.15,1,207.50000000000003,United Kingdom,1,0,0,1,1
16324,United Kingdom,128,3,282,428.68,2.1305932203389832,100,142.89333333333335,United Kingdom,1,0,0,1,1
16325,United Kingdom,47,3,194,594.24,3.690555555555556,14,198.08,United Kingdom,1,0,0,1,1
16326,United Kingdom,6,14,709,3110.96,4.954984326018809,158,222.21142857142857,United Kingdom,0,0,0,0,0
16327,United Kingdom,14,6,2571,3844.22,2.090062695924765,142,640.7033333333333,United Kingdom,0,0,0,0,0
16330,United Kingdom,18,3,147,251.91,2.6733333333333333,39,83.97,United Kingdom,1,0,0,1,0
16332,United Kingdom,28,7,801,1593.2,2.786797385620915,125,227.6,United Kingdom,0,0,0,0,0
16333,United Kingdom,8,22,32184,26626.8,1.0662222222222224,9,1210.3090909090909,United Kingdom,0,-1,0,0,0
16337,United Kingdom,37,1,87,151.05,3.04,10,151.05,United Kingdom,1,0,0,1,1
16338,United Kingdom,157,1,94,214.79999999999998,3.7345454545454544,11,214.79999999999998,United Kingdom,1,0,0,1,1
16339,United Kingdom,284,1,23,109.95,5.2575,17,109.95,United Kingdom,1,0,0,1,1
16340,United Kingdom,107,1,501,549.07,1.5188888888888887,124,549.07,United Kingdom,1,0,0,1,1
16341,United Kingdom,25,4,1398,1971.87,1.8232467532467531,60,492.9675,United Kingdom,0,0,0,0,0
16342,United Kingdom,75,4,157,322.41,5.6033333333333335,10,80.6025,United Kingdom,1,0,0,1,1
16343,United Kingdom,16,2,195,370.47999999999996,2.735106382978723,29,185.23999999999998,United Kingdom,1,0,0,1,0
16344,United Kingdom,158,1,18,101.10000000000001,5.7,1,101.10000000000001,United Kingdom,1,0,0,1,1
16345,United Kingdom,44,1,289,575.41,4.295526315789473,35,575.41,United Kingdom,1,0,0,1,1
16347,United Kingdom,11,2,353,887.65,3.762282608695652,61,443.825,United Kingdom,0,0,0,0,0
16348,United Kingdom,32,7,819,1469.45,2.867106382978723,157,209.92142857142858,United Kingdom,0,0,0,0,0
16349,United Kingdom,291,1,9,53.5,5.944444444444445,9,53.5,United Kingdom,1,0,0,1,1
16350,United Kingdom,21,4,545,1116.47,3.4387719298245614,40,279.1175,United Kingdom,0,0,0,0,0
16351,United Kingdom,333,1,90,153.9,1.9875,8,153.9,United Kingdom,1,0,0,1,1
16352,United Kingdom,18,2,300,494.44,1.9617857142857142,28,247.22,United Kingdom,1,0,0,1,0
16353,United Kingdom,4,23,2006,6675.71,3.010851063829787,51,290.24826086956523,United Kingdom,0,0,0,0,0
16354,United Kingdom,63,2,150,395.8,3.1382051282051284,38,197.9,United Kingdom,1,0,0,1,1
16356,United Kingdom,198,3,93,211.77,2.201290322580645,20,70.59,United Kingdom,1,0,0,1,1
16357,United Kingdom,33,3,246,658.88,4.5797058823529415,31,219.62666666666667,United Kingdom,1,0,0,1,1
16358,United Kingdom,1,4,1302,2027.5,1.8883486238532112,82,506.875,United Kingdom,0,0,0,0,0
16359,United Kingdom,7,9,1183,1750.92,8.14318181818182,39,194.54666666666668,United Kingdom,0,0,0,0,0
16360,United Kingdom,5,6,2144,3512.53,2.278761329305136,365,585.4216666666667,United Kingdom,0,0,0,0,0
16361,United Kingdom,10,4,421,896.66,3.087735849056604,87,224.165,United Kingdom,0,0,0,0,0
16362,United Kingdom,32,5,351,734.77,2.8769135802469137,58,146.954,United Kingdom,0,0,0,0,0
16363,United Kingdom,53,1,52,109.36000000000001,2.9560000000000004,5,109.36000000000001,United Kingdom,1,0,0,1,1
16364,United Kingdom,12,2,280,707.04,3.453584905660377,48,353.52,United Kingdom,0,0,0,0,0
16365,United Kingdom,18,9,504,1540.42,5.143137254901961,45,171.1577777777778,United Kingdom,0,0,0,0,0
16366,United Kingdom,19,1,256,327.3,2.828888888888889,18,327.3,United Kingdom,1,0,0,1,1
16367,United Kingdom,37,2,647,804.49,2.3376153846153844,123,402.245,United Kingdom,0,0,0,0,0
16368,United Kingdom,2,2,260,497.43,2.4098684210526318,58,248.715,United Kingdom,0,0,0,0,0
16369,United Kingdom,18,3,1035,1553.66,2.3270338983050847,91,517.8866666666667,United Kingdom,0,0,0,0,0
16370,United Kingdom,82,4,647,1320.56,2.8847368421052635,143,330.14,United Kingdom,0,0,0,0,0
16372,United Kingdom,33,2,166,367.93,2.657731958762887,86,183.965,United Kingdom,1,0,0,1,1
16374,United Kingdom,66,2,240,473.03000000000003,2.5635135135135134,101,236.51500000000001,United Kingdom,1,0,0,1,1
16376,United Kingdom,9,2,694,987.01,2.5507199999999997,104,493.505,United Kingdom,0,0,0,0,0
16377,United Kingdom,267,1,1500,676.2,0.534,5,676.2,United Kingdom,1,0,0,1,1
16378,United Kingdom,247,3,267,362.95,1.8021739130434784,22,120.98333333333333,United Kingdom,1,0,0,1,1
16379,United Kingdom,4,4,1410,2157.4,1.9833333333333334,87,539.35,United Kingdom,0,0,0,0,0
16380,United Kingdom,61,1,1524,1780.59,1.8,28,1780.59,United Kingdom,0,0,0,0,1
16383,United Kingdom,75,2,475,668.36,2.2834313725490194,80,334.18,United Kingdom,1,0,0,1,1
16384,United Kingdom,90,2,260,584.5,3.503030303030303,33,292.25,United Kingdom,1,0,0,1,1
16385,United Kingdom,60,3,261,555.89,2.5457627118644073,52,185.29666666666665,United Kingdom,1,0,0,1,1
16386,United Kingdom,29,2,224,317.2,1.658977272727273,76,158.6,United Kingdom,1,0,0,1,0
16387,United Kingdom,323,1,44,94.36,3.16,4,94.36,United Kingdom,1,0,0,1,1
16389,United Kingdom,53,4,1242,1382.07,2.7785294117647057,33,345.5175,United Kingdom,0,0,0,0,0
16392,United Kingdom,270,1,203,221.19,1.9917777777777776,41,221.19,United Kingdom,1,0,0,1,1
16393,United Kingdom,2,13,1576,3046.21,1.9769696969696968,120,234.32384615384615,United Kingdom,0,0,0,0,0
16394,United Kingdom,57,5,2604,1555.34,1.231566265060241,61,311.068,United Kingdom,0,0,0,0,0
16395,United Kingdom,61,5,1476,1486.9,1.9833809523809522,150,297.38,United Kingdom,0,0,0,0,0
16398,United Kingdom,154,2,758,1705.8,5.544634146341464,75,852.9,United Kingdom,0,0,0,0,1
16399,United Kingdom,19,2,264,408.57,2.766164383561644,68,204.285,United Kingdom,1,0,0,1,0
16400,United Kingdom,95,1,172,303.93,3.0141379310344827,28,303.93,United Kingdom,1,0,0,1,1
16401,United Kingdom,1,12,3882,4098.32,1.4426344086021505,66,341.52666666666664,United Kingdom,0,0,0,0,0
16402,United Kingdom,265,2,149,299.6,2.6683333333333334,55,149.8,United Kingdom,1,0,0,1,1
16403,United Kingdom,312,1,114,177.5,1.6099999999999999,10,177.5,United Kingdom,1,0,0,1,1
16404,United Kingdom,70,1,157,443.05,5.165217391304347,23,443.05,United Kingdom,1,0,0,1,1
16405,United Kingdom,302,2,187,167.25,2.33,3,83.625,United Kingdom,1,0,0,1,1
16406,United Kingdom,19,1,122,163.07,1.7908064516129032,54,163.07,United Kingdom,1,0,0,1,1
16407,United Kingdom,13,10,1124,2126.93,2.9607558139534884,99,212.69299999999998,United Kingdom,0,0,0,0,0
16409,United Kingdom,36,5,1306,2028.88,2.707844827586207,145,405.776,United Kingdom,0,0,0,0,0
16411,United Kingdom,19,2,132,214.65,2.0353333333333334,41,107.325,United Kingdom,1,0,0,1,0
16412,United Kingdom,54,1,73,151.83,2.072857142857143,25,151.83,United Kingdom,1,0,0,1,1
16413,United Kingdom,57,1,148,262.2,2.5261290322580647,30,262.2,United Kingdom,1,0,0,1,1
16414,United Kingdom,22,2,27,126.25,7.064285714285714,5,63.125,United Kingdom,1,0,0,1,1
16415,United Kingdom,44,1,187,210.35,1.8175925925925926,45,210.35,United Kingdom,1,0,0,1,1
16416,United Kingdom,27,3,672,1051.4,3.0419718309859154,59,350.4666666666667,United Kingdom,0,0,0,0,0
16418,United Kingdom,45,3,288,675.27,3.7622549019607843,76,225.09,United Kingdom,1,0,0,1,1
16419,United Kingdom,113,6,436,972.23,4.315882352941176,36,162.03833333333333,United Kingdom,1,0,0,1,1
16422,United Kingdom,17,51,33704,34684.4,1.8139295392953931,68,680.086274509804,United Kingdom,0,-1,0,0,0
16423,United Kingdom,25,1,230,346.12,1.9155555555555557,18,346.12,United Kingdom,1,0,0,1,1
16424,United Kingdom,191,1,88,133.56,3.9979999999999998,5,133.56,United Kingdom,1,0,0,1,1
16425,United Kingdom,302,1,199,302.7,4.171904761904762,21,302.7,United Kingdom,1,0,0,1,1
16426,United Kingdom,2,10,1243,1908.25,2.086666666666667,211,190.825,United Kingdom,0,0,0,0,0
16427,United Kingdom,263,2,156,241.06,1.488888888888889,8,120.53,United Kingdom,1,0,0,1,1
16429,United Kingdom,106,1,9,284.55,19.950000000000003,2,284.55,United Kingdom,1,-1,0,1,1
16430,United Kingdom,57,1,103,300.85,4.358333333333333,6,300.85,United Kingdom,1,0,0,1,1
16431,United Kingdom,213,3,453,642.81,1.8336144578313254,51,214.26999999999998,United Kingdom,1,0,0,1,1
16432,United Kingdom,64,1,276,287.4,3.1675,8,287.4,United Kingdom,1,0,0,1,1
16433,United Kingdom,28,1,106,184.26,1.906470588235294,17,184.26,United Kingdom,1,0,0,1,1
16434,United Kingdom,29,7,767,1522.25,3.2576146788990825,88,217.46428571428572,United Kingdom,0,0,0,0,0
16438,United Kingdom,6,5,463,798.35,2.194015151515152,74,159.67000000000002,United Kingdom,0,0,0,0,0
16440,United Kingdom,8,5,2018,3640.67,2.2190425531914895,186,728.134,United Kingdom,0,0,0,0,0
16441,United Kingdom,67,2,173,381.2,3.2916666666666665,22,190.6,United Kingdom,1,0,0,1,1
16442,United Kingdom,2,3,446,616.79,2.237528735632184,161,205.59666666666666,United Kingdom,0,0,0,0,0
16444,United Kingdom,46,4,407,654.67,2.3755952380952383,68,163.6675,United Kingdom,0,0,0,0,0
16445,United Kingdom,34,1,111,230.51,2.6320634920634918,62,230.51,United Kingdom,1,0,0,1,1
16446,United Kingdom,1,2,80997,168472.5,1.6600000000000001,3,84236.25,United Kingdom,0,-1,1,0,0
16447,United Kingdom,136,1,223,259.01,2.9544444444444444,34,259.01,United Kingdom,1,0,0,1,1
16448,United Kingdom,198,1,78,188.89000000000001,2.9195,19,188.89000000000001,United Kingdom,1,0,0,1,1
16449,United Kingdom,198,2,367,707.69,3.2979999999999996,40,353.845,United Kingdom,1,0,0,1,1
16450,United Kingdom,150,1,200,311.92,1.4845454545454544,11,311.92,United Kingdom,1,0,0,1,1
16451,United Kingdom,88,1,120,266.97,2.6149999999999998,14,266.97,United Kingdom,1,0,0,1,1
16454,United Kingdom,45,2,3,6.9,1.975,2,3.45,United Kingdom,1,-1,0,1,1
16455,United Kingdom,64,7,988,1841.18,2.1015151515151516,69,263.0257142857143,United Kingdom,0,0,0,0,0
16456,United Kingdom,99,5,1148,2158.37,2.1282882882882883,80,431.674,United Kingdom,0,0,0,0,1
16457,United Kingdom,218,1,140,208.36,2.67,9,208.36,United Kingdom,1,0,0,1,1
16458,United Kingdom,3,18,2154,3482.7400000000002,1.7633663366336634,52,193.48555555555558,United Kingdom,0,0,0,0,0
16460,United Kingdom,28,3,879,814.72,1.6751851851851853,128,271.5733333333333,United Kingdom,0,0,0,0,0
16461,United Kingdom,178,1,49,151.42,4.073939393939394,31,151.42,United Kingdom,1,0,0,1,1
16462,United Kingdom,74,3,16,136.0,8.5,1,45.333333333333336,United Kingdom,1,0,0,1,1
16463,United Kingdom,21,4,1163,1422.4,1.993170731707317,74,355.6,United Kingdom,0,0,0,0,0
16464,United Kingdom,20,3,963,1314.68,2.5087711864406783,152,438.2266666666667,United Kingdom,0,0,0,0,0
16466,United Kingdom,34,7,789,1603.46,2.8899324324324325,103,229.06571428571428,United Kingdom,0,0,0,0,0
16468,United Kingdom,74,1,31,74.9,7.29,2,74.9,United Kingdom,1,0,0,1,1
16469,United Kingdom,24,4,273,650.43,2.9048351648351654,148,162.6075,United Kingdom,0,0,0,0,0
16470,United Kingdom,52,4,531,762.39,1.9055882352941176,120,190.5975,United Kingdom,0,0,0,0,0
16471,United Kingdom,275,1,141,223.95000000000002,2.2961538461538464,13,223.95000000000002,United Kingdom,1,0,0,1,1
16473,United Kingdom,165,3,196,316.11,2.6505555555555556,18,105.37,United Kingdom,1,0,0,1,1
16474,United Kingdom,7,7,943,1871.5,2.199777777777778,237,267.35714285714283,United Kingdom,0,0,0,0,0
16475,United Kingdom,88,4,319,544.3,5.110714285714286,23,136.075,United Kingdom,1,0,0,1,1
16477,United Kingdom,64,7,1415,2494.46,2.32513698630137,111,356.3514285714286,United Kingdom,0,0,0,0,0
16478,United Kingdom,25,3,224,331.0,2.942941176470588,15,110.33333333333333,United Kingdom,1,0,0,1,1
16479,United Kingdom,10,2,102,300.83,3.177142857142857,35,150.415,United Kingdom,1,0,0,1,0
16480,United Kingdom,76,1,455,769.29,3.3305660377358492,51,769.29,United Kingdom,1,0,0,1,1
16482,United Kingdom,16,1,346,220.62,1.3616666666666668,18,220.62,United Kingdom,1,0,0,1,1
16483,United Kingdom,192,1,44,139.35,4.410526315789474,19,139.35,United Kingdom,1,0,0,1,1
16484,United Kingdom,174,2,200,404.3,3.2872000000000003,25,202.15,United Kingdom,1,0,0,1,1
16485,United Kingdom,77,1,235,363.65,3.0811904761904763,41,363.65,United Kingdom,1,0,0,1,1
16488,United Kingdom,33,3,728,498.8,4.441034482758622,28,166.26666666666668,United Kingdom,1,0,0,1,1
16491,United Kingdom,47,1,478,731.5,2.54974358974359,39,731.5,United Kingdom,1,0,0,1,1
16493,United Kingdom,80,4,1164,1351.63,1.8078571428571428,40,337.9075,United Kingdom,0,0,0,0,1
16494,United Kingdom,297,1,675,826.53,1.4991999999999999,47,826.53,United Kingdom,1,0,0,1,1
16495,United Kingdom,3,3,337,684.41,3.218144329896907,78,228.13666666666666,United Kingdom,0,0,0,0,0
16496,United Kingdom,9,3,1111,1599.52,2.8450526315789477,92,533.1733333333333,United Kingdom,0,0,0,0,0
16497,United Kingdom,50,6,1396,2965.69,3.6586029411764707,128,494.2816666666667,United Kingdom,0,0,0,0,0
16498,United Kingdom,161,2,45,100.97,2.3680000000000003,15,50.485,United Kingdom,1,0,0,1,1
16499,United Kingdom,360,2,127,365.45,4.302631578947368,18,182.725,United Kingdom,1,0,0,1,1
16500,United Kingdom,5,6,123,400.86,17.12,8,66.81,United Kingdom,1,-1,0,1,0
16503,United Kingdom,107,4,569,1431.93,4.173571428571428,71,357.9825,United Kingdom,0,0,0,0,1
16504,United Kingdom,25,1,524,484.38,1.2338372093023255,76,484.38,United Kingdom,0,0,0,0,0
16505,United Kingdom,32,1,576,777.6,1.35,4,777.6,United Kingdom,1,0,0,1,1
16506,United Kingdom,20,2,42,90.30000000000001,2.183333333333333,3,45.150000000000006,United Kingdom,1,0,0,1,1
16509,United Kingdom,297,1,64,363.7,7.623076923076923,13,363.7,United Kingdom,1,0,0,1,1
16510,United Kingdom,372,1,92,248.1,5.346153846153846,13,248.1,United Kingdom,1,0,0,1,1
16511,United Kingdom,22,3,417,950.26,3.032721893491124,135,316.75333333333333,United Kingdom,0,0,0,0,0
16513,United Kingdom,5,4,407,874.59,2.5905714285714287,33,218.6475,United Kingdom,0,0,0,0,0
16515,United Kingdom,52,5,833,1627.13,2.5943362831858408,89,325.42600000000004,United Kingdom,0,0,0,0,0
16516,United Kingdom,30,1,58,101.69999999999999,2.1166666666666667,6,101.69999999999999,United Kingdom,1,0,0,1,1
16517,United Kingdom,277,1,96,162.7,2.8852941176470592,17,162.7,United Kingdom,1,0,0,1,1
16518,United Kingdom,61,2,327,484.32,2.3545000000000003,36,242.16,United Kingdom,1,0,0,1,1
16519,United Kingdom,25,2,54,215.07999999999998,6.617692307692308,13,107.53999999999999,United Kingdom,1,0,0,1,1
16520,United Kingdom,186,3,558,1046.57,2.7175641025641024,129,348.8566666666666,United Kingdom,0,0,0,0,1
16523,United Kingdom,2,21,4265,9418.470000000001,3.613206896551724,151,448.4985714285715,United Kingdom,0,0,0,0,0
16525,United Kingdom,2,26,7397,13027.45,3.657595628415301,75,501.0557692307693,United Kingdom,0,0,0,0,0
16526,United Kingdom,172,1,106,290.36,5.615333333333334,15,290.36,United Kingdom,1,0,0,1,1
16527,United Kingdom,81,1,106,228.06,2.922857142857143,14,228.06,United Kingdom,1,0,0,1,1
16528,United Kingdom,4,1,171,244.41,3.2235294117647055,17,244.41,United Kingdom,1,0,0,1,0
16529,United Kingdom,190,1,198,455.25,3.12,30,455.25,United Kingdom,1,0,0,1,1
16531,United Kingdom,22,7,915,1244.59,2.795194805194805,68,177.79857142857142,United Kingdom,0,0,0,0,0
16532,United Kingdom,18,3,2016,6748.8,3.4825,2,2249.6,United Kingdom,0,-1,0,0,0
16533,United Kingdom,19,3,612,1095.56,2.650677966101695,112,365.18666666666667,United Kingdom,0,0,0,0,0
16535,United Kingdom,5,1,356,593.75,3.0245161290322584,31,593.75,United Kingdom,0,0,0,0,0
16536,United Kingdom,110,1,251,548.97,3.6401818181818184,49,548.97,United Kingdom,1,0,0,1,1
16539,United Kingdom,3,4,477,1388.81,3.893333333333333,36,347.2025,United Kingdom,0,0,0,0,0
16542,United Kingdom,54,1,46,119.62,3.0780000000000003,5,119.62,United Kingdom,1,0,0,1,1
16545,United Kingdom,165,1,78,339.3,3.766666666666667,3,339.3,United Kingdom,1,0,0,1,1
16546,United Kingdom,291,2,549,787.15,1.8880000000000001,25,393.575,United Kingdom,1,0,0,1,1
16549,United Kingdom,10,10,2365,4154.64,2.03638124362895,445,415.46400000000006,United Kingdom,0,0,0,0,0
16550,United Kingdom,109,5,1540,2298.97,2.5740637450199206,162,459.794,United Kingdom,0,0,0,0,0
16551,United Kingdom,96,3,970,922.12,1.95125,26,307.37333333333333,United Kingdom,0,0,0,0,1
16552,United Kingdom,243,2,219,379.73,4.11,17,189.865,United Kingdom,1,0,0,1,1
16553,United Kingdom,163,12,4600,5719.82,2.1411904761904763,62,476.65166666666664,United Kingdom,0,0,0,0,0
16554,United Kingdom,42,3,402,837.1,3.4196153846153843,51,279.03333333333336,United Kingdom,0,0,0,0,0
16555,United Kingdom,35,2,175,285.89,2.827058823529412,15,142.945,United Kingdom,1,0,0,1,1
16556,United Kingdom,67,7,1890,3313.79,3.882898550724638,144,473.3985714285714,United Kingdom,0,0,0,0,0
16557,United Kingdom,24,2,111,281.85,6.818181818181818,11,140.925,United Kingdom,1,0,0,1,1
16558,United Kingdom,1,20,5377,8338.49,3.041195652173913,264,416.92449999999997,United Kingdom,0,0,0,0,0
16560,United Kingdom,27,2,500,841.41,3.930535714285714,52,420.705,United Kingdom,0,0,0,0,0
16561,United Kingdom,6,2,244,511.12,2.8583870967741936,29,255.56,United Kingdom,1,0,0,1,0
16563,United Kingdom,54,1,486,1077.74,3.415263157894737,19,1077.74,United Kingdom,1,0,0,1,1
16565,United Kingdom,364,1,46,173.7,5.116666666666667,3,173.7,United Kingdom,1,0,0,1,1
16566,United Kingdom,15,5,362,614.66,2.6955555555555555,14,122.93199999999999,United Kingdom,1,0,0,1,0
16567,United Kingdom,194,2,996,865.6,2.1654285714285715,34,432.8,United Kingdom,1,0,0,1,1
16569,United Kingdom,3,1,93,124.2,2.592,5,124.2,United Kingdom,1,0,0,1,0
16570,United Kingdom,15,10,2112,3738.4,3.17515873015873,68,373.84000000000003,United Kingdom,0,0,0,0,0
16571,United Kingdom,27,3,1239,1421.69,2.0289655172413794,73,473.8966666666667,United Kingdom,0,0,0,0,0
16572,United Kingdom,127,3,532,1009.6,3.7794736842105263,40,336.53333333333336,United Kingdom,1,0,0,1,1
16573,United Kingdom,85,2,360,663.61,3.7616666666666667,40,331.805,United Kingdom,1,0,0,1,1
16574,United Kingdom,71,1,416,451.44,1.4257142857142857,28,451.44,United Kingdom,1,0,0,1,1
16581,United Kingdom,183,1,134,105.84,1.1855555555555555,9,105.84,United Kingdom,1,0,0,1,1
16582,United Kingdom,113,1,164,313.62,1.6216666666666668,6,313.62,United Kingdom,1,0,0,1,1
16583,United Kingdom,374,1,111,233.45,2.564285714285714,14,233.45,United Kingdom,1,0,0,1,1
16584,United Kingdom,80,2,646,936.08,2.709285714285714,25,468.04,United Kingdom,1,0,0,1,1
16586,United Kingdom,249,1,95,463.95,4.68125,8,463.95,United Kingdom,1,0,0,1,1
16587,United Kingdom,232,1,71,225.15,6.707692307692308,13,225.15,United Kingdom,1,0,0,1,1
16589,United Kingdom,71,3,368,459.24,1.8603030303030303,31,153.08,United Kingdom,1,0,0,1,1
16591,United Kingdom,69,1,41,213.5,4.443,10,213.5,United Kingdom,1,0,0,1,1
16592,United Kingdom,4,16,2927,4113.68,2.1810185185185187,142,257.105,United Kingdom,0,0,0,0,0
16593,United Kingdom,51,3,116,330.03,4.8348148148148145,24,110.00999999999999,United Kingdom,1,0,0,1,1
16594,United Kingdom,75,1,64,181.09,3.0179245283018865,53,181.09,United Kingdom,1,0,0,1,1
16595,United Kingdom,61,1,335,360.16,1.7484705882352942,83,360.16,United Kingdom,1,0,0,1,1
16596,United Kingdom,16,2,97,250.15,4.104166666666667,12,125.075,United Kingdom,1,0,0,1,1
16597,United Kingdom,4,1,184,90.04,1.6214285714285714,7,90.04,United Kingdom,1,0,0,1,0
16598,United Kingdom,286,1,73,145.04999999999998,2.56,10,145.04999999999998,United Kingdom,1,0,0,1,1
16600,United Kingdom,4,6,1145,813.52,1.4333870967741935,50,135.58666666666667,United Kingdom,0,0,0,0,0
16601,United Kingdom,41,1,134,244.79999999999998,3.0725806451612905,29,244.79999999999998,United Kingdom,1,0,0,1,1
16602,United Kingdom,36,1,336,528.08,2.5113793103448274,29,528.08,United Kingdom,1,0,0,1,1
16603,United Kingdom,75,2,480,482.47,2.1564705882352944,34,241.235,United Kingdom,1,0,0,1,1
16607,United Kingdom,18,14,2859,3347.71,4.347848837209303,140,239.12214285714285,United Kingdom,0,0,0,0,0
16609,United Kingdom,15,7,2420,5493.46,3.5644202898550725,155,784.78,United Kingdom,0,0,0,0,0
16610,United Kingdom,219,1,66,75.66,1.2966666666666666,6,75.66,United Kingdom,1,0,0,1,1
16611,United Kingdom,186,1,47,129.49,3.7870000000000004,9,129.49,United Kingdom,1,0,0,1,1
16612,United Kingdom,33,4,506,1187.66,3.23469696969697,48,296.915,United Kingdom,0,0,0,0,0
16613,United Kingdom,70,1,293,618.59,2.897,30,618.59,United Kingdom,1,0,0,1,1
16614,United Kingdom,183,1,223,506.19,4.756538461538462,26,506.19,United Kingdom,1,0,0,1,1
16616,United Kingdom,15,2,370,500.42,2.83969696969697,31,250.21,United Kingdom,1,0,0,1,0
16617,United Kingdom,236,1,91,151.85,3.91,5,151.85,United Kingdom,1,0,0,1,1
16618,United Kingdom,31,5,1363,2647.59,3.626041666666667,79,529.518,United Kingdom,0,0,0,0,0
16619,United Kingdom,264,1,133,226.21,2.6757142857142857,14,226.21,United Kingdom,1,0,0,1,1
16620,United Kingdom,4,2,88,178.96,2.9177777777777774,9,89.48,United Kingdom,1,0,0,1,0
16621,United Kingdom,52,4,302,813.48,4.59103448275862,22,203.37,United Kingdom,1,0,0,1,1
16623,United Kingdom,246,1,39,129.45,3.1900000000000004,5,129.45,United Kingdom,1,0,0,1,1
16624,United Kingdom,81,2,488,810.5699999999999,3.07375,44,405.28499999999997,United Kingdom,1,0,0,1,1
16625,United Kingdom,275,1,164,333.08,2.737391304347826,23,333.08,United Kingdom,1,0,0,1,1
16626,United Kingdom,1,17,2690,4413.1,4.136648044692738,86,259.59411764705885,United Kingdom,0,0,0,0,0
16627,United Kingdom,79,1,162,322.8,5.0675,20,322.8,United Kingdom,1,0,0,1,1
16628,United Kingdom,30,5,1205,2188.05,2.440512820512821,79,437.61,United Kingdom,0,0,0,0,0
16629,United Kingdom,74,2,493,417.73,2.45296875,58,208.865,United Kingdom,1,0,0,1,1
16633,United Kingdom,17,6,1138,2883.1,4.659407894736842,115,480.51666666666665,United Kingdom,0,0,0,0,0
16634,United Kingdom,223,2,82,217.9,4.5055555555555555,9,108.95,United Kingdom,1,0,0,1,1
16637,United Kingdom,32,4,927,1154.47,2.7930434782608695,66,288.6175,United Kingdom,0,0,0,0,0
16638,United Kingdom,23,10,1255,1680.72,3.7991489361702127,92,168.072,United Kingdom,0,0,0,0,0
16639,United Kingdom,31,3,510,1257.51,3.3548,48,419.17,United Kingdom,0,0,0,0,0
16641,United Kingdom,106,1,256,231.10000000000002,2.138333333333333,12,231.10000000000002,United Kingdom,1,0,0,1,1
16642,United Kingdom,5,2,479,688.33,3.3020588235294115,32,344.165,United Kingdom,0,0,0,0,0
16643,United Kingdom,246,1,269,487.51,3.635925925925926,27,487.51,United Kingdom,1,0,0,1,1
16644,United Kingdom,178,2,826,833.78,1.5379032258064516,62,416.89,United Kingdom,0,0,0,0,1
16647,United Kingdom,170,2,146,214.06,3.2507142857142854,12,107.03,United Kingdom,1,0,0,1,1
16648,United Kingdom,43,1,281,290.65999999999997,1.2542105263157894,19,290.65999999999997,United Kingdom,1,0,0,1,1
16650,United Kingdom,72,1,372,518.42,2.2529166666666667,24,518.42,United Kingdom,1,0,0,1,1
16652,United Kingdom,59,7,3283,6773.97,3.9659322033898308,74,967.71,United Kingdom,0,0,0,0,0
16653,United Kingdom,16,2,733,1212.66,3.3256521739130434,67,606.33,United Kingdom,0,0,0,0,0
16654,United Kingdom,141,4,282,601.27,4.256206896551724,29,150.3175,United Kingdom,1,0,0,1,1
16655,United Kingdom,18,6,2367,3794.52,2.5755172413793104,208,632.42,United Kingdom,0,0,0,0,0
16656,United Kingdom,22,15,8894,8625.8,2.2016438356164385,14,575.0533333333333,United Kingdom,0,0,0,0,0
16657,United Kingdom,10,4,1229,933.62,1.5751923076923076,158,233.405,United Kingdom,0,0,0,0,0
16658,United Kingdom,368,1,40,123.24,3.02125,8,123.24,United Kingdom,1,0,0,1,1
16659,United Kingdom,189,1,72,39.12,0.62,2,39.12,United Kingdom,1,0,0,1,1
16660,United Kingdom,16,4,571,1267.6499999999999,2.499375,16,316.91249999999997,United Kingdom,0,0,0,0,0
16665,United Kingdom,362,1,59,135.39999999999998,5.388888888888889,9,135.39999999999998,United Kingdom,1,0,0,1,1
16666,United Kingdom,19,1,233,118.98,0.7559375,32,118.98,United Kingdom,1,0,0,1,1
16667,United Kingdom,68,2,237,570.13,3.581509433962264,52,285.065,United Kingdom,1,0,0,1,1
16668,United Kingdom,15,6,318,306.71999999999997,1.283,9,51.12,United Kingdom,1,0,0,1,0
16669,United Kingdom,24,3,888,1374.8700000000001,2.7496875,141,458.29,United Kingdom,0,0,0,0,0
16670,United Kingdom,17,11,2556,4095.9,2.9523809523809526,179,372.3545454545455,United Kingdom,0,0,0,0,0
16671,United Kingdom,28,3,875,1692.27,2.8033333333333332,3,564.09,United Kingdom,0,0,0,0,1
16672,United Kingdom,2,20,2832,8134.9400000000005,3.634912280701754,22,406.747,United Kingdom,0,0,0,0,0
16674,United Kingdom,55,2,188,319.61,2.0144897959183674,89,159.805,United Kingdom,1,0,0,1,1
16676,United Kingdom,34,4,636,1592.1200000000001,4.986741573033708,75,398.03000000000003,United Kingdom,0,0,0,0,0
16678,United Kingdom,3,12,2397,3109.99,1.8485276073619632,92,259.1658333333333,United Kingdom,0,0,0,0,0
16679,United Kingdom,366,1,29,129.75,6.916666666666667,3,129.75,United Kingdom,1,0,0,1,1
16680,United Kingdom,43,1,94,183.7,3.03,10,183.7,United Kingdom,1,0,0,1,1
16681,United Kingdom,73,6,1407,1770.34,1.9406818181818182,18,295.0566666666667,United Kingdom,0,0,0,0,1
16682,United Kingdom,5,5,1040,1028.0,1.7696666666666665,15,205.6,United Kingdom,0,0,0,0,0
16684,United Kingdom,4,28,50255,66653.56,2.4516245487364623,119,2380.4842857142858,United Kingdom,0,-1,0,0,0
16685,United Kingdom,61,2,396,324.24,2.2548387096774194,60,162.12,United Kingdom,1,0,0,1,1
16686,United Kingdom,47,7,2030,3062.83,2.7322051282051283,406,437.54714285714283,United Kingdom,0,0,0,0,0
16688,United Kingdom,1,4,804,1260.86,2.7750000000000004,52,315.215,United Kingdom,0,0,0,0,0
16689,United Kingdom,76,2,330,422.59999999999997,3.5399999999999996,12,211.29999999999998,United Kingdom,1,0,0,1,1
16690,United Kingdom,72,2,138,225.57999999999998,3.486666666666667,10,112.78999999999999,United Kingdom,1,0,0,1,1
16692,United Kingdom,256,2,152,1276.0,55.31666666666666,2,638.0,United Kingdom,1,-1,0,1,1
16693,United Kingdom,69,2,204,482.01,4.349833333333334,58,241.005,United Kingdom,1,0,0,1,1
16696,United Kingdom,135,4,146,657.9000000000001,3.9300000000000006,7,164.47500000000002,United Kingdom,1,0,0,1,1
16697,United Kingdom,241,1,27,112.75,4.640476190476191,20,112.75,United Kingdom,1,0,0,1,1
16698,United Kingdom,227,2,840,1998.0,2.37,4,999.0,United Kingdom,1,0,0,1,1
16700,United Kingdom,9,13,4024,5076.55,2.037077922077922,159,390.50384615384615,United Kingdom,0,0,0,0,0
16701,United Kingdom,9,13,6393,5398.3,2.1824999999999997,99,415.25384615384615,United Kingdom,0,0,0,0,0
16705,United Kingdom,1,20,5476,14034.99,4.505185185185185,133,701.7495,United Kingdom,0,0,0,0,0
16706,United Kingdom,37,3,249,531.35,2.8052032520325203,108,177.11666666666667,United Kingdom,1,0,0,1,0
16708,United Kingdom,46,1,285,656.63,3.3644444444444446,27,656.63,United Kingdom,1,0,0,1,1
16709,United Kingdom,85,5,851,3029.87,5.439240506329114,64,605.9739999999999,United Kingdom,0,0,0,0,0
16710,United Kingdom,19,10,1836,2483.04,2.356865671641791,268,248.304,United Kingdom,0,0,0,0,0
16711,United Kingdom,3,5,833,1651.03,3.4931818181818177,18,330.206,United Kingdom,0,0,0,0,0
16712,United Kingdom,9,11,1749,3645.43,2.9700671140939594,259,331.40272727272725,United Kingdom,0,0,0,0,0
16713,United Kingdom,19,15,4276,6923.13,3.077740384615385,338,461.54200000000003,United Kingdom,0,0,0,0,0
16714,United Kingdom,219,3,610,1161.53,3.536989247311828,77,387.1766666666667,United Kingdom,0,0,0,0,1
16715,United Kingdom,78,1,642,301.71999999999997,0.4531578947368421,19,301.71999999999997,United Kingdom,1,0,0,1,1
16716,United Kingdom,267,2,120,901.2,7.300000000000001,1,450.6,United Kingdom,1,0,0,1,1
16717,United Kingdom,24,6,1866,3858.38,3.5104020100502513,176,643.0633333333334,United Kingdom,0,0,0,0,0
16718,United Kingdom,369,1,413,623.75,2.336888888888889,41,623.75,United Kingdom,1,0,0,1,1
16719,United Kingdom,15,7,1204,1790.42,3.86592039800995,107,255.77428571428572,United Kingdom,0,0,0,0,0
16720,United Kingdom,26,1,182,155.24,2.2966666666666664,25,155.24,United Kingdom,1,0,0,1,1
16721,United Kingdom,262,1,172,292.47,2.363243243243243,37,292.47,United Kingdom,1,0,0,1,1
16722,United Kingdom,17,13,5001,4730.81,1.2201777777777778,96,363.90846153846155,United Kingdom,0,0,0,0,0
16723,United Kingdom,91,2,399,589.15,6.873953488372094,37,294.575,United Kingdom,1,0,0,1,1
16725,United Kingdom,302,7,294,781.02,3.6432450331125827,110,111.57428571428571,United Kingdom,1,0,0,1,1
16726,United Kingdom,26,5,977,1382.02,2.1744324324324324,121,276.404,United Kingdom,0,0,0,0,0
16727,United Kingdom,364,1,177,272.82,1.663695652173913,41,272.82,United Kingdom,1,0,0,1,1
16728,United Kingdom,46,4,677,1054.67,2.304646840148699,218,263.6675,United Kingdom,0,0,0,0,0
16729,United Kingdom,38,21,5783,7239.92,2.134439393939394,234,344.7580952380952,United Kingdom,0,0,0,0,0
16730,United Kingdom,52,3,994,743.11,1.4010975609756098,75,247.70333333333335,United Kingdom,0,0,0,0,0
16732,United Kingdom,32,1,317,603.75,3.3810714285714285,28,603.75,United Kingdom,1,0,0,1,1
16734,United Kingdom,52,3,346,650.51,3.5356603773584903,44,216.83666666666667,United Kingdom,1,0,0,1,1
16735,United Kingdom,79,5,1573,2300.56,2.52744,88,460.11199999999997,United Kingdom,0,0,0,0,0
16737,United Kingdom,53,1,288,417.59999999999997,1.45,1,417.59999999999997,United Kingdom,1,0,0,1,1
16738,United Kingdom,298,1,3,3.75,1.25,1,3.75,United Kingdom,1,-1,0,1,1
16739,United Kingdom,177,1,172,323.0,2.9038461538461537,13,323.0,United Kingdom,1,0,0,1,1
16742,United Kingdom,47,1,1,464.9,464.9,1,464.9,United Kingdom,1,-1,0,1,1
16743,United Kingdom,29,7,2047,2238.09,1.4706282722513089,89,319.7271428571429,United Kingdom,0,0,0,0,0
16744,United Kingdom,11,7,805,1304.76,2.498595041322314,198,186.3942857142857,United Kingdom,0,0,0,0,0
16745,United Kingdom,87,17,6735,7194.3,1.922408963585434,148,423.1941176470588,United Kingdom,0,0,0,0,0
16746,United Kingdom,5,18,4665,6697.66,2.782026726057907,234,372.09222222222223,United Kingdom,0,0,0,0,0
16747,United Kingdom,38,2,583,836.06,2.828095238095238,34,418.03,United Kingdom,0,0,0,0,1
16748,United Kingdom,18,5,880,1515.9,1.7210144927536233,42,303.18,United Kingdom,0,0,0,0,0
16750,United Kingdom,45,5,214,623.93,3.8141052631578947,74,124.78599999999999,United Kingdom,1,0,0,1,0
16751,United Kingdom,31,1,1031,1764.72,1.4,24,1764.72,United Kingdom,0,0,0,0,0
16752,United Kingdom,373,1,54,207.5,13.594444444444443,9,207.5,United Kingdom,1,0,0,1,1
16753,United Kingdom,58,1,189,223.92000000000002,2.1223529411764703,34,223.92000000000002,United Kingdom,1,0,0,1,1
16754,United Kingdom,372,1,4280,2002.4,0.62,2,2002.4,United Kingdom,1,-1,0,1,1
16755,United Kingdom,114,3,1064,1496.83,2.7503529411764704,133,498.9433333333333,United Kingdom,0,0,0,0,1
16756,United Kingdom,215,1,106,239.4,3.6584615384615384,13,239.4,United Kingdom,1,0,0,1,1
16757,United Kingdom,319,1,81,106.83000000000001,1.3628571428571428,7,106.83000000000001,United Kingdom,1,0,0,1,1
16758,United Kingdom,65,1,203,369.34000000000003,4.041363636363636,22,369.34000000000003,United Kingdom,1,0,0,1,1
16759,United Kingdom,8,3,609,789.79,2.9404761904761907,40,263.2633333333333,United Kingdom,0,0,0,0,0
16761,United Kingdom,97,1,341,316.62,1.196923076923077,13,316.62,United Kingdom,1,0,0,1,1
16762,United Kingdom,20,3,618,1501.38,3.2635955056179773,51,500.46000000000004,United Kingdom,0,0,0,0,0
16763,United Kingdom,199,1,319,611.85,4.6673913043478255,23,611.85,United Kingdom,1,0,0,1,1
16764,United Kingdom,4,13,1259,2799.25,2.3620679886685556,209,215.32692307692307,United Kingdom,0,0,0,0,0
16765,United Kingdom,294,1,4,34.0,8.5,1,34.0,United Kingdom,1,0,0,1,1
16766,United Kingdom,273,2,536,1145.6,2.835294117647059,17,572.8,United Kingdom,1,0,0,1,1
16767,United Kingdom,31,11,4435,5580.6,1.6122972972972973,148,507.32727272727277,United Kingdom,0,0,0,0,0
16768,United Kingdom,48,3,196,478.09000000000003,4.027962962962963,47,159.36333333333334,United Kingdom,1,0,0,1,1
16769,United Kingdom,260,1,83,380.39,4.69375,33,380.39,United Kingdom,1,0,0,1,1
16770,United Kingdom,58,5,464,770.1,2.2877241379310345,116,154.02,United Kingdom,0,0,0,0,0
16771,United Kingdom,33,5,1489,2246.81,2.856039215686274,200,449.36199999999997,United Kingdom,0,0,0,0,0
16773,United Kingdom,57,1,171,171.59,2.77,23,171.59,United Kingdom,1,0,0,1,1
16774,United Kingdom,68,4,322,661.52,2.4722916666666666,36,165.38,United Kingdom,1,0,0,1,1
16775,United Kingdom,10,11,440,1695.66,4.644873417721519,84,154.1509090909091,United Kingdom,0,0,0,0,0
16776,United Kingdom,60,1,262,388.28,1.9368421052631577,61,388.28,United Kingdom,1,0,0,1,1
16777,United Kingdom,80,2,64,226.35,3.6038,45,113.175,United Kingdom,1,0,0,1,1
16778,United Kingdom,74,2,194,245.94,2.365,16,122.97,United Kingdom,1,0,0,1,1
16779,United Kingdom,2,22,5325,10629.720000000001,2.3734234234234233,161,483.169090909091,United Kingdom,0,0,0,0,0
16780,United Kingdom,100,2,271,425.19,2.5930000000000004,51,212.595,United Kingdom,1,0,0,1,1
16781,United Kingdom,372,1,113,311.25,5.008823529411765,17,311.25,United Kingdom,1,0,0,1,1
16782,United Kingdom,10,13,712,2279.9,3.6426315789473684,103,175.37692307692308,United Kingdom,0,0,0,0,0
16784,United Kingdom,20,1,24,107.6,4.483333333333333,3,107.6,United Kingdom,1,0,0,1,1
16788,United Kingdom,123,2,311,597.48,2.313870967741935,138,298.74,United Kingdom,1,0,0,1,1
16789,United Kingdom,8,1,32,80.8,2.8899999999999997,5,80.8,United Kingdom,1,0,0,1,1
16790,United Kingdom,4,6,898,1545.6200000000001,2.3633333333333333,88,257.60333333333335,United Kingdom,0,0,0,0,0
16791,United Kingdom,29,7,763,1721.78,2.92228125,218,245.96857142857144,United Kingdom,0,0,0,0,0
16792,United Kingdom,282,2,44,110.38000000000001,4.001666666666666,11,55.190000000000005,United Kingdom,1,0,0,1,1
16793,United Kingdom,57,1,146,243.84,2.426875,16,243.84,United Kingdom,1,0,0,1,1
16794,United Kingdom,1,10,937,1222.71,1.771719298245614,142,122.271,United Kingdom,0,0,0,0,0
16795,United Kingdom,365,1,239,414.88,2.2053030303030305,64,414.88,United Kingdom,1,0,0,1,1
16796,United Kingdom,89,1,186,305.62,1.7455555555555555,18,305.62,United Kingdom,1,0,0,1,1
16800,United Kingdom,11,1,540,1201.49,3.6933536585365854,148,1201.49,United Kingdom,0,0,0,0,0
16801,United Kingdom,163,4,499,1619.73,5.979210526315789,72,404.9325,United Kingdom,0,0,0,0,1
16803,United Kingdom,65,1,245,332.3,2.1033333333333335,24,332.3,United Kingdom,1,0,0,1,1
16804,United Kingdom,23,3,246,536.99,3.2141666666666664,59,178.99666666666667,United Kingdom,1,0,0,1,0
16805,United Kingdom,174,2,539,460.59,1.7842857142857145,94,230.295,United Kingdom,1,0,0,1,1
16806,United Kingdom,103,4,378,801.49,2.8590291262135925,68,200.3725,United Kingdom,1,0,0,1,1
16807,United Kingdom,143,3,778,1121.59,2.5701492537313433,57,373.8633333333333,United Kingdom,0,0,0,0,1
16808,United Kingdom,99,2,196,288.42,2.332173913043478,21,144.21,United Kingdom,1,0,0,1,1
16809,United Kingdom,23,5,652,914.69,1.5418120805369127,79,182.93800000000002,United Kingdom,0,0,0,0,0
16810,United Kingdom,192,1,114,309.54,3.5353333333333334,15,309.54,United Kingdom,1,0,0,1,1
16811,United Kingdom,5,2,477,547.07,2.3685714285714283,26,273.535,United Kingdom,0,0,0,0,0
16812,United Kingdom,361,1,81,479.35,5.533333333333333,15,479.35,United Kingdom,1,0,0,1,1
16813,United Kingdom,8,10,1525,1692.98,1.750445434298441,248,169.298,United Kingdom,0,0,0,0,0
16814,United Kingdom,14,21,2769,6509.1,3.2728703703703705,122,309.95714285714286,United Kingdom,0,0,0,0,0
16816,United Kingdom,103,4,274,417.06,2.2528571428571427,28,104.265,United Kingdom,1,0,0,1,1
16817,United Kingdom,3,9,822,1604.75,3.5644186046511632,73,178.30555555555554,United Kingdom,0,0,0,0,0
16818,United Kingdom,11,11,2164,3349.57,2.5258510638297875,172,304.50636363636363,United Kingdom,0,0,0,0,0
16820,United Kingdom,96,1,307,497.61,3.7388461538461537,26,497.61,United Kingdom,1,0,0,1,1
16823,United Kingdom,227,1,136,358.38,3.273157894736842,34,358.38,United Kingdom,1,0,0,1,1
16824,United Kingdom,16,2,236,460.64,3.383076923076923,23,230.32,United Kingdom,1,0,0,1,0
16825,United Kingdom,39,2,566,775.1800000000001,3.3082142857142856,27,387.59000000000003,United Kingdom,1,0,0,1,1
16826,United Kingdom,51,1,158,341.7,3.985,22,341.7,United Kingdom,1,0,0,1,1
16828,United Kingdom,93,2,59,128.5,3.75,8,64.25,United Kingdom,1,0,0,1,1
16829,United Kingdom,157,1,99,197.22,3.019090909090909,11,197.22,United Kingdom,1,0,0,1,1
16830,United Kingdom,39,1,264,325.91,2.13,23,325.91,United Kingdom,1,0,0,1,1
16832,United Kingdom,184,3,33,199.15,8.083333333333334,11,66.38333333333334,United Kingdom,1,0,0,1,1
16833,United Kingdom,1,4,440,1106.53,3.1982978723404254,46,276.6325,United Kingdom,0,0,0,0,0
16834,United Kingdom,228,1,358,413.46,1.5062499999999999,24,413.46,United Kingdom,1,0,0,1,1
16835,United Kingdom,128,2,61,180.85,4.297,10,90.425,United Kingdom,1,0,0,1,1
16836,United Kingdom,40,2,165,251.87,2.174545454545455,11,125.935,United Kingdom,1,0,0,1,1
16837,United Kingdom,31,11,1563,3170.98,4.203090909090909,123,288.2709090909091,United Kingdom,0,0,0,0,0
16838,United Kingdom,197,2,185,588.85,11.256799999999998,24,294.425,United Kingdom,1,0,0,1,1
16839,United Kingdom,9,34,8975,16594.35,2.9833082706766914,114,488.06911764705876,United Kingdom,0,0,0,0,0
16841,United Kingdom,37,6,2250,1869.82,1.2737931034482757,101,311.63666666666666,United Kingdom,0,0,0,0,0
16842,United Kingdom,101,3,693,1264.19,3.161111111111111,45,421.3966666666667,United Kingdom,0,0,0,0,1
16843,United Kingdom,43,16,10159,10196.57,1.8746825396825397,226,637.285625,United Kingdom,0,0,0,0,0
16846,United Kingdom,50,1,135,214.32,2.661818181818182,11,214.32,United Kingdom,1,0,0,1,1
16847,United Kingdom,43,1,78,193.44,3.3074999999999997,12,193.44,United Kingdom,1,0,0,1,1
16848,United Kingdom,53,1,182,281.42,1.7100000000000002,14,281.42,United Kingdom,1,0,0,1,1
16849,United Kingdom,187,1,33,124.57,5.1049999999999995,8,124.57,United Kingdom,1,0,0,1,1
16850,United Kingdom,334,1,249,332.41,2.1210526315789475,19,332.41,United Kingdom,1,0,0,1,1
16851,United Kingdom,4,3,271,342.45,1.9634999999999998,17,114.14999999999999,United Kingdom,1,0,0,1,0
16852,United Kingdom,10,2,56,144.91000000000003,8.315555555555555,9,72.45500000000001,United Kingdom,1,0,0,1,1
16855,United Kingdom,24,2,164,328.4,3.7394736842105263,19,164.2,United Kingdom,1,0,0,1,1
16856,United Kingdom,15,1,12,35.400000000000006,2.95,2,35.400000000000006,United Kingdom,1,0,0,1,1
16858,United Kingdom,369,1,91,375.69000000000005,5.349,9,375.69000000000005,United Kingdom,1,0,0,1,1
16859,United Kingdom,145,2,827,747.81,2.820576923076923,50,373.905,United Kingdom,1,0,0,1,1
16861,United Kingdom,60,2,140,173.76,1.8950000000000002,6,86.88,United Kingdom,1,0,0,1,1
16863,United Kingdom,31,2,409,502.8,1.68,25,251.4,United Kingdom,1,0,0,1,1
16866,United Kingdom,141,3,60,207.73999999999998,3.808181818181818,10,69.24666666666666,United Kingdom,1,0,0,1,1
16869,United Kingdom,23,4,585,825.42,2.29875,113,206.355,United Kingdom,0,0,0,0,0
16871,United Kingdom,22,6,1253,2812.34,3.4572992700729923,131,468.72333333333336,United Kingdom,0,0,0,0,0
16872,United Kingdom,77,3,600,680.02,9.68142857142857,5,226.67333333333332,United Kingdom,1,0,0,1,1
16873,United Kingdom,5,6,3840,7123.62,3.503727598566308,179,1187.27,United Kingdom,0,0,0,0,0
16875,United Kingdom,67,5,1069,2095.53,3.585267857142857,93,419.10600000000005,United Kingdom,0,0,0,0,0
16877,United Kingdom,12,6,463,853.72,2.525786163522013,111,142.28666666666666,United Kingdom,0,0,0,0,0
16878,United Kingdom,84,1,12,13.3,1.5833333333333333,3,13.3,United Kingdom,1,-1,0,1,1
16880,United Kingdom,31,7,753,1519.08,3.7406179775280903,121,217.01142857142855,United Kingdom,0,0,0,0,0
16881,United Kingdom,67,1,600,432.0,0.72,1,432.0,United Kingdom,1,0,0,1,1
16882,United Kingdom,67,3,424,705.12,2.767179487179487,39,235.04,United Kingdom,1,0,0,1,1
16883,United Kingdom,187,2,104,276.73,3.683947368421053,33,138.365,United Kingdom,1,0,0,1,1
16884,United Kingdom,38,2,320,429.84000000000003,1.9965384615384614,26,214.92000000000002,United Kingdom,1,0,0,1,1
16885,United Kingdom,15,3,184,471.51,3.452673267326733,82,157.17,United Kingdom,1,0,0,1,0
16887,United Kingdom,35,1,157,194.88,1.9683783783783784,35,194.88,United Kingdom,1,0,0,1,1
16889,United Kingdom,195,3,925,1578.67,3.099037037037037,112,526.2233333333334,United Kingdom,0,0,0,0,1
16891,United Kingdom,2,5,283,809.7,3.1253201970443354,166,161.94,United Kingdom,0,0,0,0,0
16892,United Kingdom,1,5,239,525.54,3.2438383838383835,87,105.10799999999999,United Kingdom,0,0,0,0,0
16893,United Kingdom,367,1,62,145.93,2.5971111111111114,44,145.93,United Kingdom,1,0,0,1,1
16895,United Kingdom,65,1,102,219.14,2.430869565217391,57,219.14,United Kingdom,1,0,0,1,1
16897,United Kingdom,299,2,73,289.78,5.09972972972973,37,144.89,United Kingdom,1,0,0,1,1
16898,United Kingdom,26,3,419,508.81,2.055740740740741,150,169.60333333333332,United Kingdom,0,0,0,0,0
16899,United Kingdom,8,6,522,1281.56,3.38856,80,213.59333333333333,United Kingdom,0,0,0,0,0
16900,United Kingdom,17,3,833,887.11,2.1250632911392406,78,295.7033333333333,United Kingdom,0,0,0,0,0
16902,United Kingdom,116,1,629,1706.88,3.8652272727272727,43,1706.88,United Kingdom,0,0,0,0,1
16903,United Kingdom,29,1,262,373.24,2.3445000000000005,50,373.24,United Kingdom,1,0,0,1,1
16904,United Kingdom,4,16,2034,3754.27,2.7468450704225353,387,234.641875,United Kingdom,0,0,0,0,0
16905,United Kingdom,5,7,1408,3102.43,3.5751442307692307,117,443.2042857142857,United Kingdom,0,0,0,0,0
16906,United Kingdom,82,4,281,579.77,3.269462365591398,74,144.9425,United Kingdom,1,0,0,1,1
16907,United Kingdom,29,5,298,981.65,3.786622516556291,89,196.32999999999998,United Kingdom,0,0,0,0,0
16909,United Kingdom,72,1,436,379.14,3.238888888888889,18,379.14,United Kingdom,1,0,0,1,1
16910,United Kingdom,4,8,886,1510.06,2.173400365630713,318,188.7575,United Kingdom,0,0,0,0,0
16912,United Kingdom,29,11,1029,2575.38,4.062871287128713,88,234.12545454545455,United Kingdom,0,0,0,0,0
16913,United Kingdom,290,1,82,113.44,2.07125,8,113.44,United Kingdom,1,0,0,1,1
16914,United Kingdom,36,1,121,208.46,2.649736842105263,25,208.46,United Kingdom,1,0,0,1,1
16915,United Kingdom,9,6,132,621.6800000000001,5.300175438596492,46,103.61333333333334,United Kingdom,1,0,0,1,0
16916,United Kingdom,24,2,440,576.26,2.22041958041958,129,288.13,United Kingdom,0,0,0,0,0
16917,United Kingdom,277,1,232,391.52,3.873333333333333,9,391.52,United Kingdom,1,0,0,1,1
16918,United Kingdom,50,6,721,1068.82,2.080625,97,178.13666666666666,United Kingdom,0,0,0,0,0
16919,United Kingdom,156,11,1413,2596.45,2.794954128440367,141,236.04090909090908,United Kingdom,0,0,0,0,0
16921,United Kingdom,61,1,171,169.79,1.5675,50,169.79,United Kingdom,1,0,0,1,1
16923,United Kingdom,12,19,3417,7247.61,3.108511904761905,313,381.4531578947368,United Kingdom,0,0,0,0,0
16924,United Kingdom,21,3,493,846.75,2.6796385542168673,69,282.25,United Kingdom,0,0,0,0,0
16926,United Kingdom,371,1,35,230.25,6.978571428571429,14,230.25,United Kingdom,1,0,0,1,1
16927,United Kingdom,116,3,993,543.05,2.9066666666666667,5,181.01666666666665,United Kingdom,1,0,0,1,1
16928,United Kingdom,80,17,2114,2847.6,1.8953588516746411,69,167.50588235294117,United Kingdom,0,0,0,0,0
16929,United Kingdom,4,7,929,1295.39,2.0796103896103895,51,185.0557142857143,United Kingdom,0,0,0,0,0
16930,United Kingdom,26,3,341,380.55,1.6248148148148147,47,126.85000000000001,United Kingdom,1,0,0,1,0
16931,United Kingdom,5,21,3158,4604.22,2.0643652561247214,448,219.24857142857144,United Kingdom,0,0,0,0,0
16932,United Kingdom,53,1,87,161.94,2.1841509433962267,44,161.94,United Kingdom,1,0,0,1,1
16933,United Kingdom,1,2,288,563.23,2.8868181818181817,42,281.615,United Kingdom,0,0,0,0,0
16934,United Kingdom,55,2,399,950.9300000000001,4.025645161290322,59,475.46500000000003,United Kingdom,0,0,0,0,1
16936,United Kingdom,26,1,173,262.68,1.87,56,262.68,United Kingdom,1,0,0,1,1
16938,United Kingdom,9,4,2540,2736.38,2.8477593360995854,212,684.095,United Kingdom,0,0,0,0,0
16940,United Kingdom,52,3,2169,3049.88,2.0787868852459015,226,1016.6266666666667,United Kingdom,0,0,0,0,0
16942,United Kingdom,13,9,811,1920.59,2.976725978647687,159,213.39888888888888,United Kingdom,0,0,0,0,0
16943,United Kingdom,212,3,145,816.73,6.822424242424242,23,272.24333333333334,United Kingdom,1,0,0,1,1
16945,United Kingdom,22,19,2725,4345.5,2.2293172690763052,137,228.71052631578948,United Kingdom,0,0,0,0,0
16947,United Kingdom,236,1,312,406.48,2.610952380952381,21,406.48,United Kingdom,1,0,0,1,1
16948,United Kingdom,139,3,1614,435.02,1.1131578947368421,15,145.00666666666666,United Kingdom,1,0,0,1,1
16949,United Kingdom,4,6,791,1286.27,6.3966666666666665,57,214.37833333333333,United Kingdom,0,0,0,0,0
16950,United Kingdom,57,3,644,1178.56,3.0883333333333334,39,392.8533333333333,United Kingdom,0,0,0,0,1
16951,United Kingdom,135,3,1318,1277.75,1.4517441860465115,73,425.9166666666667,United Kingdom,0,0,0,0,1
16952,United Kingdom,109,2,92,167.61,5.236875,16,83.805,United Kingdom,1,0,0,1,1
16953,United Kingdom,30,1,10,20.8,2.08,1,20.8,United Kingdom,1,0,0,1,1
16954,United Kingdom,1,9,1054,2085.08,3.3449999999999998,40,231.67555555555555,United Kingdom,0,0,0,0,0
16955,United Kingdom,185,4,266,518.67,4.1983999999999995,18,129.6675,United Kingdom,1,0,0,1,1
16956,United Kingdom,18,1,114,308.74,4.229375,16,308.74,United Kingdom,1,0,0,1,1
16957,United Kingdom,239,2,172,416.64,3.329375,15,208.32,United Kingdom,1,0,0,1,1
16959,United Kingdom,87,1,49,117.35000000000001,3.007142857142857,7,117.35000000000001,United Kingdom,1,0,0,1,1
16960,United Kingdom,39,3,304,507.05,2.0174257425742574,92,169.01666666666668,United Kingdom,1,0,0,1,0
16961,United Kingdom,116,1,125,234.17,2.674285714285714,14,234.17,United Kingdom,1,0,0,1,1
16963,United Kingdom,187,1,35,110.55000000000001,3.342857142857143,7,110.55000000000001,United Kingdom,1,0,0,1,1
16965,United Kingdom,227,1,291,201.19,2.335769230769231,26,201.19,United Kingdom,1,0,0,1,1
16966,United Kingdom,8,7,1981,2154.97,1.2935714285714286,8,307.8528571428571,United Kingdom,0,0,0,0,0
16967,United Kingdom,189,1,333,319.02,1.1404761904761904,21,319.02,United Kingdom,1,0,0,1,1
16968,United Kingdom,4,2,326,439.43,2.803548387096774,31,219.715,United Kingdom,1,0,0,1,0
16969,United Kingdom,39,3,816,650.41,2.382142857142857,42,216.8033333333333,United Kingdom,0,0,0,0,0
16971,United Kingdom,38,1,72,357.21,7.760731707317073,40,357.21,United Kingdom,1,0,0,1,1
16976,United Kingdom,267,1,88,251.51999999999998,6.005,2,251.51999999999998,United Kingdom,1,0,0,1,1
16978,United Kingdom,78,1,166,344.33,2.944871794871795,39,344.33,United Kingdom,1,0,0,1,1
16979,United Kingdom,4,6,865,1852.0,3.4710112359550562,64,308.6666666666667,United Kingdom,0,0,0,0,0
16980,United Kingdom,255,2,788,1078.96,2.3197701149425285,71,539.48,United Kingdom,0,0,0,0,1
16982,United Kingdom,61,1,182,384.06,2.453181818181818,22,384.06,United Kingdom,1,0,0,1,1
16983,United Kingdom,13,7,1379,1931.25,2.3687837837837837,112,275.89285714285717,United Kingdom,0,0,0,0,0
16984,United Kingdom,88,2,2423,4481.35,3.5025307125307124,354,2240.675,United Kingdom,0,0,0,0,0
16985,United Kingdom,17,10,1832,5464.12,4.208,62,546.412,United Kingdom,0,0,0,0,0
16986,United Kingdom,30,2,1040,1873.2,1.9833333333333334,3,936.6,United Kingdom,0,0,0,0,1
16987,United Kingdom,3,7,402,1625.05,4.745038759689923,74,232.15,United Kingdom,0,0,0,0,0
16988,United Kingdom,5,1,43,126.12,5.977142857142858,7,126.12,United Kingdom,1,0,0,1,0
16989,United Kingdom,7,6,1233,1133.25,1.5,7,188.875,United Kingdom,0,0,0,0,0
16990,United Kingdom,219,1,100,179.0,1.79,1,179.0,United Kingdom,1,0,0,1,1
16992,United Kingdom,11,5,860,1614.31,3.8163440860215054,84,322.86199999999997,United Kingdom,0,0,0,0,0
16996,United Kingdom,30,6,544,1456.96,2.984054054054054,13,242.82666666666668,United Kingdom,0,0,0,0,0
16997,United Kingdom,288,3,360,702.0,1.95,7,234.0,United Kingdom,1,0,0,1,1
16998,United Kingdom,150,4,76,295.0,3.85,1,73.75,United Kingdom,1,0,0,1,1
16999,United Kingdom,23,2,294,484.82,2.427391304347826,21,242.41,United Kingdom,1,0,0,1,1
17001,United Kingdom,1,11,2164,3989.57,3.05698224852071,75,362.6881818181818,United Kingdom,0,0,0,0,0
17002,United Kingdom,86,3,679,1493.73,3.438775510204082,41,497.91,United Kingdom,0,0,0,0,1
17004,United Kingdom,46,2,819,1412.94,2.652727272727273,38,706.47,United Kingdom,0,0,0,0,1
17006,United Kingdom,5,4,272,781.78,3.7497727272727275,37,195.445,United Kingdom,0,0,0,0,0
17007,United Kingdom,51,6,597,889.9300000000001,3.3242307692307693,50,148.3216666666667,United Kingdom,0,0,0,0,0
17010,United Kingdom,18,1,118,195.36,2.5500000000000003,11,195.36,United Kingdom,1,0,0,1,1
17011,United Kingdom,30,1,186,270.9,1.79,15,270.9,United Kingdom,1,0,0,1,1
17014,United Kingdom,8,3,245,586.33,2.9335135135135135,63,195.44333333333336,United Kingdom,0,0,0,0,0
17015,United Kingdom,29,3,1981,1842.56,1.417142857142857,182,614.1866666666666,United Kingdom,0,0,0,0,0
17017,United Kingdom,3,20,6673,8694.26,1.6860714285714284,88,434.713,United Kingdom,0,0,0,0,0
17018,United Kingdom,41,2,176,920.1,6.223125,15,460.05,United Kingdom,1,0,0,1,1
17019,United Kingdom,11,4,827,1272.61,2.1226495726495727,166,318.1525,United Kingdom,0,0,0,0,0
17022,United Kingdom,31,1,108,71.0,0.9585714285714285,7,71.0,United Kingdom,1,0,0,1,1
17024,United Kingdom,45,3,69,95.85,1.3833333333333335,2,31.95,United Kingdom,1,0,0,1,1
17025,United Kingdom,61,3,235,357.77,2.006666666666667,8,119.25666666666666,United Kingdom,1,0,0,1,1
17026,United Kingdom,185,2,97,154.82999999999998,4.035,4,77.41499999999999,United Kingdom,1,0,0,1,1
17027,United Kingdom,79,6,421,890.29,2.642156862745098,110,148.38166666666666,United Kingdom,0,0,0,0,0
17029,United Kingdom,111,2,400,716.0,1.79,1,358.0,United Kingdom,1,0,0,1,1
17030,United Kingdom,64,1,146,146.87,2.661818181818182,11,146.87,United Kingdom,1,0,0,1,1
17031,United Kingdom,12,2,235,380.35,1.606818181818182,19,190.175,United Kingdom,1,0,0,1,0
17033,United Kingdom,86,3,750,1030.14,2.2567857142857144,24,343.38000000000005,United Kingdom,1,0,0,1,1
17034,United Kingdom,16,3,410,745.52,3.3606666666666665,28,248.50666666666666,United Kingdom,1,0,0,1,0
17035,United Kingdom,246,2,229,433.53000000000003,3.3057142857142856,27,216.76500000000001,United Kingdom,1,0,0,1,1
17037,United Kingdom,88,1,656,1267.32,2.7634666666666665,75,1267.32,United Kingdom,0,0,0,0,1
17038,United Kingdom,30,1,28,112.4,4.440909090909091,22,112.4,United Kingdom,1,0,0,1,1
17040,United Kingdom,138,1,181,449.73,3.3006666666666664,15,449.73,United Kingdom,1,0,0,1,1
17041,United Kingdom,27,3,951,1081.57,1.929142857142857,59,360.5233333333333,United Kingdom,0,0,0,0,0
17042,United Kingdom,3,5,994,1044.3799999999999,1.8227551020408164,74,208.87599999999998,United Kingdom,0,0,0,0,0
17043,United Kingdom,32,4,998,1735.18,3.143627450980392,100,433.795,United Kingdom,0,0,0,0,0
17044,United Kingdom,25,1,504,948.48,2.236666666666667,6,948.48,United Kingdom,1,0,0,1,1
17045,United Kingdom,113,3,106,339.44,4.968181818181819,20,113.14666666666666,United Kingdom,1,0,0,1,1
17046,United Kingdom,157,1,510,642.02,2.169090909090909,22,642.02,United Kingdom,1,0,0,1,1
17047,United Kingdom,85,3,533,1100.9,3.536923076923077,59,366.9666666666667,United Kingdom,0,0,0,0,1
17048,United Kingdom,118,3,485,925.35,3.7065116279069765,41,308.45,United Kingdom,1,0,0,1,1
17049,United Kingdom,3,9,2676,5659.9800000000005,3.9271069182389935,201,628.8866666666668,United Kingdom,0,0,0,0,0
17050,United Kingdom,96,6,1614,3228.84,2.778924050632911,169,538.14,United Kingdom,0,0,0,0,0
17051,United Kingdom,194,1,184,247.14000000000001,1.8213953488372092,40,247.14000000000001,United Kingdom,1,0,0,1,1
17052,United Kingdom,28,1,261,413.75,1.8638043478260868,72,413.75,United Kingdom,1,0,0,1,1
17053,United Kingdom,131,1,122,498.48,4.499230769230769,13,498.48,United Kingdom,1,0,0,1,1
17054,United Kingdom,28,5,804,1356.33,4.77144578313253,64,271.26599999999996,United Kingdom,0,0,0,0,0
17058,United Kingdom,82,3,592,1179.89,3.765322580645161,51,393.2966666666667,United Kingdom,0,0,0,0,1
17059,United Kingdom,30,5,1855,3095.04,2.6577325581395352,292,619.008,United Kingdom,0,0,0,0,0
17060,United Kingdom,266,1,216,234.24,1.7719999999999998,5,234.24,United Kingdom,1,0,0,1,1
17061,United Kingdom,74,11,1526,5232.2300000000005,5.0870707070707075,57,475.65727272727275,United Kingdom,0,0,0,0,0
17062,United Kingdom,314,4,430,538.37,2.162,52,134.5925,United Kingdom,1,0,0,1,1
17063,United Kingdom,21,7,770,1461.14,2.656025641025641,66,208.73428571428573,United Kingdom,0,0,0,0,0
17064,United Kingdom,59,3,318,859.35,3.687741935483871,53,286.45,United Kingdom,1,0,0,1,1
17068,United Kingdom,12,21,2164,4552.14,2.5016554054054057,116,216.76857142857145,United Kingdom,0,0,0,0,0
17069,United Kingdom,28,9,1506,2709.7000000000003,2.8552447552447555,111,301.0777777777778,United Kingdom,0,0,0,0,0
17070,United Kingdom,114,1,133,312.14,2.5853125,62,312.14,United Kingdom,1,0,0,1,1
17071,United Kingdom,28,9,1197,2429.03,3.376714285714286,102,269.89222222222224,United Kingdom,0,0,0,0,0
17073,United Kingdom,18,4,759,1446.09,3.1235632183908044,142,361.5225,United Kingdom,0,0,0,0,0
17075,United Kingdom,18,4,292,834.12,3.8464935064935064,62,208.53,United Kingdom,0,0,0,0,0
17076,United Kingdom,36,3,295,841.0799999999999,5.8696,17,280.35999999999996,United Kingdom,1,0,0,1,1
17078,United Kingdom,36,2,788,378.2,0.6025,28,189.1,United Kingdom,1,0,0,1,1
17079,United Kingdom,78,1,24,118.80000000000001,4.95,2,118.80000000000001,United Kingdom,1,0,0,1,1
17080,United Kingdom,22,2,166,287.62,3.76375,8,143.81,United Kingdom,1,0,0,1,1
17081,United Kingdom,25,2,78,290.16,3.7953125,55,145.08,United Kingdom,1,0,0,1,1
17082,United Kingdom,33,2,1049,2003.85,4.224567901234568,75,1001.925,United Kingdom,0,0,0,0,0
17083,United Kingdom,109,3,772,1405.78,2.0717307692307694,24,468.5933333333333,United Kingdom,0,0,0,0,1
17084,United Kingdom,35,2,1816,2949.75,2.892283950617284,146,1474.875,United Kingdom,0,0,0,0,0
17085,United Kingdom,123,5,786,1566.65,2.732192513368984,115,313.33000000000004,United Kingdom,0,0,0,0,1
17086,United Kingdom,7,6,1859,2050.08,2.1609374999999997,76,341.68,United Kingdom,0,0,0,0,0
17088,United Kingdom,28,4,868,1991.01,3.8090434782608695,96,497.7525,United Kingdom,0,0,0,0,0
17090,United Kingdom,4,7,921,2043.95,2.742063492063492,45,291.99285714285713,United Kingdom,0,0,0,0,0
17091,United Kingdom,3,9,1746,3827.76,3.139846153846154,119,425.3066666666667,United Kingdom,0,0,0,0,0
17092,United Kingdom,50,4,1131,1777.78,2.2588000000000004,99,444.445,United Kingdom,0,0,0,0,0
17094,United Kingdom,322,1,152,302.0,2.1464285714285714,14,302.0,United Kingdom,1,0,0,1,1
17095,United Kingdom,23,3,618,1324.16,3.755135135135135,69,441.3866666666667,United Kingdom,0,0,0,0,0
17096,United Kingdom,15,4,339,1022.13,4.555416666666667,46,255.5325,United Kingdom,0,0,0,0,0
17097,Spain,2,8,459,954.42,2.5918009478672985,153,119.3025,Spain,0,0,0,0,0
17100,United Kingdom,18,2,800,971.74,1.9433846153846153,65,485.87,United Kingdom,0,0,0,0,0
17101,United Kingdom,10,4,815,1621.73,2.8811904761904765,28,405.4325,United Kingdom,0,0,0,0,0
17102,United Kingdom,262,1,2,25.5,12.75,1,25.5,United Kingdom,1,0,0,1,1
17105,United Kingdom,159,2,693,665.78,1.9445555555555554,80,332.89,United Kingdom,1,0,0,1,1
17107,United Kingdom,33,6,4837,10815.43,3.343612440191388,269,1802.5716666666667,United Kingdom,0,0,0,0,0
17109,United Kingdom,29,6,589,885.04,2.3304273504273505,107,147.50666666666666,United Kingdom,0,0,0,0,0
17110,United Kingdom,165,1,50,163.29999999999998,5.166666666666667,12,163.29999999999998,United Kingdom,1,0,0,1,1
17111,United Kingdom,47,1,302,248.61,1.8419999999999999,29,248.61,United Kingdom,1,0,0,1,1
17114,United Kingdom,6,8,219,808.62,5.023464566929134,85,101.0775,United Kingdom,0,0,0,0,0
17115,United Kingdom,8,3,372,837.5,4.382307692307692,33,279.1666666666667,United Kingdom,0,0,0,0,0
17117,United Kingdom,288,1,68,116.19999999999999,3.966666666666667,9,116.19999999999999,United Kingdom,1,0,0,1,1
17118,United Kingdom,318,1,154,157.02,1.3579999999999999,10,157.02,United Kingdom,1,0,0,1,1
17119,United Kingdom,3,2,334,606.91,3.578857142857143,35,303.455,United Kingdom,0,0,0,0,0
17120,United Kingdom,233,1,120,307.46,4.396111111111111,18,307.46,United Kingdom,1,0,0,1,1
17122,United Kingdom,119,1,80,138.32,1.97,7,138.32,United Kingdom,1,0,0,1,1
17123,United Kingdom,162,1,246,345.29999999999995,1.7722222222222221,9,345.29999999999995,United Kingdom,1,0,0,1,1
17124,United Kingdom,185,1,130,298.89,3.435625,31,298.89,United Kingdom,1,0,0,1,1
17125,United Kingdom,50,1,291,259.35,3.4685,34,259.35,United Kingdom,1,0,0,1,1
17126,United Kingdom,152,5,792,1004.75,1.8555384615384616,187,200.95,United Kingdom,0,0,0,0,1
17128,United Kingdom,335,1,76,157.09,3.985,14,157.09,United Kingdom,1,0,0,1,1
17131,United Kingdom,5,5,983,2463.17,3.519402985074627,78,492.634,United Kingdom,0,0,0,0,0
17133,United Kingdom,16,7,2730,4892.240000000001,2.1211111111111114,13,698.8914285714287,United Kingdom,0,0,0,0,0
17134,United Kingdom,107,2,102,425.0,5.45,21,212.5,United Kingdom,1,0,0,1,1
17135,United Kingdom,16,7,1224,1139.73,5.040961538461539,34,162.81857142857143,United Kingdom,0,0,0,0,0
17138,United Kingdom,276,1,126,380.5,4.90625,24,380.5,United Kingdom,1,0,0,1,1
17139,United Kingdom,16,12,5182,10668.47,3.764456066945607,309,889.0391666666666,United Kingdom,0,0,0,0,0
17140,United Kingdom,247,1,302,465.32,2.5025,16,465.32,United Kingdom,1,0,0,1,1
17142,United Kingdom,239,1,81,579.0,19.186666666666667,15,579.0,United Kingdom,1,0,0,1,1
17144,United Kingdom,1,2,483,984.57,5.275833333333334,42,492.285,United Kingdom,0,0,0,0,0
17146,United Kingdom,106,3,212,749.78,7.031142857142857,33,249.92666666666665,United Kingdom,1,0,0,1,1
17147,United Kingdom,23,4,882,1714.59,3.190987654320988,68,428.6475,United Kingdom,0,0,0,0,0
17148,United Kingdom,52,1,82,124.88,1.62,9,124.88,United Kingdom,1,0,0,1,1
17152,United Kingdom,195,3,517,1689.5,3.482857142857143,9,563.1666666666666,United Kingdom,1,0,0,1,1
17153,United Kingdom,24,1,104,213.78,2.789285714285714,14,213.78,United Kingdom,1,0,0,1,1
17154,United Kingdom,75,1,490,329.34,1.1069565217391304,23,329.34,United Kingdom,1,0,0,1,1
17155,United Kingdom,18,2,242,251.70000000000002,2.568,19,125.85000000000001,United Kingdom,1,0,0,1,1
17157,United Kingdom,8,2,172,319.0,2.5461538461538464,11,159.5,United Kingdom,1,0,0,1,0
17158,United Kingdom,32,3,778,1266.97,3.2455223880597015,53,422.3233333333333,United Kingdom,0,0,0,0,0
17159,United Kingdom,22,3,1111,1538.88,2.389108910891089,96,512.96,United Kingdom,0,0,0,0,0
17160,United Kingdom,31,6,2856,3518.03,1.6480349344978165,111,586.3383333333334,United Kingdom,0,0,0,0,0
17162,United Kingdom,29,10,1001,1715.46,3.83,81,171.546,United Kingdom,0,0,0,0,0
17163,United Kingdom,22,2,66,293.1,4.529999999999999,3,146.55,United Kingdom,1,0,0,1,1
17164,United Kingdom,33,7,1501,2467.35,2.4883333333333333,92,352.4785714285714,United Kingdom,0,0,0,0,0
17165,United Kingdom,284,1,100,158.68,3.0669999999999997,10,158.68,United Kingdom,1,0,0,1,1
17166,United Kingdom,39,2,78,206.34,3.115,11,103.17,United Kingdom,1,0,0,1,1
17169,United Kingdom,58,2,526,835.78,2.830740740740741,51,417.89,United Kingdom,0,0,0,0,1
17171,United Kingdom,289,1,185,224.91,2.38,16,224.91,United Kingdom,1,0,0,1,1
17172,United Kingdom,79,1,480,317.76,0.8446666666666667,15,317.76,United Kingdom,1,0,0,1,1
17173,United Kingdom,5,8,1122,3766.6,3.7151162790697674,36,470.825,United Kingdom,0,0,0,0,0
17174,United Kingdom,218,1,41,59.9,1.6625,4,59.9,United Kingdom,1,0,0,1,1
17175,United Kingdom,44,4,866,1443.69,4.0947619047619055,42,360.9225,United Kingdom,0,0,0,0,0
17176,United Kingdom,202,1,170,306.13,2.772666666666667,15,306.13,United Kingdom,1,0,0,1,1
17179,United Kingdom,178,3,290,711.79,2.314375,56,237.26333333333332,United Kingdom,1,0,0,1,1
17180,United Kingdom,56,4,683,796.03,1.8921875,91,199.0075,United Kingdom,0,0,0,0,0
17181,United Kingdom,57,2,241,239.92000000000002,3.039565217391304,23,119.96000000000001,United Kingdom,1,0,0,1,1
17183,United Kingdom,8,6,1296,3347.31,4.032465753424658,42,557.885,United Kingdom,0,0,0,0,0
17186,United Kingdom,47,2,200,144.0,0.72,1,72.0,United Kingdom,1,0,0,1,1
17187,United Kingdom,227,1,144,203.95,3.7649999999999997,10,203.95,United Kingdom,1,0,0,1,1
17188,United Kingdom,11,7,1328,2474.23,2.6591666666666667,71,353.4614285714286,United Kingdom,0,0,0,0,0
17189,United Kingdom,106,2,227,384.40000000000003,2.3147540983606554,52,192.20000000000002,United Kingdom,1,0,0,1,1
17190,United Kingdom,59,2,161,444.74,12.313684210526317,19,222.37,United Kingdom,1,0,0,1,1
17191,United Kingdom,28,7,1167,2095.13,2.56506329113924,163,299.30428571428575,United Kingdom,0,0,0,0,0
17193,United Kingdom,36,7,1254,1699.3000000000002,2.4309375,17,242.7571428571429,United Kingdom,0,0,0,0,0
17194,United Kingdom,274,2,119,262.62,3.9117241379310346,26,131.31,United Kingdom,1,0,0,1,1
17197,United Kingdom,30,1,191,1013.01,5.508965517241379,29,1013.01,United Kingdom,1,0,0,1,1
17198,United Kingdom,24,3,357,692.22,2.8972916666666664,89,230.74,United Kingdom,0,0,0,0,0
17201,United Kingdom,54,1,268,342.63,1.9490000000000003,38,342.63,United Kingdom,1,0,0,1,1
17203,United Kingdom,36,6,2850,3563.85,1.7332236842105262,116,593.975,United Kingdom,0,0,0,0,0
17204,United Kingdom,175,4,646,1564.56,4.6410526315789475,44,391.14,United Kingdom,0,0,0,0,1
17205,United Kingdom,54,1,884,384.08,0.5253846153846153,13,384.08,United Kingdom,1,0,0,1,1
17206,United Kingdom,53,1,76,204.24,2.7885714285714287,7,204.24,United Kingdom,1,0,0,1,1
17211,United Kingdom,27,8,1323,2317.2200000000003,3.2573933649289097,150,289.65250000000003,United Kingdom,0,0,0,0,0
17212,United Kingdom,253,1,147,226.85,1.385,4,226.85,United Kingdom,1,0,0,1,1
17213,United Kingdom,40,7,1176,2781.23,4.155414012738853,85,397.31857142857143,United Kingdom,0,0,0,0,0
17214,United Kingdom,60,6,276,1069.1200000000001,5.273495145631068,79,178.1866666666667,United Kingdom,0,0,0,0,0
17217,United Kingdom,234,1,24,113.5,3.716666666666667,9,113.5,United Kingdom,1,0,0,1,1
17218,United Kingdom,4,10,958,1960.72,2.9099270072992702,146,196.072,United Kingdom,0,0,0,0,0
17219,United Kingdom,32,1,89,114.23,1.8852000000000002,24,114.23,United Kingdom,1,0,0,1,1
17220,United Kingdom,24,14,1905,3198.25,2.460635593220339,303,228.44642857142858,United Kingdom,0,0,0,0,0
17221,United Kingdom,7,2,288,335.13,1.9444444444444444,59,167.565,United Kingdom,1,0,0,1,0
17222,United Kingdom,65,1,128,354.15,2.9910714285714284,27,354.15,United Kingdom,1,0,0,1,1
17223,United Kingdom,310,2,112,426.79,4.364285714285714,43,213.395,United Kingdom,1,0,0,1,1
17226,United Kingdom,309,1,406,393.49,2.5752380952380953,21,393.49,United Kingdom,1,0,0,1,1
17227,United Kingdom,19,6,741,939.32,1.3721276595744683,28,156.55333333333334,United Kingdom,0,0,0,0,0
17228,United Kingdom,16,8,1532,1906.09,1.7266346153846153,140,238.26125,United Kingdom,0,0,0,0,0
17229,United Kingdom,96,2,185,318.76,2.008936170212766,39,159.38,United Kingdom,1,0,0,1,1
17230,United Kingdom,264,8,1651,3638.41,3.736521739130435,51,454.80125,United Kingdom,0,0,0,0,1
17231,United Kingdom,12,10,1742,3174.32,2.7424584103512015,292,317.432,United Kingdom,0,0,0,0,0
17232,United Kingdom,3,2,203,421.52,2.656388888888889,30,210.76,United Kingdom,1,0,0,1,0
17233,United Kingdom,35,1,131,190.88,2.4748,25,190.88,United Kingdom,1,0,0,1,1
17234,United Kingdom,183,1,55,149.89000000000001,3.697857142857143,14,149.89000000000001,United Kingdom,1,0,0,1,1
17235,United Kingdom,25,2,224,550.06,3.179310344827586,24,275.03,United Kingdom,1,0,0,1,1
17236,United Kingdom,13,6,474,916.13,2.6937142857142855,88,152.68833333333333,United Kingdom,0,0,0,0,0
17237,United Kingdom,11,2,105,314.69,3.2257894736842103,18,157.345,United Kingdom,1,0,0,1,0
17238,United Kingdom,3,17,1822,3744.65,2.688268551236749,297,220.2735294117647,United Kingdom,0,0,0,0,0
17239,United Kingdom,313,1,150,382.5,4.066666666666666,15,382.5,United Kingdom,1,0,0,1,1
17242,United Kingdom,108,2,611,1135.04,2.14775,30,567.52,United Kingdom,1,0,0,1,1
17243,United Kingdom,1,26,3370,8676.85,4.198025,180,333.725,United Kingdom,0,0,0,0,0
17244,United Kingdom,53,1,616,954.9,1.7067741935483869,31,954.9,United Kingdom,0,0,0,0,1
17245,United Kingdom,205,1,75,171.45,2.9055555555555554,9,171.45,United Kingdom,1,0,0,1,1
17247,United Kingdom,15,1,106,282.19,3.282,53,282.19,United Kingdom,1,0,0,1,0
17248,United Kingdom,120,1,213,318.65,1.905217391304348,68,318.65,United Kingdom,1,0,0,1,1
17250,United Kingdom,4,2,168,384.52,3.0140350877192983,55,192.26,United Kingdom,1,0,0,1,0
17251,United Kingdom,363,1,110,283.28000000000003,3.503589743589744,37,283.28000000000003,United Kingdom,1,0,0,1,1
17252,United Kingdom,117,2,193,353.86,2.7728735632183907,86,176.93,United Kingdom,1,0,0,1,1
17253,United Kingdom,18,1,43,178.26,5.614444444444445,18,178.26,United Kingdom,1,0,0,1,1
17254,United Kingdom,5,2,252,272.44,1.5055357142857144,100,136.22,United Kingdom,1,0,0,1,0
17255,United Kingdom,41,2,232,298.41,1.9242307692307692,69,149.205,United Kingdom,1,0,0,1,1
17256,United Kingdom,107,2,141,240.0,2.448125,12,120.0,United Kingdom,1,0,0,1,1
17259,United Kingdom,148,2,410,603.37,2.3345967741935483,104,301.685,United Kingdom,1,0,0,1,1
17262,United Kingdom,52,5,367,1253.3600000000001,4.0275,9,250.67200000000003,United Kingdom,1,0,0,1,1
17263,United Kingdom,208,1,36,63.440000000000005,2.011304347826087,23,63.440000000000005,United Kingdom,1,0,0,1,1
17265,United Kingdom,139,2,394,562.9,2.3281889763779526,106,281.45,United Kingdom,1,0,0,1,1
17266,United Kingdom,2,3,161,310.64,2.5951250000000003,60,103.54666666666667,United Kingdom,1,0,0,1,0
17267,United Kingdom,127,2,159,317.62,3.401315789473684,37,158.81,United Kingdom,1,0,0,1,1
17268,United Kingdom,108,4,844,763.64,1.0066666666666666,3,190.91,United Kingdom,1,0,0,1,1
17272,United Kingdom,42,4,1778,2148.63,1.8583333333333334,70,537.1575,United Kingdom,0,0,0,0,0
17274,United Kingdom,35,1,79,111.97999999999999,1.744074074074074,24,111.97999999999999,United Kingdom,1,0,0,1,1
17277,United Kingdom,228,2,430,1065.3500000000001,3.351594202898551,67,532.6750000000001,United Kingdom,1,0,0,1,1
17278,United Kingdom,241,1,179,246.04,4.753333333333334,15,246.04,United Kingdom,1,0,0,1,1
17279,United Kingdom,58,1,48,187.82999999999998,6.736666666666666,8,187.82999999999998,United Kingdom,1,0,0,1,1
17282,United Kingdom,130,3,1877,1703.41,2.3886170212765956,79,567.8033333333334,United Kingdom,0,0,0,0,1
17284,United Kingdom,60,6,1364,1652.58,1.6184246575342465,229,275.43,United Kingdom,0,0,0,0,0
17286,United Kingdom,22,1,118,153.92,1.8722222222222222,44,153.92,United Kingdom,1,0,0,1,1
17287,United Kingdom,26,7,559,1064.11,3.17258064516129,88,152.01571428571427,United Kingdom,0,0,0,0,0
17288,United Kingdom,9,7,1203,1419.73,2.674647887323944,118,202.81857142857143,United Kingdom,0,0,0,0,0
17289,United Kingdom,32,3,520,944.41,2.1884684684684688,86,314.80333333333334,United Kingdom,0,0,0,0,0
17290,United Kingdom,4,2,404,525.24,2.572941176470588,92,262.62,United Kingdom,0,0,0,0,0
17291,United Kingdom,308,1,72,550.8000000000001,7.65,1,550.8000000000001,United Kingdom,1,0,0,1,1
17293,United Kingdom,8,9,1140,1875.1100000000001,2.766074074074074,93,208.34555555555556,United Kingdom,0,0,0,0,0
17295,United Kingdom,29,3,294,556.95,2.9497101449275362,53,185.65,United Kingdom,1,0,0,1,0
17297,United Kingdom,17,1,67,131.78,2.2054901960784314,49,131.78,United Kingdom,1,0,0,1,1
17298,United Kingdom,101,2,387,498.42,2.0803333333333334,30,249.21,United Kingdom,1,0,0,1,1
17299,United Kingdom,12,4,678,669.11,1.6266666666666667,50,167.2775,United Kingdom,0,0,0,0,0
17301,United Kingdom,21,1,149,197.63,1.910909090909091,59,197.63,United Kingdom,1,0,0,1,1
17302,United Kingdom,15,5,575,1135.63,2.506582278481013,68,227.12600000000003,United Kingdom,0,0,0,0,0
17303,United Kingdom,361,1,144,250.04,2.940943396226415,53,250.04,United Kingdom,1,0,0,1,1
17306,United Kingdom,11,19,11491,8631.31,1.558030303030303,13,454.2794736842105,United Kingdom,0,-1,0,0,0
17309,United Kingdom,95,1,41,82.75,2.9375,11,82.75,United Kingdom,1,0,0,1,1
17311,United Kingdom,78,2,1005,1384.85,3.0627272727272725,55,692.425,United Kingdom,0,0,0,0,1
17312,United Kingdom,139,3,372,644.3,2.305,11,214.76666666666665,United Kingdom,1,0,0,1,1
17313,United Kingdom,31,1,1402,2328.84,2.1425,24,2328.84,United Kingdom,0,0,0,0,0
17314,United Kingdom,25,8,1896,2527.92,2.458091603053435,120,315.99,United Kingdom,0,0,0,0,0
17315,United Kingdom,2,38,3888,6292.26,2.75061310782241,256,165.58578947368423,United Kingdom,0,0,0,0,0
17317,United Kingdom,46,3,1146,2600.34,3.2244444444444444,8,866.7800000000001,United Kingdom,0,0,0,0,1
17320,United Kingdom,100,3,634,1200.6200000000001,3.742191780821918,57,400.2066666666667,United Kingdom,0,0,0,0,1
17321,United Kingdom,8,2,373,700.86,2.766728971962617,94,350.43,United Kingdom,0,0,0,0,0
17323,United Kingdom,15,7,776,921.07,1.4286500000000002,125,131.58142857142857,United Kingdom,0,0,0,0,0
17324,United Kingdom,18,4,844,990.23,2.7656,43,247.5575,United Kingdom,0,0,0,0,0
17325,United Kingdom,280,1,60,96.8,1.633333333333333,6,96.8,United Kingdom,1,0,0,1,1
17329,United Kingdom,14,2,142,523.11,4.12939393939394,29,261.555,United Kingdom,1,0,0,1,0
17330,United Kingdom,23,2,120,363.9,4.488333333333333,5,181.95,United Kingdom,1,0,0,1,1
17331,United Kingdom,124,1,16,175.2,10.95,1,175.2,United Kingdom,1,0,0,1,1
17333,United Kingdom,86,1,375,494.25,1.772142857142857,28,494.25,United Kingdom,1,0,0,1,1
17334,United Kingdom,302,2,315,307.02,1.3527272727272728,11,153.51,United Kingdom,1,0,0,1,1
17337,United Kingdom,151,4,1269,2027.8700000000001,2.2972375690607736,421,506.96750000000003,United Kingdom,0,0,0,0,0
17338,United Kingdom,17,8,3128,6643.93,2.779442231075697,389,830.49125,United Kingdom,0,0,0,0,0
17339,United Kingdom,94,2,152,243.36,2.9522222222222223,9,121.68,United Kingdom,1,0,0,1,1
17340,United Kingdom,30,11,5967,12353.29,3.148869778869779,229,1123.0263636363636,United Kingdom,0,0,0,0,0
17341,United Kingdom,157,3,489,781.36,2.1207650273224044,147,260.4533333333333,United Kingdom,0,0,0,0,1
17343,United Kingdom,355,1,56,193.64,4.70235294117647,17,193.64,United Kingdom,1,0,0,1,1
17344,United Kingdom,46,1,66,160.57,2.8334375,31,160.57,United Kingdom,1,0,0,1,1
17345,United Kingdom,15,4,346,537.74,2.7472413793103447,70,134.435,United Kingdom,0,0,0,0,0
17346,United Kingdom,4,15,1657,2676.56,2.39966,299,178.43733333333333,United Kingdom,0,0,0,0,0
17347,United Kingdom,86,1,216,228.96,1.06,1,228.96,United Kingdom,1,0,0,1,1
17348,United Kingdom,15,5,1401,1159.52,1.6951627906976743,180,231.904,United Kingdom,0,0,0,0,0
17349,United Kingdom,179,1,112,110.75,3.0877777777777777,8,110.75,United Kingdom,1,0,0,1,1
17350,United Kingdom,8,4,795,1286.07,2.4407042253521127,66,321.5175,United Kingdom,0,0,0,0,0
17351,United Kingdom,36,3,113,587.15,5.725555555555555,22,195.71666666666667,United Kingdom,1,0,0,1,1
17353,United Kingdom,129,2,1200,1740.0,1.45,5,870.0,United Kingdom,1,0,0,1,1
17354,United Kingdom,51,1,1006,1393.06,1.4068749999999999,15,1393.06,United Kingdom,0,0,0,0,1
17356,United Kingdom,312,1,166,178.22,1.121578947368421,19,178.22,United Kingdom,1,0,0,1,1
17357,United Kingdom,24,2,153,388.14,3.4548888888888887,41,194.07,United Kingdom,1,0,0,1,1
17358,United Kingdom,303,2,202,365.85,2.692372881355932,55,182.925,United Kingdom,1,0,0,1,1
17359,United Kingdom,11,1,161,127.86,2.104,13,127.86,United Kingdom,1,0,0,1,1
17360,United Kingdom,17,3,335,585.79,2.8299242424242426,113,195.26333333333332,United Kingdom,0,0,0,0,0
17361,United Kingdom,49,3,157,488.2,4.833793103448276,26,162.73333333333332,United Kingdom,1,0,0,1,1
17362,United Kingdom,239,2,191,312.23,2.991142857142857,30,156.115,United Kingdom,1,0,0,1,1
17364,United Kingdom,1,11,2701,4481.18,2.703065693430657,288,407.38000000000005,United Kingdom,0,0,0,0,0
17365,United Kingdom,13,8,4777,4801.56,1.9343803418803418,278,600.195,United Kingdom,0,0,0,0,0
17367,United Kingdom,238,1,150,168.4,1.8961764705882354,33,168.4,United Kingdom,1,0,0,1,1
17368,United Kingdom,23,8,1391,1912.67,2.488468468468468,93,239.08375,United Kingdom,0,0,0,0,0
17370,United Kingdom,73,4,540,446.18,1.396969696969697,31,111.545,United Kingdom,1,0,0,1,1
17371,United Kingdom,17,3,152,423.89,3.1804597701149424,83,141.29666666666665,United Kingdom,1,0,0,1,0
17372,United Kingdom,41,8,749,1342.68,2.326600790513834,215,167.835,United Kingdom,0,0,0,0,0
17373,United Kingdom,40,4,408,646.92,1.8789473684210525,47,161.73,United Kingdom,1,0,0,1,0
17374,United Kingdom,219,2,85,495.77,7.0996428571428565,24,247.885,United Kingdom,1,0,0,1,1
17375,United Kingdom,199,3,367,400.1,2.7102898550724634,63,133.36666666666667,United Kingdom,1,0,0,1,1
17376,United Kingdom,71,2,86,203.2,3.454166666666667,23,101.6,United Kingdom,1,0,0,1,1
17377,United Kingdom,24,20,2076,4100.92,2.604186602870813,190,205.046,United Kingdom,0,0,0,0,0
17379,United Kingdom,11,1,663,404.66,1.3718072289156626,71,404.66,United Kingdom,0,0,0,0,0
17381,United Kingdom,9,29,25649,20275.61,1.3353211009174313,40,699.1589655172414,United Kingdom,0,-1,0,0,0
17382,United Kingdom,65,1,25,65.4,8.55,2,65.4,United Kingdom,1,0,0,1,1
17383,United Kingdom,4,1,150,199.29,1.8564705882352943,49,199.29,United Kingdom,1,0,0,1,0
17384,United Kingdom,19,2,88,336.4,3.2493333333333334,12,168.2,United Kingdom,1,0,0,1,1
17385,United Kingdom,15,1,201,261.11,1.92,42,261.11,United Kingdom,1,0,0,1,0
17386,United Kingdom,8,6,1902,2686.42,1.6421428571428573,23,447.7366666666667,United Kingdom,0,0,0,0,0
17387,United Kingdom,20,2,542,784.11,2.417692307692308,71,392.055,United Kingdom,0,0,0,0,0
17388,United Kingdom,78,4,1068,1259.56,4.6979999999999995,13,314.89,United Kingdom,0,0,0,0,1
17389,United Kingdom,1,34,7612,31833.68,5.688826291079812,45,936.2847058823529,United Kingdom,0,0,0,0,0
17391,United Kingdom,164,2,480,508.8,1.06,2,254.4,United Kingdom,1,0,0,1,1
17392,United Kingdom,307,2,320,457.91,3.4179032258064517,53,228.955,United Kingdom,1,0,0,1,1
17394,United Kingdom,219,1,241,203.86999999999998,3.4425,4,203.86999999999998,United Kingdom,1,0,0,1,1
17396,United Kingdom,39,8,2005,7330.8,4.416296296296296,24,916.35,United Kingdom,0,0,0,0,0
17397,United Kingdom,22,2,254,696.41,3.074782608695652,88,348.205,United Kingdom,0,0,0,0,0
17398,United Kingdom,115,3,310,653.38,4.841578947368421,30,217.79333333333332,United Kingdom,1,0,0,1,1
17400,United Kingdom,126,5,1097,2129.96,3.355680751173709,175,425.992,United Kingdom,0,0,0,0,0
17402,United Kingdom,5,13,701,2633.85,5.860169491525424,33,202.60384615384615,United Kingdom,0,0,0,0,0
17403,United Kingdom,36,1,117,281.62,3.1360606060606058,32,281.62,United Kingdom,1,0,0,1,1
17404,Sweden,4,15,32748,31906.82,2.193939393939394,111,2127.1213333333335,Other,0,-1,0,0,0
17405,United Kingdom,1,3,726,1031.41,3.1534146341463414,77,343.80333333333334,United Kingdom,0,0,0,0,0
17406,United Kingdom,333,3,787,2200.42,6.764955752212389,99,733.4733333333334,United Kingdom,0,0,0,0,1
17408,United Kingdom,163,1,3,32.65,11.35,2,32.65,United Kingdom,1,0,0,1,1
17409,United Kingdom,185,2,105,771.85,7.625384615384615,13,385.925,United Kingdom,1,0,0,1,1
17410,United Kingdom,16,5,616,1214.72,3.48953125,57,242.94400000000002,United Kingdom,0,0,0,0,0
17411,United Kingdom,12,3,306,778.94,4.144146341463415,39,259.6466666666667,United Kingdom,0,0,0,0,0
17412,United Kingdom,3,7,738,1258.06,2.721060606060606,48,179.72285714285712,United Kingdom,0,0,0,0,0
17414,United Kingdom,44,2,2100,778.0,0.425,5,389.0,United Kingdom,1,0,0,1,1
17415,United Kingdom,80,1,114,507.84,13.96642857142857,14,507.84,United Kingdom,1,0,0,1,1
17416,United Kingdom,30,7,4302,6893.42,2.3484758364312266,186,984.7742857142857,United Kingdom,0,0,0,0,0
17418,United Kingdom,42,2,289,463.46000000000004,2.941666666666667,29,231.73000000000002,United Kingdom,1,0,0,1,1
17419,United Kingdom,11,12,1876,4226.57,4.12121359223301,155,352.21416666666664,United Kingdom,0,0,0,0,0
17420,United Kingdom,50,3,265,598.83,3.881333333333333,28,199.61,United Kingdom,1,0,0,1,1
17422,United Kingdom,16,6,2253,1979.37,1.4844444444444445,93,329.895,United Kingdom,0,0,0,0,0
17423,United Kingdom,46,2,459,698.41,2.2849999999999997,26,349.205,United Kingdom,1,0,0,1,1
17425,United Kingdom,19,2,407,759.17,2.670930232558139,42,379.585,United Kingdom,0,0,0,0,0
17426,United Kingdom,8,6,3094,5037.26,3.014686346863469,179,839.5433333333334,United Kingdom,0,0,0,0,0
17427,United Kingdom,72,1,34,100.8,4.165,2,100.8,United Kingdom,1,0,0,1,1
17428,United Kingdom,1,28,9474,17256.85,3.572774390243903,252,616.3160714285714,United Kingdom,0,0,0,0,0
17429,United Kingdom,128,3,624,524.9200000000001,2.086153846153846,36,174.97333333333336,United Kingdom,1,0,0,1,1
17430,United Kingdom,33,2,190,265.76,1.997857142857143,14,132.88,United Kingdom,1,0,0,1,1
17431,United Kingdom,313,1,292,403.3,1.9611627906976743,41,403.3,United Kingdom,1,0,0,1,1
17432,United Kingdom,18,2,207,365.76,2.5272916666666667,44,182.88,United Kingdom,1,0,0,1,0
17433,United Kingdom,88,1,185,303.15999999999997,2.4059259259259256,53,303.15999999999997,United Kingdom,1,0,0,1,1
17434,United Kingdom,2,7,1693,2373.82,2.741044776119403,100,339.1171428571429,United Kingdom,0,0,0,0,0
17436,United Kingdom,2,2,90,216.29999999999998,2.4277777777777776,7,108.14999999999999,United Kingdom,1,0,0,1,0
17438,United Kingdom,254,1,103,388.45000000000005,5.238235294117647,17,388.45000000000005,United Kingdom,1,0,0,1,1
17440,United Kingdom,157,3,246,186.42000000000002,0.678,3,62.14000000000001,United Kingdom,1,0,0,1,1
17442,United Kingdom,37,6,1496,2248.56,2.5273333333333334,96,374.76,United Kingdom,0,0,0,0,0
17443,Canada,220,1,504,534.24,1.06,1,534.24,Other,1,0,0,1,1
17444,Canada,148,3,2119,2940.04,6.547407407407408,132,980.0133333333333,Other,0,0,0,0,1
17446,United Kingdom,177,2,198,120.9,0.7722222222222223,6,60.45,United Kingdom,1,0,0,1,1
17447,United Kingdom,40,2,443,541.53,1.6922222222222223,33,270.765,United Kingdom,1,0,0,1,1
17449,United Kingdom,2,7,1122,2520.86,3.4911552346570396,178,360.1228571428572,United Kingdom,0,0,0,0,0
17450,United Kingdom,8,46,69993,194550.79,3.392640949554896,124,4229.365,United Kingdom,0,-1,1,0,0
17451,United Kingdom,1,7,1203,1721.4,2.2744,83,245.91428571428574,United Kingdom,0,0,0,0,0
17453,United Kingdom,18,2,219,486.71999999999997,3.4231578947368417,19,243.35999999999999,United Kingdom,1,0,0,1,0
17454,United Kingdom,192,4,243,517.53,2.6434426229508197,57,129.3825,United Kingdom,1,0,0,1,1
17455,United Kingdom,204,1,66,131.7,2.825,8,131.7,United Kingdom,1,0,0,1,1
17456,United Kingdom,365,1,222,249.86,1.5076470588235293,17,249.86,United Kingdom,1,0,0,1,1
17457,United Kingdom,127,5,826,1737.7,3.221052631578947,14,347.54,United Kingdom,0,0,0,0,1
17458,United Kingdom,15,1,170,316.5,2.4331481481481485,52,316.5,United Kingdom,1,0,0,1,0
17459,United Kingdom,43,2,537,657.3,1.9172072072072073,88,328.65,United Kingdom,0,0,0,0,0
17460,United Kingdom,94,6,236,622.4300000000001,4.310689655172414,18,103.73833333333334,United Kingdom,1,0,0,1,1
17461,United Kingdom,23,3,799,757.46,2.4001801801801803,104,252.48666666666668,United Kingdom,0,0,0,0,0
17462,United Kingdom,60,2,227,675.69,3.8862962962962966,25,337.845,United Kingdom,1,0,0,1,1
17463,United Kingdom,16,5,1095,1896.41,2.794604651162791,162,379.28200000000004,United Kingdom,0,0,0,0,0
17464,United Kingdom,158,1,220,289.96000000000004,2.7211111111111115,9,289.96000000000004,United Kingdom,1,0,0,1,1
17466,United Kingdom,10,2,306,763.28,4.690975609756098,41,381.64,United Kingdom,0,0,0,0,0
17468,United Kingdom,10,2,116,137.0,1.17,5,68.5,United Kingdom,1,0,0,1,1
17469,United Kingdom,16,5,787,1870.97,3.0990909090909096,61,374.194,United Kingdom,0,0,0,0,0
17470,United Kingdom,45,5,1675,1125.07,1.2026923076923077,67,225.01399999999998,United Kingdom,0,0,0,0,0
17472,United Kingdom,191,3,462,710.29,2.055303867403315,142,236.76333333333332,United Kingdom,0,0,0,0,1
17475,United Kingdom,79,1,178,194.37,1.7764285714285715,14,194.37,United Kingdom,1,0,0,1,1
17480,United Kingdom,78,1,338,511.82,1.8,29,511.82,United Kingdom,1,0,0,1,1
17481,United Kingdom,4,4,1061,1255.59,2.549390243902439,69,313.8975,United Kingdom,0,0,0,0,0
17483,United Kingdom,65,3,191,414.04,3.264761904761905,18,138.01333333333335,United Kingdom,1,0,0,1,1
17486,United Kingdom,261,1,191,396.87,2.89625,24,396.87,United Kingdom,1,0,0,1,1
17489,United Kingdom,59,2,428,376.64,1.076896551724138,28,188.32,United Kingdom,1,0,0,1,1
17490,United Kingdom,1,7,1134,2092.32,3.0061842105263157,63,298.90285714285716,United Kingdom,0,0,0,0,0
17491,United Kingdom,1,10,2013,3558.87,3.312935779816514,72,355.887,United Kingdom,0,0,0,0,0
17492,United Kingdom,248,1,155,374.57,3.5233333333333334,12,374.57,United Kingdom,1,0,0,1,1
17495,United Kingdom,8,2,229,497.56,3.68,21,248.78,United Kingdom,1,0,0,1,0
17496,United Kingdom,359,1,79,271.05,5.165,10,271.05,United Kingdom,1,0,0,1,1
17498,United Kingdom,76,1,394,272.22,2.0194117647058825,17,272.22,United Kingdom,1,0,0,1,1
17499,United Kingdom,290,1,711,622.88,1.73825,40,622.88,United Kingdom,1,0,0,1,1
17500,United Kingdom,17,3,17,1138.0,54.3,3,379.3333333333333,United Kingdom,1,-1,0,1,1
17501,United Kingdom,221,2,160,288.6,3.4944444444444445,18,144.3,United Kingdom,1,0,0,1,1
17502,United Kingdom,9,4,376,689.1,2.8096428571428573,25,172.275,United Kingdom,0,0,0,0,0
17503,United Kingdom,3,2,486,558.96,2.3276315789473685,36,279.48,United Kingdom,0,0,0,0,0
17504,United Kingdom,206,9,1664,2997.0299999999997,3.409527559055118,112,333.00333333333333,United Kingdom,0,0,0,0,1
17505,United Kingdom,162,2,556,1145.84,2.9532692307692305,48,572.92,United Kingdom,0,0,0,0,1
17506,United Kingdom,76,1,139,302.2,3.6342857142857143,14,302.2,United Kingdom,1,0,0,1,1
17507,United Kingdom,262,2,359,605.58,2.6617045454545454,79,302.79,United Kingdom,1,0,0,1,1
17508,Greece,281,1,289,387.31,1.622272727272727,22,387.31,Other,1,0,0,1,1
17509,United Kingdom,58,8,3534,6115.14,2.259207650273224,75,764.3925,United Kingdom,0,0,0,0,0
17510,United Kingdom,25,1,214,308.48,2.211,20,308.48,United Kingdom,1,0,0,1,1
17511,United Kingdom,3,31,64549,91062.38,2.3066251298027,453,2937.496129032258,United Kingdom,0,-1,1,0,0
17512,United Kingdom,29,10,2753,2924.9900000000002,1.9543809523809526,61,292.499,United Kingdom,0,0,0,0,0
17513,United Kingdom,72,1,254,513.2,2.77,6,513.2,United Kingdom,1,0,0,1,1
17514,United Kingdom,128,1,135,208.65,2.228,40,208.65,United Kingdom,1,0,0,1,1
17515,United Kingdom,31,4,243,639.02,3.7408045977011493,49,159.755,United Kingdom,1,0,0,1,0
17516,United Kingdom,15,5,416,768.08,2.759124087591241,113,153.616,United Kingdom,0,0,0,0,0
17517,United Kingdom,309,1,102,153.94,2.5381818181818185,11,153.94,United Kingdom,1,0,0,1,1
17519,United Kingdom,17,6,1236,1844.02,3.1192682926829267,60,307.33666666666664,United Kingdom,0,0,0,0,0
17520,United Kingdom,54,1,365,546.81,3.2976666666666663,30,546.81,United Kingdom,1,0,0,1,1
17521,United Kingdom,30,3,519,723.2099999999999,1.9406666666666665,38,241.06999999999996,United Kingdom,0,0,0,0,0
17522,United Kingdom,2,5,1034,1070.71,1.9445205479452052,59,214.142,United Kingdom,0,0,0,0,0
17523,United Kingdom,11,4,872,652.74,3.128181818181818,25,163.185,United Kingdom,0,0,0,0,0
17524,United Kingdom,361,1,90,145.0,1.5916666666666668,6,145.0,United Kingdom,1,0,0,1,1
17525,United Kingdom,360,1,82,422.70000000000005,6.005555555555556,9,422.70000000000005,United Kingdom,1,0,0,1,1
17526,United Kingdom,5,4,310,1195.8999999999999,5.22578947368421,17,298.97499999999997,United Kingdom,0,0,0,0,0
17527,United Kingdom,54,4,488,939.37,3.408936170212766,45,234.8425,United Kingdom,0,0,0,0,1
17528,United Kingdom,1,8,2138,3628.5,3.161818181818182,183,453.5625,United Kingdom,0,0,0,0,0
17530,United Kingdom,1,10,1526,2385.0,2.3262690355329947,306,238.5,United Kingdom,0,0,0,0,0
17531,United Kingdom,190,1,136,296.7,4.1242857142857146,14,296.7,United Kingdom,1,0,0,1,1
17534,United Kingdom,54,1,103,223.36,2.677777777777778,9,223.36,United Kingdom,1,0,0,1,1
17535,United Kingdom,280,1,136,164.4,1.473076923076923,13,164.4,United Kingdom,1,0,0,1,1
17536,United Kingdom,177,1,6,76.5,12.75,3,76.5,United Kingdom,1,0,0,1,1
17537,United Kingdom,30,2,700,897.62,2.6604,74,448.81,United Kingdom,0,0,0,0,0
17538,United Kingdom,26,1,134,98.42,1.1933333333333334,9,98.42,United Kingdom,1,0,0,1,1
17540,United Kingdom,25,2,194,578.9,3.534,20,289.45,United Kingdom,1,0,0,1,1
17542,United Kingdom,270,1,134,170.75,2.5839999999999996,24,170.75,United Kingdom,1,0,0,1,1
17545,United Kingdom,43,3,341,645.96,2.4860689655172417,122,215.32000000000002,United Kingdom,0,0,0,0,0
17548,United Kingdom,234,1,58,103.3,2.43,5,103.3,United Kingdom,1,0,0,1,1
17549,United Kingdom,24,2,210,148.86,1.7666666666666666,5,74.43,United Kingdom,1,0,0,1,1
17550,United Kingdom,197,3,86,267.16,2.978095238095238,42,89.05333333333334,United Kingdom,1,0,0,1,1
17551,United Kingdom,359,1,150,306.84,2.5411627906976744,39,306.84,United Kingdom,1,0,0,1,1
17552,United Kingdom,60,4,719,930.41,2.2583673469387753,43,232.6025,United Kingdom,0,0,0,0,1
17553,United Kingdom,130,1,1048,1487.6,3.1,2,1487.6,United Kingdom,1,0,0,1,1
17554,United Kingdom,1,5,1763,1952.45,3.0594318181818183,58,390.49,United Kingdom,0,0,0,0,0
17555,United Kingdom,20,2,349,483.26,2.184622641509434,101,241.63,United Kingdom,0,0,0,0,0
17556,United Kingdom,206,1,101,157.9,4.778333333333333,6,157.9,United Kingdom,1,0,0,1,1
17557,United Kingdom,14,3,306,541.46,2.702058823529412,27,180.48666666666668,United Kingdom,1,0,0,1,0
17560,United Kingdom,95,4,635,854.95,3.4342307692307696,22,213.7375,United Kingdom,1,0,0,1,1
17561,United Kingdom,19,1,146,167.62,2.0943478260869566,44,167.62,United Kingdom,1,0,0,1,1
17562,United Kingdom,14,7,817,1122.38,1.8968253968253967,48,160.34,United Kingdom,0,0,0,0,0
17564,United Kingdom,24,3,146,454.01,3.722448979591837,38,151.33666666666667,United Kingdom,1,0,0,1,0
17566,United Kingdom,8,2,518,901.21,2.6539473684210524,113,450.605,United Kingdom,0,0,0,0,0
17567,United Kingdom,7,8,2632,4331.48,2.3494545454545457,110,541.435,United Kingdom,0,0,0,0,0
17569,United Kingdom,332,1,159,344.14,3.3531034482758617,29,344.14,United Kingdom,1,0,0,1,1
17571,United Kingdom,50,4,905,1498.51,2.758227424749164,247,374.6275,United Kingdom,0,0,0,0,0
17572,United Kingdom,71,4,95,226.75000000000003,3.158333333333333,7,56.68750000000001,United Kingdom,1,0,0,1,1
17573,United Kingdom,29,3,308,380.6,2.2028,24,126.86666666666667,United Kingdom,1,0,0,1,1
17574,United Kingdom,243,1,77,185.65,3.3162499999999997,8,185.65,United Kingdom,1,0,0,1,1
17576,United Kingdom,8,19,1994,3622.68,3.015547445255475,245,190.66736842105263,United Kingdom,0,0,0,0,0
17578,United Kingdom,218,1,138,143.45999999999998,1.286,5,143.45999999999998,United Kingdom,1,0,0,1,1
17579,United Kingdom,5,3,258,448.90000000000003,2.476,46,149.63333333333335,United Kingdom,1,0,0,1,0
17580,United Kingdom,253,3,88,215.72,2.1575555555555557,43,71.90666666666667,United Kingdom,1,0,0,1,1
17581,United Kingdom,1,25,5927,11045.04,3.117909090909091,229,441.8016,United Kingdom,0,0,0,0,0
17582,United Kingdom,236,1,123,175.27,2.134137931034483,28,175.27,United Kingdom,1,0,0,1,1
17584,United Kingdom,7,2,458,1242.3,3.982857142857143,30,621.15,United Kingdom,0,0,0,0,0
17585,United Kingdom,109,4,1671,1133.07,1.380981308411215,176,283.2675,United Kingdom,0,0,0,0,0
17588,United Kingdom,100,3,676,1240.2,5.203043478260869,19,413.40000000000003,United Kingdom,1,0,0,1,1
17589,United Kingdom,60,4,1631,2404.17,2.1748221343873517,172,601.0425,United Kingdom,0,0,0,0,0
17590,United Kingdom,2,3,828,1479.22,2.668407960199005,162,493.0733333333333,United Kingdom,0,0,0,0,0
17591,United Kingdom,73,7,1009,2225.9700000000003,3.532228915662651,81,317.9957142857143,United Kingdom,0,0,0,0,0
17593,United Kingdom,4,5,3101,3927.34,2.497136150234742,190,785.4680000000001,United Kingdom,0,0,0,0,0
17594,United Kingdom,85,2,550,993.18,1.9409999999999998,42,496.59,United Kingdom,0,0,0,0,1
17595,United Kingdom,12,2,229,388.79,2.497710843373494,68,194.395,United Kingdom,1,0,0,1,0
17596,United Kingdom,23,7,4400,2827.93,1.9154814814814818,168,403.98999999999995,United Kingdom,0,0,0,0,0
17597,United Kingdom,214,1,1176,2044.3700000000001,3.3992727272727272,55,2044.3700000000001,United Kingdom,0,0,0,0,1
17600,United Kingdom,18,1,144,161.67000000000002,3.5307692307692307,13,161.67000000000002,United Kingdom,1,0,0,1,1
17601,United Kingdom,239,1,103,116.00999999999999,1.6122222222222222,9,116.00999999999999,United Kingdom,1,0,0,1,1
17602,United Kingdom,2,6,4151,5102.97,1.9664464285714287,335,850.495,United Kingdom,0,0,0,0,0
17603,United Kingdom,78,1,74,394.72,13.392727272727273,11,394.72,United Kingdom,1,0,0,1,1
17604,United Kingdom,217,2,169,309.36,2.5342857142857143,57,154.68,United Kingdom,1,0,0,1,1
17608,United Kingdom,33,2,232,193.42,1.153050847457627,54,96.71,United Kingdom,1,0,0,1,1
17609,United Kingdom,41,5,723,1112.22,2.3075105485232066,199,222.44400000000002,United Kingdom,0,0,0,0,0
17611,United Kingdom,7,15,2560,3984.22,2.5292881944444447,440,265.61466666666666,United Kingdom,0,0,0,0,0
17612,United Kingdom,53,6,1808,2048.45,2.5762962962962965,116,341.4083333333333,United Kingdom,0,0,0,0,0
17613,United Kingdom,23,14,2496,4559.150000000001,2.6451602564102563,211,325.65357142857147,United Kingdom,0,0,0,0,0
17614,United Kingdom,57,1,238,390.07,2.2116,97,390.07,United Kingdom,1,0,0,1,1
17615,United Kingdom,130,3,140,329.6,3.9107142857142856,13,109.86666666666667,United Kingdom,1,0,0,1,1
17616,United Kingdom,174,3,224,571.1999999999999,2.55,1,190.39999999999998,United Kingdom,1,0,0,1,1
17618,United Kingdom,6,3,331,971.58,4.282820512820513,56,323.86,United Kingdom,0,0,0,0,0
17619,United Kingdom,312,1,127,218.52,1.8036363636363635,71,218.52,United Kingdom,1,0,0,1,1
17620,United Kingdom,60,1,60,81.44,2.7575,4,81.44,United Kingdom,1,0,0,1,1
17621,United Kingdom,21,3,514,1379.9,3.1365384615384615,24,459.9666666666667,United Kingdom,0,0,0,0,0
17623,United Kingdom,33,1,265,527.0500000000001,2.8709090909090906,33,527.0500000000001,United Kingdom,1,0,0,1,1
17624,United Kingdom,15,2,554,843.48,2.958,49,421.74,United Kingdom,0,0,0,0,0
17625,United Kingdom,18,4,1198,2047.0,2.539587301587302,223,511.75,United Kingdom,0,0,0,0,0
17628,United Kingdom,81,1,79,75.75,2.41,5,75.75,United Kingdom,1,0,0,1,1
17629,United Kingdom,6,8,1629,1814.12,2.0857723577235774,106,226.765,United Kingdom,0,0,0,0,0
17630,United Kingdom,170,2,158,503.59999999999997,7.825000000000001,24,251.79999999999998,United Kingdom,1,0,0,1,1
17631,United Kingdom,2,3,334,528.33,3.712820512820513,39,176.11,United Kingdom,0,0,0,0,0
17633,United Kingdom,31,4,644,1324.84,2.797428571428571,59,331.21,United Kingdom,0,0,0,0,0
17634,United Kingdom,36,9,840,2361.9700000000003,3.7267003367003366,209,262.4411111111111,United Kingdom,0,0,0,0,0
17636,United Kingdom,19,1,182,285.56,2.3905000000000003,20,285.56,United Kingdom,1,0,0,1,1
17637,United Kingdom,31,2,280,547.0600000000001,3.432857142857143,35,273.53000000000003,United Kingdom,1,0,0,1,1
17639,United Kingdom,276,1,49,108.5,5.514285714285714,7,108.5,United Kingdom,1,0,0,1,1
17640,United Kingdom,87,1,250,621.66,2.566,5,621.66,United Kingdom,1,0,0,1,1
17642,United Kingdom,120,2,474,712.29,2.3432500000000003,34,356.145,United Kingdom,1,0,0,1,1
17643,United Kingdom,373,1,71,101.55,4.01875,8,101.55,United Kingdom,1,0,0,1,1
17644,United Kingdom,1,11,1793,2895.64,2.771783439490446,102,263.24,United Kingdom,0,0,0,0,0
17646,United Kingdom,219,3,323,1008.39,4.756666666666667,46,336.13,United Kingdom,1,0,0,1,1
17647,United Kingdom,65,1,30,133.06,7.097142857142857,7,133.06,United Kingdom,1,0,0,1,1
17648,United Kingdom,61,4,487,1797.5,5.536483516483516,81,449.375,United Kingdom,0,0,0,0,0
17649,United Kingdom,138,1,399,868.49,3.581153846153846,52,868.49,United Kingdom,1,0,0,1,1
17650,United Kingdom,21,1,150,166.08,1.89625,8,166.08,United Kingdom,1,0,0,1,1
17651,United Kingdom,12,10,3112,3945.0,2.0029310344827587,149,394.5,United Kingdom,0,0,0,0,0
17652,United Kingdom,25,12,2509,4867.72,3.3447490347490345,118,405.6433333333334,United Kingdom,0,0,0,0,0
17653,United Kingdom,37,4,1409,1207.56,4.069090909090909,44,301.89,United Kingdom,0,0,0,0,0
17654,United Kingdom,277,1,41,117.55,3.1568181818181817,22,117.55,United Kingdom,1,0,0,1,1
17655,United Kingdom,11,7,1116,2638.94,4.826153846153846,66,376.99142857142857,United Kingdom,0,0,0,0,0
17656,United Kingdom,73,5,1399,1674.69,2.772560975609756,67,334.938,United Kingdom,0,0,0,0,0
17658,United Kingdom,26,2,616,595.42,2.561052631578947,17,297.71,United Kingdom,1,0,0,1,1
17659,United Kingdom,17,12,1525,2999.46,4.0412025316455695,127,249.955,United Kingdom,0,0,0,0,0
17660,United Kingdom,141,1,130,196.0,2.0037777777777777,37,196.0,United Kingdom,1,0,0,1,1
17663,United Kingdom,26,7,797,1802.91,3.9981395348837214,63,257.55857142857144,United Kingdom,0,0,0,0,0
17664,United Kingdom,19,2,604,604.64,1.9167441860465118,41,302.32,United Kingdom,0,0,0,0,0
17666,United Kingdom,4,2,596,728.16,1.8988888888888888,14,364.08,United Kingdom,0,0,0,0,0
17667,United Kingdom,66,5,1033,2055.51,3.6650862068965515,85,411.10200000000003,United Kingdom,0,0,0,0,0
17668,United Kingdom,1,2,93,347.75,7.336666666666667,14,173.875,United Kingdom,1,0,0,1,0
17669,United Kingdom,43,7,1916,3406.7200000000003,1.8576470588235294,45,486.67428571428576,United Kingdom,0,0,0,0,0
17670,United Kingdom,228,1,110,205.7,2.590909090909091,11,205.7,United Kingdom,1,0,0,1,1
17671,United Kingdom,16,4,772,1572.71,3.197358490566038,40,393.1775,United Kingdom,0,0,0,0,0
17672,United Kingdom,50,2,1690,3178.17,3.331818181818182,105,1589.085,United Kingdom,0,0,0,0,0
17673,United Kingdom,2,6,1487,1629.12,1.6033920704845817,118,271.52,United Kingdom,0,0,0,0,0
17674,United Kingdom,74,2,672,551.04,0.7588888888888888,19,275.52,United Kingdom,1,0,0,1,1
17675,United Kingdom,1,31,8360,20374.28,3.53868085106383,239,657.2348387096774,United Kingdom,0,0,0,0,0
17676,United Kingdom,4,6,932,1387.68,1.9006410256410255,49,231.28,United Kingdom,0,0,0,0,0
17677,United Kingdom,2,30,9775,16363.23,2.732993421052632,178,545.441,United Kingdom,0,0,0,0,0
17678,United Kingdom,264,1,207,298.11,2.235625,16,298.11,United Kingdom,1,0,0,1,1
17679,United Kingdom,53,2,729,1992.1100000000001,5.309,29,996.0550000000001,United Kingdom,0,0,0,0,1
17680,United Kingdom,24,1,96,184.4,2.8000000000000003,11,184.4,United Kingdom,1,0,0,1,1
17682,United Kingdom,10,6,1367,2474.33,2.400762711864407,48,412.3883333333333,United Kingdom,0,0,0,0,0
17684,United Kingdom,44,1,145,239.41,2.916,15,239.41,United Kingdom,1,0,0,1,1
17685,United Kingdom,17,7,1956,3191.53,2.000923076923077,88,455.9328571428572,United Kingdom,0,0,0,0,0
17686,United Kingdom,7,7,2478,5739.46,3.8588811188811194,205,819.9228571428572,United Kingdom,0,0,0,0,0
17690,United Kingdom,30,15,1773,4757.95,5.7077734375,186,317.19666666666666,United Kingdom,0,0,0,0,0
17691,United Kingdom,358,2,134,290.40000000000003,3.4026315789473687,18,145.20000000000002,United Kingdom,1,0,0,1,1
17692,United Kingdom,127,4,672,740.9399999999999,1.6482608695652174,34,185.23499999999999,United Kingdom,1,0,0,1,1
17693,United Kingdom,137,1,231,200.47,2.0825,16,200.47,United Kingdom,1,0,0,1,1
17694,United Kingdom,142,1,184,283.12,2.6086666666666667,15,283.12,United Kingdom,1,0,0,1,1
17695,United Kingdom,132,2,779,765.34,1.2517142857142858,30,382.67,United Kingdom,1,0,0,1,1
17696,United Kingdom,38,8,1756,2285.71,2.3863478260869564,78,285.71375,United Kingdom,0,0,0,0,0
17697,United Kingdom,236,1,93,338.95,5.084210526315789,19,338.95,United Kingdom,1,0,0,1,1
17698,United Kingdom,261,1,93,154.95,2.1375,8,154.95,United Kingdom,1,0,0,1,1
17700,United Kingdom,17,4,1266,2534.64,3.167887323943662,116,633.66,United Kingdom,0,0,0,0,0
17701,United Kingdom,253,1,109,417.95,5.754166666666666,24,417.95,United Kingdom,1,0,0,1,1
17702,United Kingdom,30,4,1353,1824.37,1.7451351351351354,58,456.0925,United Kingdom,0,0,0,0,0
17703,United Kingdom,35,3,590,798.74,1.6427272727272726,47,266.24666666666667,United Kingdom,0,0,0,0,0
17704,United Kingdom,169,2,343,885.19,3.918709677419355,27,442.595,United Kingdom,1,0,0,1,1
17705,United Kingdom,3,9,963,1823.52,2.987378640776699,63,202.61333333333334,United Kingdom,0,0,0,0,0
17706,United Kingdom,4,17,3899,10504.49,4.205471204188481,270,617.9111764705882,United Kingdom,0,0,0,0,0
17707,United Kingdom,185,2,144,152.4,1.7700000000000002,3,76.2,United Kingdom,1,0,0,1,1
17708,United Kingdom,188,2,91,267.08,3.144,28,133.54,United Kingdom,1,0,0,1,1
17709,United Kingdom,170,1,17,137.45,13.007142857142858,7,137.45,United Kingdom,1,0,0,1,1
17711,United Kingdom,11,2,246,385.1,2.4530434782608697,22,192.55,United Kingdom,1,0,0,1,0
17712,United Kingdom,45,1,215,522.91,4.665172413793103,29,522.91,United Kingdom,1,0,0,1,1
17714,United Kingdom,321,1,92,153.0,2.05,10,153.0,United Kingdom,1,0,0,1,1
17715,United Kingdom,201,1,384,326.4,0.85,1,326.4,United Kingdom,1,0,0,1,1
17716,United Kingdom,23,11,3072,5655.99,2.530040816326531,171,514.180909090909,United Kingdom,0,0,0,0,0
17718,United Kingdom,232,1,83,139.35,4.191666666666666,6,139.35,United Kingdom,1,0,0,1,1
17719,United Kingdom,38,15,2466,5396.04,4.476167883211679,111,359.736,United Kingdom,0,0,0,0,0
17720,United Kingdom,26,4,576,1195.94,5.4342,39,298.985,United Kingdom,0,0,0,0,0
17722,United Kingdom,96,4,1595,2424.04,3.3454782608695655,111,606.01,United Kingdom,0,0,0,0,0
17723,United Kingdom,127,6,792,3276.4000000000005,4.07,4,546.0666666666667,United Kingdom,0,0,0,0,1
17724,United Kingdom,71,3,300,1033.0,4.37125,38,344.3333333333333,United Kingdom,1,0,0,1,1
17725,United Kingdom,16,11,2162,3439.08,2.5801041666666666,115,312.64363636363635,United Kingdom,0,0,0,0,0
17727,United Kingdom,15,1,645,1060.25,3.1312121212121213,66,1060.25,United Kingdom,0,0,0,0,0
17728,United Kingdom,4,3,1469,2876.01,3.3267272727272728,153,958.6700000000001,United Kingdom,0,0,0,0,0
17730,United Kingdom,3,13,3576,5298.4800000000005,1.9898165137614678,127,407.5753846153847,United Kingdom,0,0,0,0,0
17731,United Kingdom,79,4,493,1240.11,5.1274626865671635,54,310.0275,United Kingdom,0,0,0,0,1
17732,United Kingdom,373,1,93,303.97,4.9494444444444445,18,303.97,United Kingdom,1,0,0,1,1
17733,United Kingdom,39,2,463,692.19,2.959142857142857,33,346.095,United Kingdom,1,0,0,1,1
17734,United Kingdom,54,3,422,700.63,2.8969767441860466,40,233.54333333333332,United Kingdom,1,0,0,1,1
17735,United Kingdom,2,19,8439,13110.02,2.192463768115942,319,690.001052631579,United Kingdom,0,0,0,0,0
17736,United Kingdom,9,3,238,377.44,5.2212,24,125.81333333333333,United Kingdom,1,0,0,1,0
17737,United Kingdom,9,2,108,168.24,2.414,8,84.12,United Kingdom,1,0,0,1,0
17738,United Kingdom,19,4,1029,1879.05,3.5612371134020617,89,469.7625,United Kingdom,0,0,0,0,0
17739,United Kingdom,12,7,861,2791.35,4.5727659574468085,29,398.7642857142857,United Kingdom,0,0,0,0,0
17742,United Kingdom,113,2,89,355.11,8.895333333333333,13,177.555,United Kingdom,1,0,0,1,1
17744,United Kingdom,4,6,3412,2322.4,0.8940441176470588,110,387.06666666666666,United Kingdom,0,0,0,0,0
17746,United Kingdom,240,1,29,110.25,5.741666666666667,6,110.25,United Kingdom,1,0,0,1,1
17747,United Kingdom,113,1,12,71.4,5.95,1,71.4,United Kingdom,1,0,0,1,1
17749,United Kingdom,178,2,320,674.52,4.591714285714286,33,337.26,United Kingdom,1,0,0,1,1
17750,United Kingdom,5,9,3957,1797.57,0.6623316062176166,101,199.73,United Kingdom,0,0,0,0,0
17752,United Kingdom,359,1,192,80.64,0.42,1,80.64,United Kingdom,1,0,0,1,1
17754,United Kingdom,1,5,1869,1772.26,0.9895652173913044,82,354.452,United Kingdom,0,0,0,0,0
17757,United Kingdom,1,30,3320,5605.29,2.748758434547908,275,186.843,United Kingdom,0,0,0,0,0
17758,United Kingdom,19,8,2091,3456.7000000000003,2.375485436893204,310,432.08750000000003,United Kingdom,0,0,0,0,0
17759,United Kingdom,17,3,708,834.99,2.266947368421053,82,278.33,United Kingdom,0,0,0,0,0
17760,United Kingdom,22,2,239,287.59,2.2716,25,143.795,United Kingdom,1,0,0,1,1
17761,United Kingdom,33,1,398,712.78,3.142105263157895,19,712.78,United Kingdom,1,0,0,1,1
17763,United Kingdom,263,1,12,15.0,1.25,1,15.0,United Kingdom,1,0,0,1,1
17764,United Kingdom,51,2,395,818.8199999999999,3.154533333333333,71,409.40999999999997,United Kingdom,0,0,0,0,1
17765,United Kingdom,159,3,144,371.88,3.8773684210526316,51,123.96,United Kingdom,1,0,0,1,1
17767,United Kingdom,15,1,128,271.2,2.7976190476190474,21,271.2,United Kingdom,1,0,0,1,1
17768,United Kingdom,8,3,1186,2273.1800000000003,3.846857142857143,77,757.7266666666668,United Kingdom,0,0,0,0,0
17769,United Kingdom,13,10,1862,3997.98,3.0608709677419355,200,399.798,United Kingdom,0,0,0,0,0
17770,United Kingdom,199,5,365,1143.27,4.827105263157895,33,228.654,United Kingdom,1,0,0,1,1
17771,United Kingdom,57,2,287,245.81,2.247592592592593,51,122.905,United Kingdom,1,0,0,1,1
17772,United Kingdom,11,2,58,182.77,3.320943396226415,50,91.385,United Kingdom,1,0,0,1,0
17774,United Kingdom,97,4,512,1225.41,3.3438461538461537,123,306.3525,United Kingdom,0,0,0,0,1
17775,United Kingdom,255,1,72,56.4,0.7833333333333333,3,56.4,United Kingdom,1,0,0,1,1
17777,United Kingdom,25,3,507,665.86,1.6470103092783503,141,221.95333333333335,United Kingdom,0,0,0,0,0
17779,United Kingdom,21,3,397,658.57,2.803170731707317,73,219.52333333333334,United Kingdom,0,0,0,0,0
17781,United Kingdom,159,2,34,188.02,5.5566666666666675,12,94.01,United Kingdom,1,0,0,1,1
17783,United Kingdom,72,2,354,283.47,1.922686567164179,67,141.735,United Kingdom,1,0,0,1,1
17785,United Kingdom,53,1,67,131.94,2.563076923076923,13,131.94,United Kingdom,1,0,0,1,1
17786,United Kingdom,85,2,200,278.74,2.1241666666666665,57,139.37,United Kingdom,1,0,0,1,1
17787,United Kingdom,153,4,910,1865.19,2.8470895522388058,94,466.2975,United Kingdom,0,0,0,0,1
17788,United Kingdom,74,2,211,1117.9,5.42,3,558.95,United Kingdom,1,0,0,1,1
17789,United Kingdom,281,1,74,225.9,3.9714285714285715,14,225.9,United Kingdom,1,0,0,1,1
17790,United Kingdom,27,14,836,1965.55,3.126894736842105,121,140.39642857142857,United Kingdom,0,0,0,0,0
17791,United Kingdom,30,1,46,106.1,2.77,10,106.1,United Kingdom,1,0,0,1,1
17793,United Kingdom,25,1,232,323.04,3.7682758620689656,49,323.04,United Kingdom,1,0,0,1,1
17795,United Kingdom,180,2,341,350.39,1.9260869565217391,43,175.195,United Kingdom,1,0,0,1,1
17796,United Kingdom,40,4,178,697.9,4.017073170731707,63,174.475,United Kingdom,1,0,0,1,0
17797,United Kingdom,22,3,498,780.43,2.552792792792793,102,260.1433333333333,United Kingdom,0,0,0,0,0
17799,United Kingdom,22,10,1758,3055.93,2.532769607843137,280,305.59299999999996,United Kingdom,0,0,0,0,0
17800,United Kingdom,37,9,736,1199.01,2.200480769230769,51,133.22333333333333,United Kingdom,0,0,0,0,0
17802,United Kingdom,82,3,752,1285.04,2.2339285714285713,102,428.34666666666664,United Kingdom,0,0,0,0,1
17805,United Kingdom,74,1,478,512.31,2.257,10,512.31,United Kingdom,1,0,0,1,1
17806,United Kingdom,11,1,727,546.04,1.0211627906976743,43,546.04,United Kingdom,0,0,0,0,0
17809,United Kingdom,16,12,2057,5411.91,2.9057377049180326,46,450.9925,United Kingdom,0,0,0,0,0
17811,United Kingdom,4,39,4177,7837.7300000000005,2.7256756756756757,359,200.9674358974359,United Kingdom,0,0,0,0,0
17812,United Kingdom,13,4,350,732.16,3.029645390070922,113,183.04,United Kingdom,0,0,0,0,0
17813,United Kingdom,14,5,790,1770.8799999999999,3.3684636118598386,297,354.176,United Kingdom,0,0,0,0,0
17816,United Kingdom,37,4,30,36.56,1.4105882352941177,16,9.14,United Kingdom,1,-1,0,1,1
17817,United Kingdom,4,3,67,387.68,9.148484848484848,32,129.22666666666666,United Kingdom,1,0,0,1,0
17819,United Kingdom,72,7,1031,3704.87,4.4487499999999995,36,529.2671428571429,United Kingdom,0,0,0,0,0
17824,United Kingdom,51,1,408,298.4,1.0692307692307692,13,298.4,United Kingdom,1,0,0,1,1
17827,United Kingdom,5,5,1247,1995.46,2.3783636363636362,190,399.092,United Kingdom,0,0,0,0,0
17828,Malta,23,4,667,1820.09,5.273432835820896,54,455.0225,Other,0,0,0,0,0
17829,United Arab Emirates,299,1,496,889.24,2.5856666666666666,30,889.24,Other,1,0,0,1,1
17830,United Kingdom,2,3,92,398.7,6.01304347826087,18,132.9,United Kingdom,1,0,0,1,0
17831,United Kingdom,33,1,12,35.400000000000006,2.95,2,35.400000000000006,United Kingdom,1,0,0,1,1
17832,United Kingdom,50,1,208,155.37,1.1116393442622952,61,155.37,United Kingdom,1,0,0,1,1
17835,United Kingdom,3,3,348,350.64,1.6985245901639343,45,116.88,United Kingdom,1,0,0,1,0
17836,United Kingdom,47,1,88,110.21000000000001,1.3658333333333335,23,110.21000000000001,United Kingdom,1,0,0,1,1
17837,United Kingdom,42,8,518,1593.38,3.8654437869822487,110,199.1725,United Kingdom,0,0,0,0,0
17838,United Kingdom,27,5,1879,2779.3,3.797685950413223,96,555.86,United Kingdom,0,0,0,0,0
17839,United Kingdom,42,1,285,338.8,1.7505357142857143,50,338.8,United Kingdom,1,0,0,1,1
17841,United Kingdom,2,124,23071,40991.57,2.52943672741175,1323,330.5771774193548,United Kingdom,0,-1,0,0,0
17843,United Kingdom,303,1,113,205.48,3.2051351351351354,36,205.48,United Kingdom,1,0,0,1,1
17844,Canada,107,1,52,51.559999999999995,0.998,5,51.559999999999995,Other,1,0,0,1,1
17846,United Kingdom,85,1,1,2033.1,2033.1,1,2033.1,United Kingdom,1,-1,0,1,1
17848,United Kingdom,81,9,398,901.1999999999999,4.231372549019608,41,100.13333333333333,United Kingdom,0,0,0,0,1
17849,United Kingdom,218,4,114,605.8000000000001,10.323076923076924,14,151.45000000000002,United Kingdom,1,0,0,1,1
17850,United Kingdom,372,34,1733,5391.21,3.9603703703703705,21,158.565,United Kingdom,0,-1,0,0,1
17852,United Kingdom,12,2,53,114.34,2.3679166666666664,21,57.17,United Kingdom,1,0,0,1,1
17854,United Kingdom,185,2,84,311.26,3.586,15,155.63,United Kingdom,1,0,0,1,1
17855,United Kingdom,373,1,197,208.97,1.7658823529411765,17,208.97,United Kingdom,1,0,0,1,1
17856,United Kingdom,2,4,842,1418.03,3.5593333333333335,12,354.5075,United Kingdom,0,0,0,0,0
17857,United Kingdom,4,23,19256,26879.04,10.332407407407405,19,1168.6539130434783,United Kingdom,0,-1,0,0,0
17858,United Kingdom,6,12,2706,5155.66,5.885075376884423,101,429.6383333333333,United Kingdom,0,0,0,0,0
17859,United Kingdom,305,1,127,148.21,1.8108000000000002,23,148.21,United Kingdom,1,0,0,1,1
17860,United Kingdom,369,1,104,252.8,2.556379310344828,49,252.8,United Kingdom,1,0,0,1,1
17861,United Kingdom,3,8,1988,2100.8,2.4218018018018017,172,262.6,United Kingdom,0,0,0,0,0
17862,United Kingdom,324,1,100,330.9,5.145454545454545,11,330.9,United Kingdom,1,0,0,1,1
17863,United Kingdom,59,6,2638,3160.0,1.547027027027027,110,526.6666666666666,United Kingdom,0,0,0,0,0
17864,United Kingdom,13,3,810,597.5,1.8047058823529414,70,199.16666666666666,United Kingdom,0,0,0,0,0
17865,United Kingdom,31,20,5757,10526.32,2.7636756756756755,191,526.316,United Kingdom,0,0,0,0,0
17866,United Kingdom,143,1,174,329.65,3.4000000000000004,9,329.65,United Kingdom,1,0,0,1,1
17867,United Kingdom,30,6,542,1197.1000000000001,2.3807594936708862,62,199.51666666666668,United Kingdom,0,0,0,0,0
17869,United Kingdom,107,5,111,428.18,6.1585,37,85.636,United Kingdom,1,0,0,1,1
17870,United Kingdom,2,12,1401,1894.35,2.2145161290322584,214,157.86249999999998,United Kingdom,0,0,0,0,0
17871,United Kingdom,205,1,182,155.9,2.132,10,155.9,United Kingdom,1,0,0,1,1
17873,United Kingdom,80,5,1047,1859.16,4.690227272727273,24,371.832,United Kingdom,0,0,0,0,1
17874,United Kingdom,185,6,221,683.46,4.084565217391304,37,113.91000000000001,United Kingdom,1,0,0,1,1
17877,United Kingdom,170,1,98,237.61,3.5408333333333335,12,237.61,United Kingdom,1,0,0,1,1
17878,United Kingdom,44,1,401,379.45,2.246153846153846,26,379.45,United Kingdom,1,0,0,1,1
17879,United Kingdom,174,1,45,178.51999999999998,3.638333333333333,6,178.51999999999998,United Kingdom,1,0,0,1,1
17880,United Kingdom,365,1,314,458.92,2.4615384615384617,26,458.92,United Kingdom,1,0,0,1,1
17881,United Kingdom,304,1,32,133.35000000000002,4.53125,8,133.35000000000002,United Kingdom,1,0,0,1,1
17883,United Kingdom,3,4,379,671.77,2.2995172413793106,133,167.9425,United Kingdom,0,0,0,0,0
17884,United Kingdom,4,4,854,717.45,1.9159829059829059,107,179.3625,United Kingdom,0,0,0,0,0
17885,United Kingdom,12,1,167,190.19,2.215,50,190.19,United Kingdom,1,0,0,1,0
17886,United Kingdom,32,3,481,899.61,2.988348623853211,93,299.87,United Kingdom,0,0,0,0,0
17887,United Kingdom,129,1,30,111.35,5.235,10,111.35,United Kingdom,1,0,0,1,1
17888,United Kingdom,21,8,980,726.05,2.974925373134328,60,90.75625,United Kingdom,0,0,0,0,0
17889,United Kingdom,212,2,79,203.87,3.4580952380952383,20,101.935,United Kingdom,1,0,0,1,1
17890,United Kingdom,323,2,416,602.09,2.4690425531914895,88,301.045,United Kingdom,1,0,0,1,1
17891,United Kingdom,162,1,393,203.85999999999999,0.711764705882353,34,203.85999999999999,United Kingdom,1,0,0,1,1
17892,United Kingdom,56,3,109,244.1,3.275,27,81.36666666666666,United Kingdom,1,0,0,1,1
17893,United Kingdom,225,1,161,112.25,2.0949999999999998,15,112.25,United Kingdom,1,0,0,1,1
17894,United Kingdom,72,8,405,1119.81,2.7942487046632123,127,139.97625,United Kingdom,0,0,0,0,0
17895,United Kingdom,44,1,130,98.0,1.860625,15,98.0,United Kingdom,1,0,0,1,1
17896,United Kingdom,23,1,288,256.32,0.89,2,256.32,United Kingdom,1,0,0,1,1
17897,United Kingdom,173,3,229,566.6,3.0799122807017545,100,188.86666666666667,United Kingdom,1,0,0,1,1
17898,United Kingdom,85,2,190,152.06,1.4814285714285713,27,76.03,United Kingdom,1,0,0,1,1
17899,United Kingdom,159,1,171,155.8,2.384375,29,155.8,United Kingdom,1,0,0,1,1
17900,United Kingdom,190,2,73,112.19999999999999,3.608333333333333,4,56.099999999999994,United Kingdom,1,0,0,1,1
17901,United Kingdom,29,1,24,110.38,5.328947368421052,19,110.38,United Kingdom,1,0,0,1,1
17904,United Kingdom,21,1,63,191.67,3.617894736842105,33,191.67,United Kingdom,1,0,0,1,1
17905,United Kingdom,71,4,407,800.24,3.793823529411765,33,200.06,United Kingdom,1,0,0,1,1
17906,United Kingdom,247,1,26,72.9,3.8249999999999997,12,72.9,United Kingdom,1,0,0,1,1
17908,United Kingdom,374,1,173,243.28,2.6725862068965514,51,243.28,United Kingdom,1,0,0,1,1
17911,United Kingdom,9,1,223,366.23,2.181025641025641,39,366.23,United Kingdom,1,0,0,1,0
17912,United Kingdom,310,5,185,311.01,3.9815789473684213,35,62.202,United Kingdom,1,0,0,1,1
17913,United Kingdom,59,2,289,411.6,2.434237288135593,55,205.8,United Kingdom,1,0,0,1,1
17914,United Kingdom,4,1,473,336.43,1.9649999999999999,72,336.43,United Kingdom,0,0,0,0,0
17917,United Kingdom,45,3,187,341.28,2.2280851063829785,77,113.75999999999999,United Kingdom,1,0,0,1,1
17919,United Kingdom,88,1,756,1304.04,2.1630434782608696,23,1304.04,United Kingdom,0,0,0,0,1
17920,United Kingdom,4,17,2516,4204.1,2.3329741379310347,407,247.3,United Kingdom,0,0,0,0,0
17921,United Kingdom,64,4,430,826.52,2.348689655172414,114,206.63,United Kingdom,0,0,0,0,0
17923,United Kingdom,282,1,50,207.50000000000003,4.15,1,207.50000000000003,United Kingdom,1,0,0,1,1
17924,United Kingdom,12,7,1160,2962.5,3.246451612903226,26,423.2142857142857,United Kingdom,0,0,0,0,0
17925,United Kingdom,373,1,72,244.08,3.39,1,244.08,United Kingdom,1,0,0,1,1
17926,United Kingdom,133,2,306,397.29,3.1552380952380954,17,198.645,United Kingdom,1,0,0,1,1
17928,United Kingdom,45,2,140,212.54,2.988695652173913,23,106.27,United Kingdom,1,0,0,1,1
17929,United Kingdom,11,4,108,843.0,7.57,4,210.75,United Kingdom,1,0,0,1,0
17930,United Kingdom,36,5,1594,1740.48,1.4825641025641025,26,348.096,United Kingdom,0,0,0,0,0
17931,United Kingdom,134,2,249,408.36,3.069384615384615,63,204.18,United Kingdom,1,0,0,1,1
17932,United Kingdom,29,3,789,1331.57,2.7395555555555555,84,443.8566666666666,United Kingdom,0,0,0,0,0
17934,United Kingdom,52,2,478,704.25,3.4528571428571433,21,352.125,United Kingdom,1,0,0,1,1
17935,United Kingdom,138,2,82,145.79,1.8672413793103448,28,72.895,United Kingdom,1,0,0,1,1
17936,United Kingdom,5,1,262,389.84,2.384025974025974,68,389.84,United Kingdom,1,0,0,1,0
17937,United Kingdom,9,7,1754,4301.22,3.473255813953488,19,614.46,United Kingdom,0,0,0,0,0
17939,United Kingdom,160,1,40,99.14,2.455833333333333,12,99.14,United Kingdom,1,0,0,1,1
17940,United Kingdom,49,10,9755,4106.4400000000005,98.52894736842104,6,410.64400000000006,United Kingdom,0,-1,0,0,0
17941,United Kingdom,131,1,252,304.56,1.255,2,304.56,United Kingdom,1,0,0,1,1
17942,United Kingdom,8,1,38,77.50000000000001,1.525,2,77.50000000000001,United Kingdom,1,0,0,1,1
17946,United Kingdom,233,2,75,149.57999999999998,3.1445,18,74.78999999999999,United Kingdom,1,0,0,1,1
17947,United Kingdom,37,1,168,176.68,0.9422222222222223,9,176.68,United Kingdom,1,0,0,1,1
17948,United Kingdom,147,1,144,358.56000000000006,2.49,1,358.56000000000006,United Kingdom,1,0,0,1,1
17949,United Kingdom,1,45,30546,58510.48,3.3914285714285715,29,1300.232888888889,United Kingdom,0,-1,0,0,0
17950,United Kingdom,72,3,366,482.2,2.3209859154929577,63,160.73333333333332,United Kingdom,1,0,0,1,1
17951,United Kingdom,40,3,616,1008.5400000000001,2.2085,18,336.18,United Kingdom,0,0,0,0,1
17954,United Kingdom,5,12,2234,2332.72,1.942103092783505,326,194.39333333333332,United Kingdom,0,0,0,0,0
17955,United Kingdom,199,4,273,557.3,5.631052631578947,14,139.325,United Kingdom,1,0,0,1,1
17956,United Kingdom,249,1,1,12.75,12.75,1,12.75,United Kingdom,1,-1,0,1,1
17957,United Kingdom,66,1,287,111.68,1.3490322580645162,31,111.68,United Kingdom,1,0,0,1,1
17958,United Kingdom,117,1,84,508.4599999999999,4.04,7,508.4599999999999,United Kingdom,1,0,0,1,1
17960,United Kingdom,171,1,41,73.78,1.7196153846153845,26,73.78,United Kingdom,1,0,0,1,1
17961,United Kingdom,21,39,560,1296.44,3.2722489959839356,211,33.242051282051285,United Kingdom,0,-1,0,0,0
17962,United Kingdom,142,1,128,102.83,1.6517142857142857,33,102.83,United Kingdom,1,0,0,1,1
17964,United Kingdom,32,2,301,471.7,2.680192307692308,84,235.85,United Kingdom,1,0,0,1,0
17965,United Kingdom,38,14,1556,2622.57,3.4882370820668696,274,187.32642857142858,United Kingdom,0,0,0,0,0
17966,United Kingdom,38,5,2571,1098.43,1.4894117647058824,53,219.686,United Kingdom,0,0,0,0,0
17967,United Kingdom,372,1,80,123.07,1.8797916666666667,41,123.07,United Kingdom,1,0,0,1,1
17968,United Kingdom,374,1,160,277.35,1.9291764705882353,74,277.35,United Kingdom,1,0,0,1,1
17969,United Kingdom,166,2,152,228.2,4.701428571428571,14,114.1,United Kingdom,1,0,0,1,1
17970,United Kingdom,211,1,525,582.59,2.9658064516129032,27,582.59,United Kingdom,1,0,0,1,1
17972,United Kingdom,242,1,37,136.04,4.230322580645161,30,136.04,United Kingdom,1,0,0,1,1
17973,United Kingdom,52,1,176,337.04,3.244,15,337.04,United Kingdom,1,0,0,1,1
17974,United Kingdom,25,3,519,740.79,2.024245810055866,143,246.92999999999998,United Kingdom,0,0,0,0,0
17975,United Kingdom,15,13,1568,4488.81,3.1686824324324325,189,345.29307692307697,United Kingdom,0,0,0,0,0
17976,United Kingdom,372,1,106,353.19,3.532,56,353.19,United Kingdom,1,0,0,1,1
17977,United Kingdom,29,1,342,288.14,3.2476190476190476,19,288.14,United Kingdom,1,0,0,1,1
17978,United Kingdom,365,1,499,300.91999999999996,2.3633333333333333,12,300.91999999999996,United Kingdom,1,0,0,1,1
17979,United Kingdom,36,4,397,757.71,2.338082191780822,116,189.4275,United Kingdom,0,0,0,0,0
17980,United Kingdom,166,3,682,811.45,2.2036666666666664,23,270.48333333333335,United Kingdom,1,0,0,1,1
17984,United Kingdom,145,1,98,152.68,2.066666666666667,48,152.68,United Kingdom,1,0,0,1,1
17985,United Kingdom,22,1,183,634.95,4.469565217391304,20,634.95,United Kingdom,1,0,0,1,1
17986,United Kingdom,56,1,10,20.8,2.08,1,20.8,United Kingdom,1,0,0,1,1
17987,United Kingdom,185,1,261,198.57,0.9092307692307693,13,198.57,United Kingdom,1,0,0,1,1
17988,United Kingdom,12,7,43,201.12,5.094736842105263,37,28.731428571428573,United Kingdom,1,-1,0,1,0
17990,United Kingdom,237,3,414,630.84,2.3224137931034488,27,210.28,United Kingdom,1,0,0,1,1
17991,United Kingdom,225,2,25,93.35,4.91,4,46.675,United Kingdom,1,0,0,1,1
17994,United Kingdom,122,4,497,678.49,2.3518518518518516,63,169.6225,United Kingdom,1,0,0,1,1
17995,United Kingdom,282,1,133,76.1,1.685,2,76.1,United Kingdom,1,0,0,1,1
17997,United Kingdom,74,8,2298,1970.6699999999998,1.5156024096385543,133,246.33374999999998,United Kingdom,0,0,0,0,0
17999,United Kingdom,37,2,221,382.06,2.822903225806452,87,191.03,United Kingdom,1,0,0,1,1
18001,United Kingdom,12,2,363,417.23,2.8377586206896552,56,208.615,United Kingdom,1,0,0,1,0
18004,United Kingdom,362,1,78,169.47,2.76525,32,169.47,United Kingdom,1,0,0,1,1
18005,United Kingdom,4,2,93,249.72,3.1863333333333332,52,124.86,United Kingdom,1,0,0,1,0
18006,United Kingdom,23,1,220,444.68,3.2290909090909095,21,444.68,United Kingdom,1,0,0,1,1
18008,United Kingdom,70,9,1581,2116.19,3.8,24,235.13222222222223,United Kingdom,0,0,0,0,0
18009,United Kingdom,235,1,126,257.34,4.1378125,31,257.34,United Kingdom,1,0,0,1,1
18010,United Kingdom,257,1,60,174.8,5.014285714285714,14,174.8,United Kingdom,1,0,0,1,1
18011,United Kingdom,373,1,71,102.78999999999999,2.3610714285714285,28,102.78999999999999,United Kingdom,1,0,0,1,1
18013,United Kingdom,155,2,285,187.29,1.1703225806451614,31,93.645,United Kingdom,1,0,0,1,1
18014,United Kingdom,28,1,68,166.42,2.930625,29,166.42,United Kingdom,1,0,0,1,1
18015,United Kingdom,4,1,157,120.03,1.2758695652173913,46,120.03,United Kingdom,1,0,0,1,0
18016,United Kingdom,32,5,1029,1483.56,3.353821138211382,90,296.712,United Kingdom,0,0,0,0,0
18017,United Kingdom,81,3,300,523.0,1.7433333333333334,1,174.33333333333334,United Kingdom,1,0,0,1,1
18018,United Kingdom,108,2,55,122.14,3.8113793103448277,29,61.07,United Kingdom,1,0,0,1,1
18019,United Kingdom,52,1,7,38.45,5.71,5,38.45,United Kingdom,1,0,0,1,1
18022,United Kingdom,36,1,736,668.11,1.754240837696335,141,668.11,United Kingdom,0,0,0,0,0
18024,United Kingdom,153,2,184,389.78,2.5828571428571427,21,194.89,United Kingdom,1,0,0,1,1
18027,United Kingdom,99,1,78,115.31,2.7923809523809524,21,115.31,United Kingdom,1,0,0,1,1
18030,United Kingdom,4,2,67,230.64999999999998,6.705555555555555,8,115.32499999999999,United Kingdom,1,0,0,1,0
18032,United Kingdom,334,1,42,73.5,1.8699999999999999,5,73.5,United Kingdom,1,0,0,1,1
18033,United Kingdom,65,1,253,97.97,1.8658823529411763,32,97.97,United Kingdom,1,0,0,1,1
18034,United Kingdom,22,2,561,422.88,1.3344642857142859,99,211.44,United Kingdom,0,0,0,0,0
18035,United Kingdom,36,3,611,730.4,2.467358490566038,44,243.46666666666667,United Kingdom,0,0,0,0,0
18036,United Kingdom,32,3,234,405.62,1.8920833333333336,77,135.20666666666668,United Kingdom,1,0,0,1,0
18037,United Kingdom,154,6,20,70.02,3.598421052631579,19,11.67,United Kingdom,1,-1,0,1,1
18040,United Kingdom,19,2,148,357.20000000000005,3.0710526315789473,18,178.60000000000002,United Kingdom,1,0,0,1,1
18041,United Kingdom,12,21,3819,4183.39,1.968156779661017,285,199.20904761904762,United Kingdom,0,0,0,0,0
18042,United Kingdom,54,1,33,165.04999999999998,5.45,7,165.04999999999998,United Kingdom,1,0,0,1,1
18043,United Kingdom,25,3,282,559.51,2.9121487603305787,106,186.50333333333333,United Kingdom,0,0,0,0,0
18044,United Kingdom,4,10,1033,2088.6,4.251574803149607,88,208.85999999999999,United Kingdom,0,0,0,0,0
18045,United Kingdom,45,1,142,189.4,2.606808510638298,43,189.4,United Kingdom,1,0,0,1,1
18048,United Kingdom,203,2,127,172.29000000000002,1.5,6,86.14500000000001,United Kingdom,1,0,0,1,1
18050,United Kingdom,359,1,40,74.4,2.31,5,74.4,United Kingdom,1,0,0,1,1
18053,United Kingdom,71,1,302,300.02,1.5855000000000001,20,300.02,United Kingdom,1,0,0,1,1
18055,United Kingdom,7,10,2455,6784.1900000000005,4.0215555555555556,223,678.4190000000001,United Kingdom,0,0,0,0,0
18056,United Kingdom,288,1,211,363.65,3.7578947368421054,19,363.65,United Kingdom,1,0,0,1,1
18058,United Kingdom,10,1,88,170.16,1.7966666666666666,3,170.16,United Kingdom,1,0,0,1,1
18059,United Kingdom,23,3,258,306.46,1.913333333333333,17,102.15333333333332,United Kingdom,1,0,0,1,1
18061,United Kingdom,22,10,955,2119.41,5.010434782608696,18,211.94099999999997,United Kingdom,0,0,0,0,0
18062,United Kingdom,173,3,396,720.52,4.489259259259259,23,240.17333333333332,United Kingdom,1,0,0,1,1
18064,United Kingdom,133,2,384,814.0,2.2471428571428573,7,407.0,United Kingdom,1,0,0,1,1
18065,United Kingdom,6,14,1027,2392.83,4.154306569343065,110,170.91642857142855,United Kingdom,0,0,0,0,0
18066,United Kingdom,75,1,108,318.0,3.4299999999999997,10,318.0,United Kingdom,1,0,0,1,1
18067,United Kingdom,40,1,189,396.33,2.8329729729729727,36,396.33,United Kingdom,1,0,0,1,1
18068,United Kingdom,289,1,6,101.69999999999999,16.95,1,101.69999999999999,United Kingdom,1,0,0,1,1
18069,United Kingdom,26,5,1311,2036.67,2.201787234042553,334,407.334,United Kingdom,0,0,0,0,0
18071,United Kingdom,258,2,260,453.0,2.998,23,226.5,United Kingdom,1,0,0,1,1
18072,United Kingdom,186,1,288,247.44,0.885,18,247.44,United Kingdom,1,0,0,1,1
18073,United Kingdom,114,12,3108,3877.5200000000004,3.834931506849315,23,323.1266666666667,United Kingdom,0,0,0,0,0
18074,United Kingdom,374,1,190,489.6,4.7807692307692315,13,489.6,United Kingdom,1,0,0,1,1
18075,United Kingdom,23,10,1464,2611.75,3.4669014084507044,97,261.175,United Kingdom,0,0,0,0,0
18077,United Kingdom,8,11,1878,2633.0099999999998,1.8249779735682818,101,239.36454545454544,United Kingdom,0,0,0,0,0
18078,United Kingdom,217,2,145,336.13,2.98551724137931,27,168.065,United Kingdom,1,0,0,1,1
18079,United Kingdom,45,4,7432,3651.97,0.8958267716535433,99,912.9925,United Kingdom,0,0,0,0,0
18080,United Kingdom,19,2,642,1231.5,1.9,2,615.75,United Kingdom,1,0,0,1,1
18081,United Kingdom,36,3,195,343.45,3.84,14,114.48333333333333,United Kingdom,1,0,0,1,1
18082,United Kingdom,26,1,621,703.37,2.153972602739726,62,703.37,United Kingdom,0,0,0,0,0
18084,United Kingdom,16,1,312,90.47999999999999,0.29,1,90.47999999999999,United Kingdom,1,0,0,1,1
18085,United Kingdom,330,2,265,689.95,2.8448275862068964,25,344.975,United Kingdom,1,0,0,1,1
18086,United Kingdom,274,1,106,101.34,1.48,7,101.34,United Kingdom,1,0,0,1,1
18087,United Kingdom,98,2,3907,4055.7199999999993,426.81,2,2027.8599999999997,United Kingdom,0,-1,0,0,1
18088,United Kingdom,61,1,109,167.67000000000002,2.0935897435897437,35,167.67000000000002,United Kingdom,1,0,0,1,1
18092,United Kingdom,2,11,4252,9068.26,3.7192134831460675,28,824.3872727272727,United Kingdom,0,0,0,0,0
18093,United Kingdom,93,4,1392,2106.52,1.6352777777777776,31,526.63,United Kingdom,0,0,0,0,1
18094,United Kingdom,82,7,2518,3017.3,2.1552857142857142,39,431.04285714285714,United Kingdom,0,0,0,0,0
18095,United Kingdom,313,2,419,580.0500000000001,2.619047619047619,20,290.02500000000003,United Kingdom,1,0,0,1,1
18096,United Kingdom,12,3,825,911.15,2.2876525821596245,157,303.71666666666664,United Kingdom,0,0,0,0,0
18097,United Kingdom,8,6,1686,2697.8,2.9694444444444446,65,449.6333333333334,United Kingdom,0,0,0,0,0
18099,United Kingdom,127,1,149,168.31,2.1389473684210527,19,168.31,United Kingdom,1,0,0,1,1
18101,United Kingdom,11,2,88,223.65,2.580487804878049,37,111.825,United Kingdom,1,0,0,1,0
18102,United Kingdom,1,60,64124,259657.3,4.503294663573086,150,4327.621666666667,United Kingdom,0,-1,1,0,0
18104,United Kingdom,37,1,362,754.64,3.758947368421053,38,754.64,United Kingdom,1,0,0,1,1
18105,United Kingdom,38,1,46,113.48000000000002,2.232222222222222,18,113.48000000000002,United Kingdom,1,0,0,1,1
18106,United Kingdom,330,1,128,430.7,3.9358974358974357,33,430.7,United Kingdom,1,0,0,1,1
18108,United Kingdom,254,1,84,271.0,4.711764705882352,17,271.0,United Kingdom,1,0,0,1,1
18109,United Kingdom,2,26,4237,8052.97,4.930247747747748,119,309.7296153846154,United Kingdom,0,0,0,0,0
18110,United Kingdom,20,1,86,236.3,2.7769565217391303,33,236.3,United Kingdom,1,0,0,1,1
18112,United Kingdom,12,2,255,352.69,4.289230769230769,26,176.345,United Kingdom,1,0,0,1,0
18113,United Kingdom,369,1,72,76.32000000000001,1.06,1,76.32000000000001,United Kingdom,1,0,0,1,1
18114,United Kingdom,290,1,55,220.1,5.533928571428571,28,220.1,United Kingdom,1,0,0,1,1
18116,United Kingdom,68,8,848,1418.03,2.370079365079365,230,177.25375,United Kingdom,0,0,0,0,0
18117,United Kingdom,26,1,618,320.72,1.2141891891891892,68,320.72,United Kingdom,1,0,0,1,0
18118,United Kingdom,11,26,2882,5653.82,2.5287959343236905,424,217.45461538461538,United Kingdom,0,0,0,0,0
18119,United Kingdom,368,1,125,181.12,2.7823333333333333,29,181.12,United Kingdom,1,0,0,1,1
18120,United Kingdom,214,1,31,111.15,4.0323529411764705,17,111.15,United Kingdom,1,0,0,1,1
18121,United Kingdom,149,2,450,673.1,1.865,28,336.55,United Kingdom,1,0,0,1,1
18122,United Kingdom,8,6,1234,1826.21,2.3395054945054947,239,304.36833333333334,United Kingdom,0,0,0,0,0
18123,United Kingdom,24,2,594,589.4399999999999,1.4233333333333333,31,294.71999999999997,United Kingdom,1,0,0,1,0
18125,United Kingdom,30,4,804,1142.99,2.225459183673469,164,285.7475,United Kingdom,0,0,0,0,0
18126,United Kingdom,61,1,144,206.82999999999998,1.9507142857142856,52,206.82999999999998,United Kingdom,1,0,0,1,1
18127,United Kingdom,19,3,188,348.73,3.177446808510638,41,116.24333333333334,United Kingdom,1,0,0,1,0
18129,United Kingdom,243,1,48,112.55000000000001,2.9250000000000003,13,112.55000000000001,United Kingdom,1,0,0,1,1
18130,United Kingdom,15,3,824,1059.39,2.3695714285714287,58,353.13000000000005,United Kingdom,0,0,0,0,0
18133,United Kingdom,212,1,1350,931.4999999999999,0.69,1,931.4999999999999,United Kingdom,1,0,0,1,1
18135,United Kingdom,29,5,349,681.9100000000001,2.3075,11,136.382,United Kingdom,1,0,0,1,1
18136,United Kingdom,63,3,379,784.33,2.728421052631579,34,261.4433333333333,United Kingdom,1,0,0,1,1
18138,United Kingdom,295,1,38,152.65,6.25625,8,152.65,United Kingdom,1,0,0,1,1
18139,United Kingdom,18,6,5557,8438.34,1.5092452830188678,35,1406.39,United Kingdom,0,0,0,0,0
18142,United Kingdom,157,2,1276,1019.52,1.53,9,509.76,United Kingdom,1,0,0,1,1
18143,United Kingdom,117,2,570,1000.16,2.728360655737705,59,500.08,United Kingdom,0,0,0,0,1
18144,United Kingdom,8,12,1343,2888.75,4.43046511627907,27,240.72916666666666,United Kingdom,0,0,0,0,0
18145,United Kingdom,13,4,2625,2861.55,1.801447963800905,174,715.3875,United Kingdom,0,0,0,0,0
18146,United Kingdom,141,2,153,160.35000000000002,1.95,10,80.17500000000001,United Kingdom,1,0,0,1,1
18147,United Kingdom,46,2,203,179.33999999999997,1.2971428571428572,7,89.66999999999999,United Kingdom,1,0,0,1,1
18149,United Kingdom,51,3,310,612.0799999999999,2.7525,11,204.02666666666664,United Kingdom,1,0,0,1,1
18150,United Kingdom,32,3,332,566.58,2.3235135135135137,29,188.86,United Kingdom,1,0,0,1,1
18151,United Kingdom,135,2,355,653.35,3.1986842105263156,38,326.675,United Kingdom,1,0,0,1,1
18154,United Kingdom,3,2,255,399.19,2.8261904761904764,15,199.595,United Kingdom,1,0,0,1,0
18155,United Kingdom,75,3,266,371.62,2.4703999999999997,19,123.87333333333333,United Kingdom,1,0,0,1,1
18156,United Kingdom,13,2,301,734.94,3.0002142857142857,100,367.47,United Kingdom,0,0,0,0,0
18158,United Kingdom,9,2,354,453.4,1.2944117647058824,24,226.7,United Kingdom,1,0,0,1,0
18159,United Kingdom,301,1,139,530.15,5.004347826086956,23,530.15,United Kingdom,1,0,0,1,1
18160,United Kingdom,57,2,294,638.0600000000001,3.657179487179487,37,319.03000000000003,United Kingdom,1,0,0,1,1
18161,United Kingdom,15,5,812,1618.69,3.640125,49,323.738,United Kingdom,0,0,0,0,0
18164,United Kingdom,37,1,184,399.65000000000003,4.207083333333333,24,399.65000000000003,United Kingdom,1,0,0,1,1
18165,United Kingdom,177,1,254,302.46000000000004,1.238,10,302.46000000000004,United Kingdom,1,0,0,1,1
18167,United Kingdom,23,3,382,1384.8600000000001,3.788648648648649,24,461.62000000000006,United Kingdom,0,0,0,0,0
18168,United Kingdom,176,6,594,1169.94,3.2399236641221374,97,194.99,United Kingdom,0,0,0,0,1
18169,United Kingdom,61,1,61,202.65,3.688888888888889,9,202.65,United Kingdom,1,0,0,1,1
18170,United Kingdom,33,3,409,980.31,4.247368421052632,29,326.77,United Kingdom,0,0,0,0,0
18171,United Kingdom,59,5,481,1231.31,5.11037037037037,43,246.262,United Kingdom,0,0,0,0,1
18172,United Kingdom,15,20,3184,7561.68,3.107037037037037,100,378.084,United Kingdom,0,0,0,0,0
18173,United Kingdom,87,4,1220,2106.84,2.705806451612903,23,526.71,United Kingdom,0,0,0,0,1
18174,United Kingdom,7,1,50,104.0,2.08,1,104.0,United Kingdom,1,0,0,1,1
18176,United Kingdom,358,1,283,476.35,2.6816666666666666,30,476.35,United Kingdom,1,0,0,1,1
18177,United Kingdom,31,6,710,1341.42,1.8343243243243244,53,223.57000000000002,United Kingdom,0,0,0,0,0
18178,United Kingdom,129,4,983,1590.81,2.448762886597938,80,397.7025,United Kingdom,0,0,0,0,1
18179,United Kingdom,9,6,1360,1793.17,2.761,86,298.8616666666667,United Kingdom,0,0,0,0,0
18180,United Kingdom,5,6,1721,1843.75,2.080840336134454,108,307.2916666666667,United Kingdom,0,0,0,0,0
18181,United Kingdom,24,1,146,382.8,3.6140909090909092,40,382.8,United Kingdom,1,0,0,1,1
18183,United Kingdom,227,2,371,632.07,3.5043243243243243,36,316.035,United Kingdom,1,0,0,1,1
18184,United Kingdom,15,1,60,49.8,0.83,1,49.8,United Kingdom,1,0,0,1,1
18185,United Kingdom,249,1,183,304.25,3.626470588235294,17,304.25,United Kingdom,1,0,0,1,1
18188,United Kingdom,15,3,1168,2001.04,2.4726760563380283,63,667.0133333333333,United Kingdom,0,0,0,0,0
18189,United Kingdom,78,2,566,1090.24,3.2851470588235294,65,545.12,United Kingdom,0,0,0,0,1
18190,United Kingdom,192,2,140,284.46000000000004,3.929333333333333,14,142.23000000000002,United Kingdom,1,0,0,1,1
18191,United Kingdom,262,1,140,207.79999999999998,4.021428571428571,7,207.79999999999998,United Kingdom,1,0,0,1,1
18192,United Kingdom,72,1,339,957.97,4.007333333333333,45,957.97,United Kingdom,1,0,0,1,1
18193,United Kingdom,165,1,124,243.76,3.5949999999999998,16,243.76,United Kingdom,1,0,0,1,1
18194,United Kingdom,82,1,632,973.8399999999999,1.6514285714285712,7,973.8399999999999,United Kingdom,1,0,0,1,1
18196,United Kingdom,95,2,433,689.13,2.2075886524822694,131,344.565,United Kingdom,0,0,0,0,1
18198,United Kingdom,4,17,4074,5425.56,2.3962893081761005,81,319.15058823529415,United Kingdom,0,0,0,0,0
18200,United Kingdom,106,1,111,163.8,1.9684375,29,163.8,United Kingdom,1,0,0,1,1
18202,United Kingdom,200,3,581,1396.99,4.052058823529412,55,465.66333333333336,United Kingdom,0,0,0,0,1
18203,United Kingdom,157,1,43,160.42000000000002,4.583157894736842,19,160.42000000000002,United Kingdom,1,0,0,1,1
18204,United Kingdom,71,3,1200,1993.7,2.5493,159,664.5666666666667,United Kingdom,0,0,0,0,0
18205,United Kingdom,36,2,192,517.36,4.58,30,258.68,United Kingdom,1,0,0,1,1
18209,United Kingdom,29,1,58,139.10000000000002,3.24375,8,139.10000000000002,United Kingdom,1,0,0,1,1
18210,United Kingdom,2,6,1398,2621.38,3.5970895522388058,109,436.8966666666667,United Kingdom,0,0,0,0,0
18211,United Kingdom,26,5,359,600.07,2.451904761904762,37,120.01400000000001,United Kingdom,1,0,0,1,0
18212,United Kingdom,326,1,101,248.42,3.057674418604651,30,248.42,United Kingdom,1,0,0,1,1
18213,United Kingdom,237,1,232,232.48000000000002,1.5013333333333334,15,232.48000000000002,United Kingdom,1,0,0,1,1
18215,United Kingdom,89,1,118,299.34000000000003,2.9930769230769227,13,299.34000000000003,United Kingdom,1,0,0,1,1
18216,United Kingdom,31,1,200,481.75,4.935384615384615,26,481.75,United Kingdom,1,0,0,1,1
18217,United Kingdom,29,2,491,621.75,2.0880645161290325,27,310.875,United Kingdom,1,0,0,1,1
18218,United Kingdom,211,2,584,662.08,1.7866666666666664,17,331.04,United Kingdom,1,0,0,1,1
18219,United Kingdom,3,10,885,2069.77,4.12921052631579,58,206.977,United Kingdom,0,0,0,0,0
18220,United Kingdom,227,1,288,305.28000000000003,1.06,2,305.28000000000003,United Kingdom,1,0,0,1,1
18221,United Kingdom,22,5,791,1041.61,2.6042187500000002,59,208.32199999999997,United Kingdom,0,0,0,0,0
18222,United Kingdom,93,1,335,443.0,3.2557894736842106,19,443.0,United Kingdom,1,0,0,1,1
18223,United Kingdom,5,14,2948,6484.54,2.9675,116,463.18142857142857,United Kingdom,0,0,0,0,0
18224,United Kingdom,264,1,69,158.95000000000002,3.06,10,158.95000000000002,United Kingdom,1,0,0,1,1
18225,United Kingdom,3,12,3244,5509.12,2.5551660516605166,150,459.0933333333333,United Kingdom,0,0,0,0,0
18226,United Kingdom,44,11,3466,5228.05,2.185206611570248,141,475.27727272727276,United Kingdom,0,0,0,0,0
18227,United Kingdom,218,1,21,93.75,8.65,5,93.75,United Kingdom,1,0,0,1,1
18228,United Kingdom,57,2,238,779.9,3.9876666666666667,23,389.95,United Kingdom,1,0,0,1,1
18229,United Kingdom,12,20,2488,7276.900000000001,4.626585365853659,66,363.845,United Kingdom,0,0,0,0,0
18230,United Kingdom,9,7,1316,2810.2000000000003,2.191627906976744,32,401.4571428571429,United Kingdom,0,0,0,0,0
18231,United Kingdom,192,5,821,2083.27,3.765483870967742,106,416.654,United Kingdom,0,0,0,0,1
18232,United Kingdom,82,4,302,592.97,3.724864864864865,31,148.2425,United Kingdom,1,0,0,1,1
18233,United Kingdom,326,1,4,440.0,110.0,1,440.0,United Kingdom,1,-1,0,1,1
18235,United Kingdom,72,3,1578,1796.48,2.1464423076923076,100,598.8266666666667,United Kingdom,0,0,0,0,0
18236,United Kingdom,30,6,403,882.24,3.3632653061224493,42,147.04,United Kingdom,0,0,0,0,0
18237,United Kingdom,3,5,622,987.1,2.957704918032787,40,197.42000000000002,United Kingdom,0,0,0,0,0
18239,United Kingdom,219,5,795,1561.6100000000001,2.871931818181818,80,312.322,United Kingdom,0,0,0,0,1
18240,United Kingdom,46,1,126,422.58,3.9283333333333332,6,422.58,United Kingdom,1,0,0,1,1
18241,United Kingdom,10,17,1051,2073.09,3.2537499999999997,60,121.9464705882353,United Kingdom,0,0,0,0,0
18242,United Kingdom,72,4,1017,2232.4900000000002,3.279871794871795,72,558.1225000000001,United Kingdom,0,0,0,0,0
18245,United Kingdom,7,7,1788,2567.06,2.5844,153,366.72285714285715,United Kingdom,0,0,0,0,0
18246,United Kingdom,24,2,166,596.1,4.71,3,298.05,United Kingdom,1,0,0,1,1
18248,United Kingdom,123,2,511,804.02,4.105744680851064,39,402.01,United Kingdom,1,0,0,1,1
18249,United Kingdom,17,1,128,95.34,1.60375,8,95.34,United Kingdom,1,0,0,1,1
18250,United Kingdom,310,1,199,349.27,3.8057142857142856,21,349.27,United Kingdom,1,0,0,1,1
18251,United Kingdom,87,1,7824,4314.72,0.771875,16,4314.72,United Kingdom,0,-1,0,0,1
18252,United Kingdom,51,2,239,526.67,3.129081632653061,90,263.335,United Kingdom,1,0,0,1,1
18255,United Kingdom,89,1,74,103.3,1.7166666666666668,6,103.3,United Kingdom,1,0,0,1,1
18257,United Kingdom,39,8,1041,2337.63,3.40364406779661,97,292.20375,United Kingdom,0,0,0,0,0
18259,United Kingdom,25,3,714,2338.6000000000004,3.2595238095238095,27,779.5333333333334,United Kingdom,0,0,0,0,0
18260,United Kingdom,173,6,1478,2643.2000000000003,3.5070149253731344,86,440.53333333333336,United Kingdom,0,0,0,0,1
18261,United Kingdom,43,2,146,324.24,3.0828571428571427,19,162.12,United Kingdom,1,0,0,1,1
18262,United Kingdom,140,1,182,149.48,1.123076923076923,13,149.48,United Kingdom,1,0,0,1,1
18263,United Kingdom,26,3,1468,1213.1599999999999,0.9595081967213115,59,404.3866666666666,United Kingdom,0,0,0,0,0
18265,United Kingdom,72,2,311,801.51,5.246521739130435,44,400.755,United Kingdom,1,0,0,1,1
18268,United Kingdom,134,1,2,25.5,12.75,1,25.5,United Kingdom,1,0,0,1,1
18269,United Kingdom,366,1,76,168.6,3.164285714285714,7,168.6,United Kingdom,1,0,0,1,1
18270,United Kingdom,38,2,101,283.15,3.6727272727272724,11,141.575,United Kingdom,1,0,0,1,1
18272,United Kingdom,3,6,2050,3078.58,2.2946385542168675,99,513.0966666666667,United Kingdom,0,0,0,0,0
18273,United Kingdom,2,3,80,204.0,2.55,1,68.0,United Kingdom,1,0,0,1,0
18274,United Kingdom,30,1,88,175.92,3.671818181818182,11,175.92,United Kingdom,1,0,0,1,1
18276,United Kingdom,44,1,186,335.86,2.482142857142857,14,335.86,United Kingdom,1,0,0,1,1
18277,United Kingdom,58,1,68,110.38,3.1412500000000003,8,110.38,United Kingdom,1,0,0,1,1
18278,United Kingdom,74,1,66,173.9,3.283333333333333,9,173.9,United Kingdom,1,0,0,1,1
18280,United Kingdom,278,1,45,180.60000000000002,4.765,10,180.60000000000002,United Kingdom,1,0,0,1,1
18281,United Kingdom,181,1,54,80.82,5.622857142857143,7,80.82,United Kingdom,1,0,0,1,1
18282,United Kingdom,8,2,103,178.05,5.199166666666667,12,89.025,United Kingdom,1,0,0,1,0
18283,United Kingdom,4,16,1397,2094.88,1.6149867724867726,263,130.93,United Kingdom,0,0,0,0,0
18287,United Kingdom,43,3,1586,1837.28,1.4935714285714285,59,612.4266666666666,United Kingdom,0,0,0,0,0
