,PC1,PC2,country_group
0,4.160268151992466,4.372939023164367,United Kingdom
1,3.1363211911862554,-0.30923720220403045,Other
2,0.973260831980354,1.38252730893627,Other
3,1.202882674721287,2.694690675271968,Other
4,-1.583566060479378,0.9756054598608019,Other
5,1.1742507124505106,2.3534041571914006,Other
6,-3.8387615707335354,0.4843490995231622,Other
7,0.17289172271696995,2.038383122169918,Spain
8,-1.2762605653026116,1.2951262003630255,Other
9,1.8280031475833332,0.8966309962626787,Other
10,2.916556539403,2.606022793644086,Switzerland
11,0.3555110904980356,1.4063109249667223,Other
12,2.669862363553288,2.8647800215315926,Other
13,1.7212575033781887,1.13983198855265,Other
14,-2.4448955256679503,0.3290927692077961,Belgium
15,3.428994367965998,0.06659346322343199,Belgium
16,-0.5695261630842766,-0.09892783179839527,Other
17,1.599813978101301,-0.9062031001994078,Belgium
18,-1.2398949490371542,3.1254099218317815,Other
19,-1.3300064037657924,-0.8741103701610264,Other
20,2.353460757581186,0.794348313611484,Other
21,1.0444584053162373,1.3226309689432065,Switzerland
22,0.5583756956975078,0.46426277200128235,Other
23,-1.6021089934981791,1.302144718733997,Other
24,0.04507366259866026,1.1158009084452662,Other
25,-0.7845812396123855,0.6718937963185099,Other
26,0.7250447390771144,1.210745652871789,Switzerland
27,2.4232071078463333,2.3867615304591894,Switzerland
28,0.005622107832295762,0.42958099318721454,Belgium
29,1.835664377566481,0.6523480797875277,Belgium
30,1.6691218991331576,0.21579790718708086,Other
31,1.2032545265164882,0.5129268819924964,Belgium
32,-0.7277816750162307,1.2771223725350442,Switzerland
33,-1.4182336444169332,0.004158511541613389,Other
34,1.9653210646002335,-0.0014457968963189356,Other
35,-0.4549894210612372,1.0675966734206053,Belgium
36,0.07025994266970095,-0.0883369873892468,Other
37,0.8861870815389722,0.029297004152095157,Other
38,0.46687286250650983,0.9366137017783399,Belgium
39,2.3375270563019854,-0.10887460988976863,Belgium
40,1.7664380909923136,1.2807276039136668,Belgium
41,1.4432770085171738,0.9379544986951267,Switzerland
42,0.6209742034102784,-0.2521733844980949,Belgium
43,-4.164514770612323,1.2203154831540861,Belgium
44,-2.2912486701329944,0.48612429037836563,Belgium
45,-1.6839732245569106,1.6807367268956315,Other
46,0.8146332160016018,2.0084657572057667,Other
47,2.256685683388928,1.0603963308421749,Other
48,1.2709568287829136,0.2159294480081328,Belgium
49,1.917588611463072,0.4527523775913297,Belgium
50,3.257359513752994,2.483970217727634,Switzerland
51,-0.9327986971120348,1.6887569287987747,Switzerland
52,0.6124056392189237,0.2834149524510711,Other
53,-0.32028518540480755,0.6238340608541337,France
54,-1.0937638734520612,1.5286309644153075,Other
55,7.207696131423431,2.125935386794068,Other
56,2.8782050011987645,0.2861428400140838,Belgium
57,-0.2947349819056329,1.168504851895829,Switzerland
58,-0.39516218142991,1.3174335727092383,Other
59,0.29596804107975355,-0.028325100396763527,Spain
60,-0.11819683737151167,0.22640304816410148,Other
61,2.332326236705985,-1.1367906643705545,Belgium
62,0.5456764984118808,1.20880470638714,Other
63,0.036995855123282025,0.7890372748431977,Other
64,-0.7453296961058912,1.3341183821337512,Germany
65,0.18603045418427794,0.3566483317177777,Germany
66,3.5343422657465844,1.2046415961195849,Other
67,2.4130080198349053,0.8038015244261266,Other
68,-1.7230194861795909,0.952991629166485,Other
69,3.162737031379007,0.40238717291951687,Other
70,2.333764641953856,2.737536004287823,Other
71,4.951335753790688,0.27757450677587525,Other
72,-0.028394675181392263,0.6932096195675016,Other
73,2.19199818798125,3.2140529470922554,Other
74,-1.0196443812785123,1.491685337951515,Other
75,3.444223236198272,-0.5402908009824048,France
76,1.9946309899246368,1.3896101865323112,Other
77,-2.4562454988956453,0.43392083160812656,France
78,-1.2214069249041652,-0.8669080923756192,Spain
79,2.4899667229265594,1.795910625612591,Other
80,-2.6575912165666797,0.6557967821447221,Spain
81,0.29012448908545047,1.5896563759461495,Other
82,-1.10211076512836,1.1029694468441524,Belgium
83,-0.7870163143584181,1.3242395821547492,Spain
84,2.409554182435769,1.0830054742864677,Belgium
85,-2.2311224439035686,-1.1951258487783045,Spain
86,4.057349465451128,0.818031068533083,Switzerland
87,-0.7223181292095437,0.08416660268497898,Switzerland
88,-0.11093492041072474,0.7483082531934864,Other
89,1.1426966160011556,3.484196564721625,Spain
90,1.7764546068348894,0.3943009400948718,Spain
91,2.017290417778285,1.274641651743619,Switzerland
92,1.2366981444494336,0.9447476508383379,Switzerland
93,0.11382167130469696,1.0212992817222413,Switzerland
94,-0.25516015160141353,0.9636642887677007,Switzerland
95,0.7386534558258554,0.9788039477544772,Spain
96,0.8929304988117877,0.13531826346444759,Belgium
97,-0.3976024627519337,1.139562380048355,Belgium
98,0.3722616952656878,-0.14100640059466307,Belgium
99,-0.39939252985860774,0.7668889119014376,Germany
100,5.0772101925917745,0.2576729501374632,Germany
101,3.3744628453344103,0.48729499341252036,Germany
102,2.456732474741876,2.0378984929397888,Germany
103,3.8308339904146793,-0.23379004059725547,Germany
104,0.07595251761745637,0.7991347817779366,Germany
105,3.2725829499087453,0.8618372847552384,Germany
106,3.8292714994145287,1.9399020984942459,Germany
107,0.25464027780307924,0.7221162384060565,Other
108,0.023793276584262397,0.034077265027704584,Germany
109,2.267218343529889,0.7329696200219438,Germany
110,3.1128569119807135,0.4058611027714907,Germany
111,1.6508453529952136,0.49588667779481194,Other
112,2.859302841242331,0.6354771975007394,Spain
113,0.9421313500111803,0.25268777099222595,France
114,-1.9141202829642305,1.6106159785749747,France
115,3.363562590897183,-0.2588973508546562,France
116,-0.6039671060181362,0.5369667048468346,France
117,-1.3986668514626275,-0.4060994305721795,Germany
118,-1.2114362112175188,0.6015767204377471,France
119,1.0868142017772326,-0.41860913654577314,France
120,0.27597757625734687,0.851828704263095,Germany
121,-0.8575263240444055,-0.3607448062297157,Germany
122,2.2475589623524375,0.8652107095631371,Germany
123,1.4735286980090256,1.858715045036811,Germany
124,1.677718766790823,1.955675100724399,Spain
125,-1.3958909052769235,1.295635678084866,Germany
126,-3.3319407030806105,-0.6332309040551093,France
127,0.20155348687852426,1.2966857007311916,Spain
128,-0.2925556557690476,-1.125040492819943,France
129,-2.850012635447042,0.9857275642042412,France
130,-0.2086607617952631,1.230750756924259,Spain
131,-1.9529681416030593,-1.3000475106839708,Other
132,-0.257224967147717,0.4863133763266808,France
133,0.01945615336426065,1.6243728688455068,Other
134,-1.7364773800519027,1.930833726132064,Other
135,0.4018130047516683,0.7646082390553053,Germany
136,2.233978874185212,-0.09138518644508019,Germany
137,2.306809320067717,-0.6434696039424398,Germany
138,-1.1984586267712358,0.2769335321101678,Germany
139,1.7843959385404107,0.6651999712564018,Germany
140,-0.47346523414424674,0.9094993430204273,Germany
141,-1.7645049375026696,-0.22598397160483708,Germany
142,1.5407064258831682,-0.16651137761847318,France
143,3.067321153591915,0.012919443981446494,Germany
144,1.5437853341109584,-0.3339152277361132,Germany
145,-1.1625427111970832,-0.615382125536325,Germany
146,1.4430779762553785,0.46685099531197466,Germany
147,0.9764092308549406,0.6803198787715224,Germany
148,-2.178344420037594,-0.6152726028900546,Germany
149,-1.1110050854495022,0.39132588819105724,France
150,0.4601474694083101,1.3764795760732709,Germany
151,-0.5419219414096663,0.913632134139888,France
152,3.333637451673664,5.800796941763049,France
153,-0.9002201343711859,0.37455605992113655,Spain
154,2.848085200497155,1.49493411541208,Spain
155,4.373921782492364,0.7457890877180648,Spain
156,0.5665775536832509,0.22041000214210835,Spain
157,-1.0965184014704192,0.6211038525049796,Spain
158,0.22881362333886968,0.9721813186024905,Spain
159,0.6688647348972391,0.6610456835737911,Spain
160,-2.4141913866350904,0.9479381266538183,Spain
161,-3.382157427140134,0.602764582696259,Spain
162,0.39624126252801156,1.1754982792211122,Spain
163,-2.490227571703608,-0.5231974590536052,Spain
164,-1.2606302910772897,1.3377503394788532,Other
165,2.6734311599456513,-0.24692892091805405,France
166,0.14150511410975183,-0.15130033377511548,Spain
167,3.060459164762474,1.23184326915432,Spain
168,-0.9584038239612656,-1.3526868869676867,Other
169,-1.0033750171037552,0.7200142897414533,Germany
170,2.0116177708121814,0.12999806470719025,Germany
171,-1.874682158652614,0.348923031149109,Germany
172,2.6268990160109045,0.09531574279674995,France
173,-1.4034883631549464,1.7098273599993181,France
174,-2.6966641048560147,-0.3177048928301776,Other
175,-1.1059066338125143,0.7039798039808639,Germany
176,3.895173554899655,0.7989776815984071,France
177,3.1025088966792045,-0.7906743050942905,Germany
178,-0.1416398787060289,-1.0214772716304772,France
179,0.7453187613779201,0.5288179568934143,Germany
180,-2.178043801167756,-0.4993229091746081,France
181,-2.5151458793266834,1.0732720329987435,France
182,1.1212374962222427,-0.4777941875969206,Other
183,0.5476324469250415,-0.9958068064208184,France
184,2.0016375315556783,1.1602820441938058,Other
185,-0.7141298770300772,0.6432372040700661,France
186,-1.1292608644281252,0.5931602001072334,Germany
187,-1.6077560051462683,-0.3483029760952292,Germany
188,-1.0432160123556518,1.0922488762159603,Other
189,3.8677019578624527,-0.3023026935281257,France
190,1.5138872545311388,0.557253840200991,Other
191,1.0774238804859682,1.6258838880250235,Germany
192,-1.810280201003445,-0.045217076496176296,Other
193,-2.493482297541318,1.0452039489582805,Other
194,-2.2018356160593813,1.431332597367289,Other
195,-0.23147317551856275,0.5424308538061517,France
196,2.5984787903391724,4.548252852511032,Germany
197,-1.1480941192676117,1.1944125672167223,Other
198,-1.1208344698201922,0.14814798335297977,Germany
199,-1.202635971549165,-0.48638708331473895,France
200,1.992719265819574,0.01270766400012654,Other
201,-0.2929498175611333,0.6129164636096122,Spain
202,2.668670722850075,1.0351423353249767,Spain
203,2.406001040059617,-0.3063583003710756,France
204,0.6993741961152298,-0.7242484899363675,France
205,1.3373994505673357,0.5666711512248278,Germany
206,-0.9477161807750635,0.6469689405251404,Germany
207,-1.9329499032367496,-0.9097957173533856,France
208,-1.5512892491013035,3.099584945866814,Germany
209,-1.5149011235132637,-0.6823223388499298,France
210,1.3635731923214711,1.0528842111415158,Other
211,0.5200797465730048,0.5294351969334501,Germany
212,1.5987091716103499,0.7575397825679131,Other
213,0.8631869386347344,1.062223145369868,Other
214,-0.5360136850982306,1.4497324155393936,Germany
215,2.120848456342482,0.6197892644270817,Germany
216,-1.9242466033219106,1.424955598310058,Germany
217,2.27647524859095,-0.13881090445779015,France
218,-0.4836047193262944,0.715551392016782,France
219,-0.5960961821501508,-0.4716784140878254,France
220,-1.941365076504498,0.5616133032236582,Other
221,2.363300295301619,1.1136211495505821,Germany
222,1.4532401627676934,-0.3686174846165042,France
223,4.921957234186007,-0.241550252095581,Germany
224,-2.56675562448157,0.9614888135338537,Germany
225,-1.578122837080796,0.38387056790194335,Germany
226,-0.3911190728668676,0.636216659578142,France
227,1.4321241679220893,1.2735690943229694,Germany
228,3.4259309985457977,0.3782892450075275,Germany
229,3.0318859935885487,0.1693248525220585,Germany
230,0.5668637019898326,-0.41417878367753425,Germany
231,1.002185189743784,0.8131387597258666,Other
232,-0.4209946144832704,1.2993377719142463,Other
233,1.4241989551250023,0.6307001332182293,Germany
234,1.2320310825624239,0.8119738847241899,Germany
235,3.0040812195189734,0.6064002169195833,France
236,0.19888234590462808,0.4357360763284434,Other
237,-1.1587070455001753,1.5543811618307641,Other
238,0.4404912642216169,0.9636423640374259,France
239,-2.4195707176946817,1.0954546789686777,Other
240,0.5036032720080079,0.21159746717299835,Germany
241,1.0713288865017234,1.6032273882569608,France
242,-0.6790440943745248,0.6174333906937212,Germany
243,1.3092005495884098,0.08247466854785208,Germany
244,1.3160937818874714,-0.07766374412272957,Other
245,2.240929922225406,0.5767367007567337,Germany
246,-1.4396883317689555,0.5001360002972834,Germany
247,-0.28064959416326307,-0.1920258436910831,Germany
248,-0.3945137439140658,-1.029574901632473,France
249,-2.9311250012345322,-0.5496072616199988,France
250,-0.07041302019721966,1.4287597641970156,France
251,0.9045902718522788,1.2810501254106912,Other
252,-0.056281138591192645,-0.5875033514640245,Germany
253,2.3957367723447565,1.0821881381062914,France
254,1.2308775072408276,0.6353961802309054,France
255,0.05326676093389003,0.9407592064017616,Germany
256,-2.725400076561707,-0.20946510184904513,France
257,-1.3119605389672697,-0.08540969373532475,France
258,3.197882964429736,-0.699122626885588,Germany
259,1.774182970397529,2.0189649712025846,Other
260,-4.108984735817736,0.47266586285442247,Germany
261,-0.2232762074450963,0.9598151595372768,Other
262,2.5065654127978303,0.7951899892111249,Germany
263,1.2844716525851998,3.391333327937748,France
264,2.082033186582021,0.3088051724860118,France
265,-2.407163050731338,0.6859700844794622,France
266,0.3270872784693325,-0.504768958108188,Germany
267,1.3146739123163842,0.4778947432829348,France
268,0.7015588033001264,0.766716520660505,Other
269,4.129753236453384,2.2866900643465056,France
270,0.42219179570625354,0.3867299629355546,France
271,0.8565547021161525,-0.8010369107379341,France
272,4.554271843850572,0.20588784819665315,France
273,4.580939361947068,-0.26158828058505773,France
274,4.100681115120364,-0.3059601148378784,France
275,2.114857761819689,-0.5976539206325518,France
276,2.12252937045212,0.23128880571484658,France
277,-3.162197282093697,-0.2774386183853572,France
278,2.5473798307137745,2.952260733989672,Other
279,0.8586809473691691,0.437578630537724,France
280,-1.6469270035047547,1.5199821598239114,France
281,0.17635852424725335,0.1441137422616001,France
282,-0.34452878397102554,0.7991344273993177,Germany
283,0.03173117286343579,0.8106019209948784,France
284,-0.1836471501104527,-0.3868171230747653,France
285,0.33718741288955173,0.6559256393679571,Other
286,3.2251317763932446,0.5345790935372877,France
287,0.21528277733017198,0.429534042090673,Germany
288,-1.9020589638336716,0.4487538943800046,Germany
289,-1.3212152128817007,-0.024751416565672243,Germany
290,1.8488457826364424,0.5172957726500862,Other
291,3.5935549669500206,0.32310355305502203,Germany
292,-0.7584454500455395,1.2063939940914712,France
293,1.9248752664759685,0.20328939312056155,Germany
294,3.604053575481686,0.41273939488892036,Germany
295,0.7062710558968882,0.2519710904310178,Germany
296,2.095560672752779,0.9556792233965846,Germany
297,0.9985498029883315,-0.09790399419674613,Germany
298,3.242318194446609,0.20149551568168292,France
299,-1.2187670667744737,0.5859610341383102,Other
300,1.185963244998338,-0.22722519084347972,France
301,0.11534713073751796,1.365024947206462,Other
302,-1.4237182779580546,-0.13779270260420856,France
303,0.2939671216333359,-0.16486568696622775,France
304,3.972307268098145,-1.1919234881343403,Germany
305,2.165871933048612,0.1824100262408697,France
306,0.32292608495320424,0.23794484553584497,France
307,0.6961218638551362,-1.1182720567250894,France
308,0.8647160318026413,-0.36143775862089655,France
309,-1.3820078854498625,1.305900875069329,Other
310,2.102455747950365,-0.40470593720678877,France
311,2.691270952221153,0.21404924823840243,France
312,-0.00779691039860029,0.4041184920499439,France
313,-0.8994510154186207,0.908820429674517,France
314,4.317635208816883,1.295839070473137,France
315,-2.039568095952201,0.4568485734522294,France
316,-1.4301284327052708,0.8477624616891549,Other
317,-3.1183517918387267,-1.17333107147531,France
318,-0.49809675179605095,1.5350219376908278,France
319,-2.4369653282783657,1.2852726546778348,France
320,-2.4854699118651973,0.42131630119611296,Germany
321,0.1695288810346576,0.9967334996176409,Other
322,-0.6024188100480765,-0.0034527440219600074,France
323,-0.17401488485419903,0.16326709209416343,Other
324,3.7866732180821328,6.401409952735311,Other
325,2.570145921928437,-0.02454862293040303,United Kingdom
326,7.298223926050334,-2.013785160572155,United Kingdom
327,2.8438591788869823,0.8875745293004582,United Kingdom
328,-1.7230332796114836,0.8500853113613055,Other
329,2.0852424631519813,2.12667832845555,Other
330,4.551790944790727,1.5723038857896008,Other
331,1.909019442399219,0.3785853125733732,Other
332,0.5540255816354619,2.916681684914098,Other
333,-2.576439499204916,-1.8997538840261459,Other
334,3.3967334628195442,2.1319613949799785,Other
335,1.7736878912261973,0.8753165008257923,Other
336,1.1089326768941328,0.5506270849153873,Other
337,1.7193929423341723,0.4570026548588487,Other
338,-0.8973873038423047,-0.40407721807775115,Other
339,0.2383216872055369,2.7869553015036144,Other
340,3.7704958399844015,0.37140497011566276,Other
341,-0.13431730322502933,2.133695724875296,Other
342,0.0093651071843917,1.6210824097516574,Other
343,0.35615951650228067,1.2721295556388574,Other
344,1.0931533980985337,0.01602840581872697,Other
345,0.592637548947636,-0.6865073399131432,Other
346,2.328111951576005,0.5708635939557519,Other
347,0.04764264070356343,0.4705058797387736,Other
348,2.0355578070818354,0.12561067526186004,Other
349,1.8137401138088676,1.4432501014275043,Other
350,0.19767915734794544,-0.49767143814198617,Other
351,-1.9111061462372272,1.285830948397381,Other
352,-0.4793010188617578,-0.47686586146426835,Other
353,-4.22944926699152,2.2834320570647937,Other
354,-1.4850436714479953,0.8552738249430656,Other
355,-3.0566516738260106,1.7905905848212533,Other
356,-1.219204514118239,0.9403488733166497,Other
357,-1.0410277114531732,0.8388314440297414,Other
358,0.3125372331941528,-0.06551629450258308,Other
359,-1.258991089687272,1.5125497030405717,Other
360,-2.144990194837379,1.2015541782192962,Other
361,2.524964211867401,0.4273732639748956,Other
362,-0.9278072980406538,0.49779436827011686,Other
363,-0.6923124693760923,-0.13438942128308756,Other
364,-0.995887500487092,1.3256086518557428,Other
365,-1.027198586995225,0.4299088162954574,Other
366,-1.473817034536746,-0.5830576857175537,Other
367,-3.451336316827422,2.505870541265032,Other
368,-0.06322931102185726,1.6134373872711933,Other
369,-1.0173793716602018,1.7208983899552197,Other
370,-3.1802389287526145,2.1081531982778694,Other
371,0.0810204940282243,3.039142338866406,Other
372,1.1836162953414857,-1.3723219652371685,United Kingdom
373,-3.1671397557339738,-0.6897744517259294,United Kingdom
374,0.2539167181872689,0.40134079475761014,United Kingdom
375,-0.7491112693186688,1.8022491708100996,United Kingdom
376,-0.8288416407148197,0.16194968067161494,United Kingdom
377,1.746568897481942,-1.4828748882197555,United Kingdom
378,-0.4548647842775557,-1.083859359380983,United Kingdom
379,1.0371572827269426,-1.0787552886342822,United Kingdom
380,-1.8620042276643936,1.740164218892653,United Kingdom
381,2.7283766867137245,0.07180183619412536,United Kingdom
382,-2.2131409303449843,0.3070343914184139,United Kingdom
383,-0.8030503755995454,-0.4377170818844623,United Kingdom
384,-1.234335000430506,1.4347315801905778,United Kingdom
385,-1.8281203306532732,1.2288495751160744,United Kingdom
386,1.7625819424373015,1.125944230221282,United Kingdom
387,-3.083673684961674,0.8782204830879078,United Kingdom
388,0.3938121373594142,-0.3111176410128045,United Kingdom
389,3.528967978236867,-1.015594803432507,United Kingdom
390,1.511803567740811,0.5142727766061427,United Kingdom
391,3.4460250315316934,-1.54507888291845,United Kingdom
392,0.26697630990183013,1.1658112239607081,United Kingdom
393,1.1088483388704515,-0.051268059247147266,United Kingdom
394,-0.8574969131568051,-0.7631531466355362,United Kingdom
395,-1.3232060813679922,-0.6413793931277235,United Kingdom
396,0.9358735044473209,-0.18518576231566244,United Kingdom
397,0.6091410421178033,0.36165232332405317,United Kingdom
398,-1.8436598855069013,-0.9875708576424697,United Kingdom
399,-1.7192879989410255,0.8403667969951045,United Kingdom
400,0.990496230926477,0.766264668868752,United Kingdom
401,0.8429468685557872,0.340679928987856,United Kingdom
402,-4.44017438981773,-1.7858895160223243,United Kingdom
403,2.1799347920159455,-0.5478238582483957,United Kingdom
404,-0.12583492136944172,1.3781706178195547,United Kingdom
405,-1.2115370692040621,0.830101324221169,United Kingdom
406,-2.3998612635526833,-1.6228714552089099,United Kingdom
407,1.3125035266451208,0.7120857820716469,Other
408,-1.071519793247762,1.5650272281029847,Belgium
409,3.1328133914392704,-0.625743180084153,United Kingdom
410,0.8965334895442272,0.04274211631940234,United Kingdom
411,-1.395242463209235,-0.5094297430979521,United Kingdom
412,-0.5264631354307716,0.2789895880380212,United Kingdom
413,-2.088882646017454,1.2189205189535566,United Kingdom
414,-1.1934689265985954,-2.0346732414830364,United Kingdom
415,1.6109322362834884,0.8251209425699216,Belgium
416,2.0323472091172534,-1.9412418829074953,United Kingdom
417,-0.10793110744148543,0.2899520126938813,United Kingdom
418,-0.7321340999453451,-0.8207020294570695,United Kingdom
419,-2.995457685954228,4.189511130305214,United Kingdom
420,0.2565636081381341,1.5487989902845114,United Kingdom
421,-0.19164916424429124,0.3424821853570433,United Kingdom
422,-2.3558994487293794,2.7668704870424303,United Kingdom
423,0.6562562942346851,0.5298102232523267,United Kingdom
424,0.8567059650675083,1.076424154408657,United Kingdom
425,-2.334572702130311,1.048744257067231,United Kingdom
426,-0.18152090891726927,-0.5644533095148357,United Kingdom
427,-1.4153035465015473,-2.1072823782384384,United Kingdom
428,-1.5378863638109905,-0.8030360679346716,United Kingdom
429,-0.9424956615705282,-0.2621210381168071,United Kingdom
430,-2.5767352385184967,-0.4192835767792995,United Kingdom
431,4.593641030815344,-0.6544598024183907,United Kingdom
432,-2.849580931495736,0.7434407441860584,United Kingdom
433,-0.02532374003385394,-0.32742227237748184,United Kingdom
434,2.1078897248961606,0.03461446911058907,United Kingdom
435,-0.8481685734914655,-0.7379800488489722,United Kingdom
436,1.5039442858181487,1.348425606721002,United Kingdom
437,2.018583830540848,-0.41075797885390336,United Kingdom
438,1.1839669845926135,-0.5790256979879941,United Kingdom
439,1.932393133142176,-0.1050413720370992,United Kingdom
440,-1.6781256168633745,1.0778442727065287,United Kingdom
441,1.3326507449494236,1.4851261902939286,United Kingdom
442,-1.766355753003017,1.7420298964974457,United Kingdom
443,1.0831313076450027,-0.8313503263236928,United Kingdom
444,-1.4699626914058994,-0.39304105188884786,United Kingdom
445,4.967590355894563,-0.5917880919160103,United Kingdom
446,-0.7957743415602334,-0.0838364663122227,United Kingdom
447,-1.8839786150372428,-0.33390326269130466,United Kingdom
448,-0.06693075492978354,0.08697409370567354,United Kingdom
449,0.6053573331038383,-0.6862054251950418,United Kingdom
450,1.5841055777465285,-0.3268201015974361,United Kingdom
451,-3.317260552872135,1.0089681399227663,United Kingdom
452,-0.9592551726031238,-0.10192404368397291,United Kingdom
453,5.019605325532586,1.0533812087437906,United Kingdom
454,0.44420883916852316,-0.6963403490537577,United Kingdom
455,2.4231975207015144,-1.1975642747615494,United Kingdom
456,0.8388794498780948,-0.8081698350320448,United Kingdom
457,1.4634022566875766,-0.39764220889451124,United Kingdom
458,-2.084442416099046,-1.7928235321298849,United Kingdom
459,2.9117687449521528,1.202437889195925,United Kingdom
460,0.40805902226974233,0.6999905380627092,United Kingdom
461,-0.35897962311016407,0.4480248629024439,United Kingdom
462,-0.31387231157841944,0.08447905648669396,United Kingdom
463,-1.2951186115216158,1.5688497337275757,United Kingdom
464,1.059584724352236,0.2393243519979894,United Kingdom
465,1.7626455755457986,-0.3556103467673093,United Kingdom
466,2.721304814214209,0.20883580969829083,United Kingdom
467,1.525426211674459,-0.8382084669740401,United Kingdom
468,0.9165492100719325,-0.853324603562317,United Kingdom
469,1.2979442233575207,0.023777278111672122,United Kingdom
470,-1.1739803640204685,0.8955933354782849,United Kingdom
471,3.468333972759357,-1.2351215075509636,United Kingdom
472,-3.061071691124215,0.18455952782840865,United Kingdom
473,3.049237075561545,-0.1380804795124277,United Kingdom
474,-1.1071082220580444,-1.0413251690698657,United Kingdom
475,1.7275068346927387,-0.5746031526020424,United Kingdom
476,0.15521976064439075,1.1970122765509101,United Kingdom
477,-1.8847886051837188,-0.6094984810791313,United Kingdom
478,-0.12617740796765448,2.5316969558575626,United Kingdom
479,-2.7841843049028006,-0.16921866822210677,United Kingdom
480,0.4009617791457041,-1.804221249868872,United Kingdom
481,4.639282927567658,-1.8494673420657928,United Kingdom
482,-3.2038233125739244,1.1990000043690683,United Kingdom
483,-0.3140140779764015,0.4608709308004355,United Kingdom
484,-4.293179970858208,-0.8340978365312769,United Kingdom
485,1.1119881166051806,3.7069500179256285,United Kingdom
486,-0.9528060528202312,-1.098561357986273,United Kingdom
487,-1.0205383217025408,0.12636652343755722,United Kingdom
488,-3.0775633798853836,-0.6583346897011411,United Kingdom
489,1.9032796086910935,-0.7289664295780558,United Kingdom
490,-0.7419767222545279,1.0842549116258628,United Kingdom
491,-0.8114932238082997,1.3684405594911953,United Kingdom
492,3.2694416380675366,-0.2252112344045854,United Kingdom
493,-1.0973992641529169,-1.0789339623237517,United Kingdom
494,-0.18232309338363917,-0.5904451371501639,United Kingdom
495,-0.5476111026754635,-1.4318297062167027,United Kingdom
496,0.8770765962079978,-0.04565101530696165,United Kingdom
497,-2.325140060158324,-0.4492006876084296,United Kingdom
498,0.8264133639037181,-0.031932512242081885,United Kingdom
499,-0.8917905012697647,-0.3620153663792278,United Kingdom
500,-0.5427098585728107,-0.18552307839136542,United Kingdom
501,4.220149271703148,-0.18112371707772057,United Kingdom
502,-2.9994428103529813,-0.22154407876209561,United Kingdom
503,-2.633120069871062,-1.4915530202793974,United Kingdom
504,3.762687491151395,-0.9710717871351432,United Kingdom
505,-1.1559234694846248,0.9982608356114155,United Kingdom
506,-3.248441899843459,-0.132516684585619,United Kingdom
507,-1.9155086321780903,-0.27757551801187247,United Kingdom
508,-4.601604867936243,-0.3359340870291331,United Kingdom
509,1.5531717031695846,-0.660208960529187,United Kingdom
510,3.494896955312053,-0.6889562890143053,United Kingdom
511,2.102124956997376,0.47479428456657985,United Kingdom
512,2.1486177427714606,1.3228126208254314,United Kingdom
513,0.05764471302800095,0.10031609118031198,United Kingdom
514,-2.4102780416559755,-0.0597016463291213,United Kingdom
515,4.053360835561462,-1.0124557890376344,United Kingdom
516,2.392932102102729,-0.3719223079733187,United Kingdom
517,-0.3102773294223861,0.7964703339679013,United Kingdom
518,1.5648501285034795,-2.6113408985859574,United Kingdom
519,2.4917944647862815,-0.2668705264732858,United Kingdom
520,0.43373935400099173,-1.2080637403461074,United Kingdom
521,-0.49731729387907153,1.588788351562715,United Kingdom
522,0.620850618205725,-0.033790250858873876,United Kingdom
523,0.30664106097895105,0.8090178245828686,United Kingdom
524,-2.4676757582280224,0.09328871418884904,United Kingdom
525,-0.1597518749867385,-0.1393450515753087,United Kingdom
526,0.11447636846818508,-0.02333820732351729,United Kingdom
527,-0.05181834493657998,0.5919165024492858,United Kingdom
528,-0.13825186483993612,0.1151576642319933,United Kingdom
529,0.26342658818288767,-0.3310691613706388,United Kingdom
530,-1.2569679471225843,1.8728621013751816,United Kingdom
531,-0.6379271740648076,1.1372570297216773,United Kingdom
532,-1.2371637621544707,-0.44956000218705583,United Kingdom
533,-0.31320837323415757,0.962254879004704,United Kingdom
534,2.158807181584284,0.2335803500084408,United Kingdom
535,1.7174998286535885,-0.5292484103722264,United Kingdom
536,-0.6800012435499955,0.6237820056529234,United Kingdom
537,3.5578208281161836,-0.35656017834898035,United Kingdom
538,-1.383993829515382,0.7093098574981026,United Kingdom
539,0.8235966939520186,0.13160061599819667,United Kingdom
540,-2.106189894089802,-0.09396034368656202,United Kingdom
541,-2.8933443600496838,0.8990782013921632,United Kingdom
542,-1.8137570218601715,0.9188464549678941,United Kingdom
543,-1.8550609218360032,0.2400731777567708,United Kingdom
544,-1.4655862836653715,1.6985265419746205,United Kingdom
545,0.8172331781862863,-0.14336714515254004,United Kingdom
546,-2.454944339780938,1.048385885784498,United Kingdom
547,-0.20662487862106813,-0.2787375205968011,United Kingdom
548,-2.811579991409259,-0.23096193768614012,United Kingdom
549,-1.5186610446765227,-1.2301519644582692,United Kingdom
550,4.14596726992755,-2.1087086331361897,United Kingdom
551,-2.1208842039036755,-0.17364307360828024,United Kingdom
552,-2.6938777724907017,0.2850296048486067,United Kingdom
553,-0.10249162827212496,0.8358772847671752,United Kingdom
554,1.4203520087642278,-1.9066170417354986,United Kingdom
555,4.339550919544937,-0.0028760381431129456,United Kingdom
556,-1.9958839213893793,-1.5609145979443901,United Kingdom
557,-3.1909051076454764,-2.475619173462002,United Kingdom
558,5.655896898957442,0.9814132388500919,United Kingdom
559,2.1587734433283585,0.418588947740579,United Kingdom
560,-0.7787396336525756,-0.8871430202879673,United Kingdom
561,-1.2650581312987053,0.4644424783980868,United Kingdom
562,7.128198581330184,-0.5235842251535442,United Kingdom
563,3.421800430675628,0.6982428864347079,United Kingdom
564,-0.4977807639734182,-1.1035643645147137,United Kingdom
565,-0.8255633249878511,-0.1293279829712458,United Kingdom
566,2.691148922982891,1.4994206669448171,United Kingdom
567,0.9518870491598782,-1.5764330936919277,United Kingdom
568,-2.72830800915803,-2.379995523351988,United Kingdom
569,3.0732500494349253,0.8248527711299408,United Kingdom
570,5.757997101200498,-0.03734549612246226,United Kingdom
571,-2.2049462931334705,-1.2993708935751953,United Kingdom
572,-2.881744493636607,-0.41113607301469,United Kingdom
573,4.033022147511202,-1.259472733244146,United Kingdom
574,-1.9169662580684401,0.2982023616311404,United Kingdom
575,0.7305280546414041,-1.3525307667341078,United Kingdom
576,-4.179561094013171,-0.1818582094235427,United Kingdom
577,1.2082872985347064,-0.4281880598078473,United Kingdom
578,-1.540239979259,0.15094061182254387,United Kingdom
579,0.12520426322481562,0.1746545416993167,United Kingdom
580,1.042277103027281,0.14694078850954878,United Kingdom
581,4.265410294316223,-0.2953594080757863,United Kingdom
582,2.0257449076629475,-0.011564932202824405,United Kingdom
583,-0.7600824994442004,1.2975456671816417,United Kingdom
584,1.0141970235426303,-1.2570438986315409,United Kingdom
585,0.8157053756664653,-0.18452611046069242,United Kingdom
586,-5.108422891481152,-1.4664363822334345,United Kingdom
587,-1.133699649244225,-0.2622388182842289,United Kingdom
588,0.2872184446626282,0.4002612371660451,United Kingdom
589,2.3162276345704975,1.4661263802591984,United Kingdom
590,2.458022101481118,-1.1670155866149883,United Kingdom
591,-1.6276481049942504,0.057865744621960674,United Kingdom
592,-3.830066770503783,-1.2625597324658566,United Kingdom
593,0.41926385604277816,0.08416538209320795,United Kingdom
594,-4.062897891932229,0.14860952263255078,United Kingdom
595,-3.435546148683655,-0.06515440775263466,United Kingdom
596,1.248233324881423,0.5043677656649529,United Kingdom
597,0.7364424187544624,1.1918756239970103,United Kingdom
598,1.75383822975274,0.40868717190058224,United Kingdom
599,3.1265883218536983,-0.6815667940240534,United Kingdom
600,0.4383622914873559,-0.769390620398744,United Kingdom
601,2.9101578839785542,0.620310416341856,United Kingdom
602,-0.8746243903344314,-0.4180278459104967,United Kingdom
603,1.733541608366102,0.11577080224895021,United Kingdom
604,-0.782806503866259,-0.1396654490358507,United Kingdom
605,-3.8455960965906173,0.8485268684496383,United Kingdom
606,-1.4896647479694078,3.858914512658069,United Kingdom
607,-1.3494341696611902,-0.746440296858705,United Kingdom
608,-1.1430833458708505,0.10800286568541867,United Kingdom
609,2.7311988177913773,-0.06742313524687642,United Kingdom
610,1.6049532658396222,-0.08583577037414698,United Kingdom
611,0.15938831513194646,2.550917257094499,United Kingdom
612,-0.06499166978575678,-0.9165707455625266,United Kingdom
613,0.6024687142609539,-0.3143449506284506,United Kingdom
614,1.4046002387798573,-0.24542949028604705,United Kingdom
615,0.6807832025268699,-0.3014217405113315,United Kingdom
616,1.6617886016731502,-0.4134723153460257,United Kingdom
617,-2.869830984671013,-1.002365050115058,United Kingdom
618,-3.3872769136932703,0.4359422282390668,United Kingdom
619,1.2771855512193133,-0.30682531841393723,United Kingdom
620,0.8299041784265102,-0.8533874849830826,United Kingdom
621,-1.0133538848746666,0.496291135442685,United Kingdom
622,0.6240436201277599,-0.6049883956062683,United Kingdom
623,1.07715382625574,0.042622365162883244,United Kingdom
624,-0.6850533669306899,0.6601554235760477,United Kingdom
625,-1.6843597374157782,-1.660302222516959,United Kingdom
626,-0.4216494391312282,-0.3168402483988231,United Kingdom
627,-0.14545425109735519,-1.1470065279892236,United Kingdom
628,2.3786159407457665,0.781366912836208,United Kingdom
629,-0.031516796934375646,0.3117838604952775,United Kingdom
630,-1.6119072640560415,0.3362815135937392,United Kingdom
631,3.0357861627344835,-0.216792818646284,United Kingdom
632,-1.9265620528305485,-2.1222102973779537,United Kingdom
633,2.582558786361575,-0.5879309340876366,United Kingdom
634,2.059144124751199,-1.4555891561793637,United Kingdom
635,-4.571248568404465,0.40915552744123124,United Kingdom
636,1.1006048467838463,0.5374611776628707,United Kingdom
637,-1.8618337259695792,0.6268316646145939,United Kingdom
638,-3.1424652197204,0.6856421364996216,United Kingdom
639,-0.3048039054681733,-2.663931423043539,United Kingdom
640,0.30101280142526987,0.3850697562479212,United Kingdom
641,-2.3872351261407276,-0.7058236318284308,United Kingdom
642,-3.9411003555984347,-1.039272952897643,United Kingdom
643,1.799575021351146,-0.26532424836579144,United Kingdom
644,2.897835765790879,-0.2228127181438566,United Kingdom
645,3.989057426032574,-0.9922837530215364,United Kingdom
646,0.469973823093049,-0.3275468807218099,United Kingdom
647,0.9053310984770369,-0.9765956805217566,United Kingdom
648,-1.5378906313591925,-1.1882095227127842,United Kingdom
649,1.100973163325494,-0.6508919966454898,United Kingdom
650,3.3871103902425657,0.17696498972274247,United Kingdom
651,-0.9117122652914206,-0.39410382388938714,United Kingdom
652,1.1426345891569465,-0.9297221220500547,United Kingdom
653,0.5691868924933908,-0.08014061615819959,United Kingdom
654,1.2832764636896583,-0.10634615182707843,United Kingdom
655,-1.7032839934352935,-0.12486282881026367,United Kingdom
656,-1.415047833654395,-0.2818929887145361,United Kingdom
657,-3.2439611683691982,-2.144142508186099,United Kingdom
658,-0.5653666240033389,0.43842904302464636,United Kingdom
659,-0.3284068784956085,1.4071271651113317,United Kingdom
660,-2.6932175936621956,-1.0671899255570756,United Kingdom
661,1.6381243580925475,0.815060358211671,United Kingdom
662,2.9914991256054484,0.0848540672158268,United Kingdom
663,-2.7447428031187124,-0.4624226697672058,United Kingdom
664,-2.097433182978692,0.20507848430949377,United Kingdom
665,-1.7752912268031082,-0.08760641366848335,United Kingdom
666,-2.6702033086602484,0.3888891979724871,United Kingdom
667,3.124168125905051,-1.3962729096903217,United Kingdom
668,1.555011962488388,-0.6684319523046741,United Kingdom
669,0.22309776791197733,-1.2527638488172543,United Kingdom
670,0.11971346953970523,1.3330159501270187,United Kingdom
671,0.09042248323407859,0.4645509459307514,United Kingdom
672,-0.150149523268875,-0.22192029945960318,United Kingdom
673,-1.214963267416088,-0.14384258385636736,United Kingdom
674,-0.18487490481043392,-0.20070986205042007,United Kingdom
675,-1.7414296739431852,-1.1230447743781826,United Kingdom
676,-0.5373639755189875,1.2173716417980596,United Kingdom
677,-2.5121525391059887,-0.24100999298022785,United Kingdom
678,-1.2004797984127504,1.4255805409350233,United Kingdom
679,1.9782318408523425,-0.7851532330347288,United Kingdom
680,-0.35895875275201944,-1.3231869280879058,United Kingdom
681,-0.8231662180872542,-0.03701348691054099,United Kingdom
682,-0.29134763230409805,0.20823202712345212,United Kingdom
683,0.5265789851679659,-0.24433975741182243,United Kingdom
684,-0.8347392278740119,0.04119782577541914,United Kingdom
685,0.023471058484448346,-0.22637642722771362,United Kingdom
686,-0.8707828914291398,-0.27630796051328077,United Kingdom
687,-1.1915690328129167,1.422143074059631,United Kingdom
688,-1.0330599163800618,1.8016328350481292,United Kingdom
689,-2.2325594844613823,0.24473168018113461,United Kingdom
690,4.696181566285616,-1.732301683227628,United Kingdom
691,1.586538486100661,0.009314045080453533,United Kingdom
692,2.9479143412329303,-0.9299184088344904,United Kingdom
693,3.0865415877582425,-0.7423105757039719,United Kingdom
694,3.0475402100737066,-1.1776122297258236,United Kingdom
695,3.83204309035012,-1.015193296917863,United Kingdom
696,-1.9251426057364829,1.3383927558397697,United Kingdom
697,-0.692996704358074,-1.361351570569213,United Kingdom
698,-1.5730488917173358,0.11998650131074891,United Kingdom
699,-2.045486348766025,-1.276515057064221,United Kingdom
700,-0.7109427901438211,0.8418246316877528,United Kingdom
701,-1.4553160275821875,-2.2268321309579497,United Kingdom
702,0.041146346070735966,-0.03359440490038848,United Kingdom
703,-2.4799804743450906,-0.5750198591541952,United Kingdom
704,0.17231531702631825,-0.017807068876011436,United Kingdom
705,0.3265424692144578,0.6165801544559761,United Kingdom
706,-2.7044121319665537,-2.2870044472275857,United Kingdom
707,-2.377849972066898,0.7623395128615672,United Kingdom
708,2.3335421549386335,0.038216107526370724,United Kingdom
709,-0.9572957968843532,0.3422973337020054,United Kingdom
710,-0.3211815645495492,0.26494356304942746,United Kingdom
711,-0.08801477861027714,0.9657539962664119,United Kingdom
712,-2.492919567452247,0.49775789620359745,United Kingdom
713,-3.1244292558297957,-0.8883695221406416,United Kingdom
714,1.663682625076373,0.053287124709865685,United Kingdom
715,-1.2335320061637052,-0.12310150027050379,United Kingdom
716,-3.2968558362382367,0.598156767296187,United Kingdom
717,-1.2383188117698303,0.31085283711663914,United Kingdom
718,-0.09882099111824157,-0.5464048137189924,United Kingdom
719,-4.90367704534529,1.3233626102250569,United Kingdom
720,-1.5377501880105917,0.6428341802591402,United Kingdom
721,1.9257276878773235,-0.81490146716595,United Kingdom
722,-5.868933225758156,-1.734647391645183,United Kingdom
723,1.0198571859525982,0.21997691106569617,United Kingdom
724,1.8095989916017214,-1.2324672920432016,United Kingdom
725,0.7798432395941636,0.17029064359468393,United Kingdom
726,0.0846686717276299,-0.0884836641133822,United Kingdom
727,1.1829885560212259,-0.5562023417038386,United Kingdom
728,0.9364193498471899,-0.7473051872509593,United Kingdom
729,2.95858916266999,1.0709314363529292,United Kingdom
730,1.5209584363021642,0.6023873980971248,United Kingdom
731,0.2038396900070846,-1.0453086460986716,United Kingdom
732,4.365710996380259,-0.33312957716036223,United Kingdom
733,1.1507816778906585,-0.26655544821386157,United Kingdom
734,-0.7539651571096048,-0.21887253942517249,United Kingdom
735,-1.338626583560507,-0.6298730544916483,United Kingdom
736,-0.27815419149906667,-0.4710753672204205,United Kingdom
737,2.7516521748651397,0.5898412603588529,United Kingdom
738,-0.7342182617444475,0.9734544095857619,United Kingdom
739,2.135406594967569,0.16431560805397513,United Kingdom
740,0.009845706674242106,1.2896244582683065,United Kingdom
741,-0.07765056574047637,-0.09934776475858885,United Kingdom
742,0.44797444077346876,-0.05689116921281596,United Kingdom
743,-0.7686282954110777,-0.06471834427125189,United Kingdom
744,2.2545948038695975,1.2005272619991134,United Kingdom
745,0.2250211224940439,0.7492815956391617,United Kingdom
746,-1.0636778764159376,1.8661840668436978,United Kingdom
747,-0.18804176328866234,2.025677676633211,United Kingdom
748,3.596960475543113,1.2034679253291367,United Kingdom
749,-0.4203802131031386,1.713154736697319,United Kingdom
750,-1.5629127649484214,1.5568826117482681,United Kingdom
751,1.5508710066129652,1.6260317601724226,United Kingdom
752,-1.551978263115799,1.6135430347674309,United Kingdom
753,-1.5406514882461546,1.6074078490221233,United Kingdom
754,-1.6352409168904347,-0.3983336134619534,United Kingdom
755,-1.0414144365076565,-0.050699111314866076,United Kingdom
756,0.2081976216178473,1.6239444786814796,United Kingdom
757,-1.4005602148442584,1.4275420570442763,United Kingdom
758,-0.7731180725421785,0.6597655344487633,United Kingdom
759,0.24773478176097882,0.32509662000450085,United Kingdom
760,-0.38657966679745437,0.8690211881814907,United Kingdom
761,-0.13028703640394343,1.4477354068768766,United Kingdom
762,-0.29441967299521987,0.9810169096143857,United Kingdom
763,-1.0528670670140663,1.4918833617175986,United Kingdom
764,-1.0151691298139347,1.3675309834974205,United Kingdom
765,2.3798847754930317,0.5563096649503736,United Kingdom
766,0.6990010686776466,0.536203809733381,United Kingdom
767,-2.449494008191906,-0.6251764960744279,United Kingdom
768,1.760469542942976,1.0528291460345485,United Kingdom
769,-3.291179625435704,-2.9485645851385764,United Kingdom
770,-0.7526873860783055,1.1743811408432678,United Kingdom
771,-1.9154947591160842,1.702257379808794,United Kingdom
772,-0.49211892514353733,1.6284194738801878,United Kingdom
773,-1.2221799765318329,1.3747507556566454,United Kingdom
774,2.0799366481114787,1.2407085720747342,United Kingdom
775,-0.04466329619359733,1.0719872731208615,United Kingdom
776,0.15526164815122562,1.0973951739949745,United Kingdom
777,0.4204729446855823,-1.1886499535051895,United Kingdom
778,2.235613945529991,0.490249106322239,United Kingdom
779,-2.029761499393578,0.1894387404528563,United Kingdom
780,2.5898558483116814,0.47022940652268946,United Kingdom
781,-0.8704174836246875,1.5676007475865448,United Kingdom
782,-0.5062292876392955,0.9642583851290312,United Kingdom
783,0.4858678879024014,-0.1166412426143125,United Kingdom
784,-0.884643008035295,0.7704005486740416,United Kingdom
785,-5.10363543910343,1.587682458283951,United Kingdom
786,2.8284535615880415,-1.4526600302000905,United Kingdom
787,-1.2328112395694482,0.30973493349947506,United Kingdom
788,0.744327627971369,0.961476039538128,United Kingdom
789,0.41490182032591577,0.5622513151617056,United Kingdom
790,-0.9392935383654825,0.9451185131434592,United Kingdom
791,-0.3224137424586304,-0.1611145287146307,United Kingdom
792,-3.143657470377496,-1.2505820790498943,United Kingdom
793,-0.9772998054992422,-1.450812196265066,United Kingdom
794,-0.8250774930386479,0.5960098535893549,United Kingdom
795,5.948601930378391,-0.8785589158220855,United Kingdom
796,0.23076201645501204,-0.6736238923900396,United Kingdom
797,-2.0223816553682785,0.12583079027550878,United Kingdom
798,0.6225516092203496,0.12315848239763175,United Kingdom
799,-0.8692464689847501,1.0795454605584338,United Kingdom
800,-0.16331679612744096,0.6310240414217024,United Kingdom
801,3.6367042850629776,-0.4345443053914265,United Kingdom
802,-1.3213744653791812,-1.246164937738292,United Kingdom
803,-2.5125083122503007,-0.4791734033287802,United Kingdom
804,1.4831825068861377,0.4785831336901212,United Kingdom
805,1.8277750458494828,1.9042589000383279,United Kingdom
806,1.0125233168339163,0.548264179932527,United Kingdom
807,3.1456642447155736,-1.2719771586353876,United Kingdom
808,0.04518356886102589,-1.2221132442495375,United Kingdom
809,-0.6540782934535923,-1.1490654951442336,United Kingdom
810,1.2469552836290094,-1.4968029492992991,United Kingdom
811,0.500034557069243,-0.781591172539091,United Kingdom
812,0.5746216929166141,0.8536764939539269,United Kingdom
813,-0.8931186371356982,-0.5252951760151992,United Kingdom
814,2.6660007635632015,-0.0815550709726454,United Kingdom
815,-1.4157666295955027,-0.048618976927018324,United Kingdom
816,2.390973061326925,0.6800764879132283,United Kingdom
817,-1.1101422681028164,-0.2579001750761844,United Kingdom
818,-1.4000530547430343,-0.2540751803299495,United Kingdom
819,0.7650009108432131,0.08928436282132032,United Kingdom
820,2.4862272825560607,0.3286173093792881,United Kingdom
821,-0.9471880454663251,-0.6296961185296573,United Kingdom
822,1.5640593348168323,-0.7712015136238347,United Kingdom
823,2.6671136124597745,-0.11857900766693948,United Kingdom
824,-3.9908376605614473,7.928802868724078,United Kingdom
825,-1.600039932413534,0.5285090017996003,United Kingdom
826,0.372664024314161,0.9465314254758543,United Kingdom
827,1.227152674508984,-0.06223373928000824,United Kingdom
828,4.24177588148029,-0.16590467006657492,United Kingdom
829,-1.3175529694695784,-2.1514022978405123,United Kingdom
830,0.6805716014780514,-0.2772698098463081,United Kingdom
831,-2.763391393581368,0.135346860493185,United Kingdom
832,-0.05874717074997878,0.860728164582673,United Kingdom
833,-1.3984467088018322,0.3812065352972059,United Kingdom
834,1.0738365928514713,0.025336749794124803,United Kingdom
835,3.79576268270553,-1.0842512230158723,United Kingdom
836,-2.3567809801767785,-1.4419369400431696,United Kingdom
837,2.8672595561606786,-0.4809133644317797,United Kingdom
838,-0.8789005305347417,0.12622366768997625,United Kingdom
839,-1.468986721700099,-0.1267589193477431,United Kingdom
840,0.7385180798314935,0.4419388274062242,United Kingdom
841,0.12113094515473477,2.472077566040179,United Kingdom
842,1.138041463838686,-0.4650855702400167,United Kingdom
843,-1.8283779250749974,0.4657390231427964,United Kingdom
844,1.4904098480373655,-0.2243397485450139,United Kingdom
845,-2.268111864870252,-0.1454989317214001,United Kingdom
846,-2.0380130938662657,-1.5569447918801693,United Kingdom
847,-2.4252767333911347,1.875282475824967,United Kingdom
848,-0.9991638589531904,0.5698417499206766,United Kingdom
849,0.6171913115173937,0.27167765184050685,United Kingdom
850,-0.5623122950045509,0.2524681562979595,United Kingdom
851,3.9147770817737775,0.4762065511245802,United Kingdom
852,-0.7905003556662576,-1.3791017604880431,United Kingdom
853,1.0008003156033929,-0.6699164245954264,United Kingdom
854,0.15333694967661704,1.1405898207884502,Switzerland
855,-1.3731805672074429,2.704184013030873,Switzerland
856,-1.6724223520551151,0.8672123718078923,United Kingdom
857,1.4788484959108883,-0.30853828756336094,United Kingdom
858,0.06017190603054669,-0.16598132219552791,United Kingdom
859,-1.5688312669343618,0.07082792234141794,United Kingdom
860,1.0115634963353533,-0.8449892774876736,United Kingdom
861,0.8200986126381098,0.29571612955300325,United Kingdom
862,0.29845856161469664,2.0394389201419774,Switzerland
863,-0.8727359860557836,-1.720684816558851,United Kingdom
864,-1.4438790366483993,-0.47815407766302925,United Kingdom
865,-1.2567696093835876,0.4076621470799742,United Kingdom
866,2.5295666278615627,1.2580114069835397,Switzerland
867,-1.0239602491194468,0.2554532781507424,United Kingdom
868,2.5206154350978323,0.06271849713591302,United Kingdom
869,-3.280973657844798,0.4276541010798911,United Kingdom
870,0.9843207845796569,-1.911568482828317,United Kingdom
871,2.2223492621728265,-0.7752311847939464,United Kingdom
872,-1.9337383197334232,0.7945715042109452,United Kingdom
873,-2.1427485772562775,0.3160309461181265,United Kingdom
874,-2.8977764616917634,0.16412447493800464,United Kingdom
875,0.3884756936146916,-0.5314818364384281,United Kingdom
876,1.053321820078725,0.1763430363902969,United Kingdom
877,1.6499309382618386,0.7154191017348063,United Kingdom
878,-0.20638021789828176,0.7592479062160901,United Kingdom
879,-3.107666791431695,0.5398915277644782,United Kingdom
880,1.8130857066776032,1.1979148151452452,Switzerland
881,2.080627483904566,-1.3394992385184648,United Kingdom
882,-2.7154655876375307,-0.5610451295213219,United Kingdom
883,2.396720836767771,1.6459685744485668,United Kingdom
884,-0.35994548072056726,-0.44805486119344967,United Kingdom
885,-0.5813283866011739,0.27726705648061123,United Kingdom
886,2.0571142062591874,-0.1695397322480973,United Kingdom
887,-1.7983079542170655,0.5183217364798585,United Kingdom
888,-1.2955649820557131,0.8364300836251519,United Kingdom
889,-1.0543359381862358,-0.7462443090017168,United Kingdom
890,-1.1283872978133067,-1.2029233107741746,United Kingdom
891,3.6835167321492546,-1.1512954189384683,United Kingdom
892,2.938219954248115,-0.35329315355614394,United Kingdom
893,-0.3162333913245309,0.929106194156893,United Kingdom
894,-0.4030217701674859,0.3272527559832895,United Kingdom
895,-0.856411566807516,-0.679913258174579,United Kingdom
896,0.4032111421822738,-1.0166138675648206,United Kingdom
897,0.20192163096647844,0.17289933867127028,United Kingdom
898,0.40646895592123894,-0.6381877711241871,United Kingdom
899,-4.1156153794951615,0.9689846439927016,United Kingdom
900,2.0499478887846596,0.3832516318061929,United Kingdom
901,2.4134876408464603,0.8402441640427558,United Kingdom
902,0.03811314815901794,-0.8988543439102334,United Kingdom
903,0.7127125128221445,-1.4944442675327767,United Kingdom
904,-1.385949326463284,-0.8647308500245651,United Kingdom
905,-2.537602884461097,0.06037384895181,United Kingdom
906,0.8801687950718461,1.0731190497461318,United Kingdom
907,-0.3579003732403354,1.8489616087313323,United Kingdom
908,0.6633514504183989,2.5719013455049877,United Kingdom
909,-0.9556185473382381,-1.6003333081901365,United Kingdom
910,0.7875694609928381,-0.29891444254151656,United Kingdom
911,-1.9103678625339293,-0.00923751400765738,United Kingdom
912,-0.3987170586260363,-0.5870941204463882,United Kingdom
913,-1.6377835348403922,-0.14539011571466248,United Kingdom
914,2.3475991475246056,-1.5524933011303492,United Kingdom
915,0.19287256136656752,2.2691849137315967,United Kingdom
916,-1.0241698239834975,-0.3175513939578754,United Kingdom
917,0.3002995162292395,-1.1747665722879523,United Kingdom
918,3.2266552645735733,-0.19520192570725972,United Kingdom
919,1.2281846573331325,0.17186464411939065,United Kingdom
920,-0.6753022580135506,0.06440524869071189,United Kingdom
921,-3.2544390115352164,0.34516134365316004,United Kingdom
922,0.17327539427808292,0.6516077937235124,United Kingdom
923,-2.7281242980219185,0.3453859880086049,United Kingdom
924,-0.9612890360028672,2.05380319144327,United Kingdom
925,2.489217459484105,-1.3146842548642346,United Kingdom
926,-1.0130272980287984,0.5184313690061069,United Kingdom
927,1.9728517155295822,-0.8780901724337261,United Kingdom
928,0.433758925741194,0.6456983104193592,United Kingdom
929,-1.7336829657616253,-0.3162331039056014,United Kingdom
930,1.075931588120679,0.9397965925856634,United Kingdom
931,-0.5894551535698338,-0.39535084578315866,United Kingdom
932,0.8834711506551284,-0.7328912888076111,United Kingdom
933,-1.8159861502264465,-0.2344571122571666,United Kingdom
934,3.8123547757095335,-1.2412082523557326,United Kingdom
935,-1.6839721014895335,0.29779189269526696,United Kingdom
936,0.42326870632567926,-0.4671217574378372,United Kingdom
937,-0.7445243679142743,0.012798545536228105,United Kingdom
938,-1.4158129110353712,-1.0289953601583575,United Kingdom
939,-0.7315721345881444,-1.428864750645869,United Kingdom
940,0.20824431987845016,0.7001876027736161,United Kingdom
941,1.3402079430274971,-1.0078860844099686,United Kingdom
942,0.680450632918326,0.08726349282010441,United Kingdom
943,1.4304245625618148,0.31261941183921016,United Kingdom
944,-1.3089002344426028,0.995160561590768,United Kingdom
945,-0.36331280464203164,-0.5074651890656661,United Kingdom
946,-1.839308036271184,-1.1527437277013448,United Kingdom
947,-1.360566014077448,-1.0471893905334857,United Kingdom
948,0.2601591443160313,-0.48866270693803704,United Kingdom
949,-1.6227587765979787,-0.03386539852712205,United Kingdom
950,1.3096495639134418,0.07725881002306477,United Kingdom
951,2.9363136421365397,0.2517929960771043,United Kingdom
952,1.9534635492104562,-1.053412414085052,United Kingdom
953,0.4501592745592778,1.2247885427875669,United Kingdom
954,1.7645500992568905,0.15227692010427676,United Kingdom
955,1.4143666429157489,0.010270519554708257,United Kingdom
956,0.6318304407302842,0.9159465730655187,United Kingdom
957,0.5500652641638745,-0.16481541922639006,United Kingdom
958,0.3497903675903108,-0.36297585856969794,United Kingdom
959,-2.1819879785319842,-0.8934893519410227,United Kingdom
960,0.5273856579671871,0.3829158372066549,United Kingdom
961,-1.0562613582732339,0.6389078382926872,United Kingdom
962,-0.4477097826197151,-0.7738346354677764,United Kingdom
963,2.322977956087821,0.3512721682933848,United Kingdom
964,-2.044741102833277,0.4028419934674935,United Kingdom
965,1.4825768008777305,0.0338228668904397,United Kingdom
966,-1.5470532349522859,0.12180961396049733,United Kingdom
967,1.5616180925304657,-0.20772695735627913,United Kingdom
968,-3.1334392888536633,-0.526567534885814,United Kingdom
969,0.5319283481769354,0.2358753851073873,United Kingdom
970,2.2318698229905163,0.01985761094207806,United Kingdom
971,0.2240605740704293,0.750259860572284,United Kingdom
972,-0.6050332337499353,-0.7107097977124208,United Kingdom
973,-0.7259486762305604,-0.6345099185286166,United Kingdom
974,2.0055042328471653,0.455067101761187,United Kingdom
975,0.826291146644308,1.4908356329936576,United Kingdom
976,0.21609808487861143,0.27753230405563234,United Kingdom
977,-2.2849624716516352,0.5857675493230633,United Kingdom
978,-2.9740015260700474,-1.5425532167502896,United Kingdom
979,-0.9699512033203652,0.03506252667716272,United Kingdom
980,4.037903538625804,-0.8432873865535746,United Kingdom
981,-1.652624377920623,-0.8210523762082899,United Kingdom
982,-0.8835046139343398,-0.24108896516652914,United Kingdom
983,-2.9890404547543974,0.19263142314476478,United Kingdom
984,-0.6476543984505729,-0.4104581473811735,United Kingdom
985,-0.768870473092747,-0.3494871782531619,United Kingdom
986,-1.0053158176174088,-1.6220486562002994,United Kingdom
987,3.1621583537300433,-0.27624099574749783,United Kingdom
988,0.2894600851407862,-0.5570417554751703,United Kingdom
989,-4.461935127590917,0.36444020892397616,United Kingdom
990,-3.128728547069456,-1.3916845994624993,United Kingdom
991,2.7269884989447153,-1.7128004770779788,United Kingdom
992,-3.1687760864572034,-1.7664910195144972,United Kingdom
993,-0.3351548959931169,0.5334782263452598,United Kingdom
994,-2.3651192574802278,0.6490790703941273,United Kingdom
995,1.197883518417268,0.11255906948050039,United Kingdom
996,7.138491415754658,-0.35712043985840114,United Kingdom
997,1.8192758382516554,-0.8180292487135944,United Kingdom
998,-1.784704393240142,-1.3839167276260977,United Kingdom
999,-1.9905228526108787,1.4518379120414964,United Kingdom
1000,2.2889928996867948,-1.2346551992200818,United Kingdom
1001,-4.474374647777022,1.5002734175532124,United Kingdom
1002,2.3427846729236554,-0.6214508529096651,United Kingdom
1003,0.07614558529613007,0.7172433488882748,United Kingdom
1004,-1.5088319812840585,0.5366050463503925,United Kingdom
1005,-0.34283808188884474,1.2406668831770897,United Kingdom
1006,-1.0580155032705523,-0.010247899700633292,United Kingdom
1007,3.808316377621858,-0.11105625287426703,United Kingdom
1008,-1.7189972151624981,-1.4167583920313735,United Kingdom
1009,-2.03000010093436,0.07053178981440364,United Kingdom
1010,-1.6942125596668165,-0.6760870468097494,United Kingdom
1011,0.37951711485568573,-0.19959390213165148,United Kingdom
1012,-2.202035870653423,-0.9933714038818862,United Kingdom
1013,1.5910969880514545,-0.8091593592944931,United Kingdom
1014,-1.9399228589332158,0.79748813685851,United Kingdom
1015,0.8476300097214822,-0.49236032253107215,United Kingdom
1016,-0.0165297039010907,-0.027443080099736714,United Kingdom
1017,-0.3560506369245455,0.4064291802419609,United Kingdom
1018,1.3823994713517915,1.029863930521098,United Kingdom
1019,-2.8140181156884787,0.9694792640712877,United Kingdom
1020,1.3936017368349838,0.26713875999182213,United Kingdom
1021,0.7891059514733079,-0.6013804257309538,United Kingdom
1022,-1.077065192355616,-0.549670348692419,United Kingdom
1023,0.34646943110681033,0.2613975247939721,United Kingdom
1024,-0.17071499792767977,0.5972412960407035,United Kingdom
1025,-0.6961633954870102,0.9179866438723808,United Kingdom
1026,-0.07485124336404363,-0.39834038369930824,United Kingdom
1027,2.0894218844047567,0.91447169604234,United Kingdom
1028,1.1130685112970786,-0.8037350233443095,United Kingdom
1029,-1.4427825101569483,0.8545873002790093,United Kingdom
1030,-2.305438865365671,0.5106722611631515,United Kingdom
1031,-1.0235275961867998,-0.11918288486014476,United Kingdom
1032,-0.4866636472310757,0.644276214757819,United Kingdom
1033,2.448195377204451,-0.10103160737951711,United Kingdom
1034,1.2220267506293299,-1.9773917311875866,United Kingdom
1035,0.7733232683962531,0.09446301039462666,United Kingdom
1036,-0.9053462669015989,-1.122933719410994,United Kingdom
1037,-4.758840403697044,1.3512472613847157,United Kingdom
1038,-0.08389535323649534,0.21133481966741072,United Kingdom
1039,0.455716675882924,0.8715130409596668,United Kingdom
1040,-1.9548115403474577,0.7887777399893461,United Kingdom
1041,0.6689914792316236,-0.11793023288932183,United Kingdom
1042,-0.2675203006732202,0.6729502404618265,United Kingdom
1043,-1.653531536988582,-0.527459049227291,United Kingdom
1044,2.539219199256699,-0.8752306715127103,United Kingdom
1045,3.308794701006083,-0.7144160425472504,United Kingdom
1046,2.4314402346968875,0.07348651235385756,United Kingdom
1047,-0.2987874093138501,0.220522022365894,United Kingdom
1048,-0.8929768058914609,-1.0623037154787527,United Kingdom
1049,0.6539212304403242,0.49237214621039344,United Kingdom
1050,-1.6385922375340845,-0.40154367542830566,United Kingdom
1051,0.5493545759348056,1.500665289980471,United Kingdom
1052,1.352992535554356,0.35747596791844505,United Kingdom
1053,4.621751974916337,-0.1821933463434691,United Kingdom
1054,2.4148069090776856,-0.542025216365229,United Kingdom
1055,1.827260215584179,0.5385867294058477,United Kingdom
1056,1.0168955706564826,-0.17469327191138032,United Kingdom
1057,-1.1518437591215909,0.4509107095263526,United Kingdom
1058,5.127513726834062,-0.40659668464894066,United Kingdom
1059,-2.3780736958080606,0.01717881724240408,United Kingdom
1060,-0.08080233704374436,-1.0668291562340295,United Kingdom
1061,-2.9669750098599823,0.35024741744065907,United Kingdom
1062,0.8023260205599358,-0.7426642889166506,United Kingdom
1063,1.6059596290594986,-0.7196560053074922,United Kingdom
1064,-2.2642836122046885,-0.09679946808596798,United Kingdom
1065,-1.0053555450617742,-0.6183160863439479,United Kingdom
1066,0.3689106149856133,-1.8013456362756326,United Kingdom
1067,0.23975956583499722,0.23869833110394634,United Kingdom
1068,-2.0353032490886895,-0.5375799933294625,United Kingdom
1069,6.140535965328609,-0.7772367716169504,United Kingdom
1070,-0.2891176571085275,-0.0049623199403296195,United Kingdom
1071,-0.7191446956904349,0.8554168158766109,United Kingdom
1072,-1.205554832592011,0.5860438723739966,United Kingdom
1073,2.0092454712664227,1.5359792208356227,United Kingdom
1074,-1.8256583829683375,0.4229567466666081,United Kingdom
1075,2.06533490209992,0.044578531585119756,United Kingdom
1076,0.37879161571951914,-1.0263944291140772,United Kingdom
1077,-2.077692060576459,0.829576622422611,United Kingdom
1078,-3.4019173421834545,0.5581592804647025,United Kingdom
1079,1.6046584153618033,-0.08896156036140399,United Kingdom
1080,-3.072633775024179,1.2259149555330386,Other
1081,0.281079312164329,3.242326714822028,Germany
1082,-1.7000877134599666,3.6385820877343855,Germany
1083,-0.35225374352338956,-0.19392232576968313,Germany
1084,0.7465926649352256,0.5447916858651789,Germany
1085,0.7096402016318579,1.052938853902107,Germany
1086,2.6566526542892417,0.598519295987002,Germany
1087,-0.3898107523887765,0.47183590597405245,Germany
1088,-0.8676711255129063,-0.32441747784788744,Germany
1089,0.1867761495441558,0.24568815748562997,United Kingdom
1090,-1.020305828017699,0.052303580729302405,United Kingdom
1091,0.8321819674738905,-1.0702649023967177,United Kingdom
1092,0.42288114725860093,0.570352228506741,United Kingdom
1093,0.9856307158926622,-0.054124594708447896,United Kingdom
1094,-2.433586786358782,0.9366178285753625,United Kingdom
1095,-0.6178384328678107,-0.33889811426581845,United Kingdom
1096,-1.154263937965405,-0.9452066030688262,United Kingdom
1097,1.5102474641781787,0.25913691279238565,United Kingdom
1098,-3.56818441804762,-1.8348986939558418,United Kingdom
1099,-1.3508294175851354,1.236333900692319,United Kingdom
1100,0.37447844606402125,-0.3714110228519976,United Kingdom
1101,-1.665614269026554,-0.5763433170154534,United Kingdom
1102,0.7460871176216908,-0.9745388170538208,United Kingdom
1103,-3.508970972854364,-1.698513151538154,United Kingdom
1104,2.2560956066123135,0.5254971067913213,United Kingdom
1105,-0.6548366297276568,-0.34860691407539585,United Kingdom
1106,-1.4391391976738037,-0.25081426285968433,United Kingdom
1107,0.37801323790494057,0.03230166371702183,United Kingdom
1108,0.3788425803973023,-1.0540747154230126,United Kingdom
1109,1.2179053763139045,0.8161392177129632,United Kingdom
1110,1.0614848748728425,1.3972259773432856,United Kingdom
1111,1.6490042958048081,0.7386293466916843,United Kingdom
1112,-0.002793323172547058,1.7849843495699065,United Kingdom
1113,3.1172803667020577,0.1708420316160835,United Kingdom
1114,-1.0859561374419449,-1.3889735156144873,United Kingdom
1115,-2.032232418989564,0.3797551770459197,United Kingdom
1116,-1.9555183898559132,0.15533368887044274,United Kingdom
1117,1.4713953831192648,-0.7695646329095782,United Kingdom
1118,2.0783832013521604,-1.0383417900408052,United Kingdom
1119,-1.4586859470139193,0.3330245646089829,United Kingdom
1120,-0.7297214261855178,-0.29302995411978305,United Kingdom
1121,-2.617501129899404,-0.19494890706350557,United Kingdom
1122,0.5145616866171694,0.37178511176528434,United Kingdom
1123,2.133567134229414,0.47426138187118083,United Kingdom
1124,2.1055642732775284,0.9311274363877853,United Kingdom
1125,2.5128912088813897,-0.4919548610440224,United Kingdom
1126,3.202245900730319,0.4094835186357237,United Kingdom
1127,-1.3407037429843986,0.1694451752828905,United Kingdom
1128,-1.289545180679234,1.9231990563846275,United Kingdom
1129,1.4338594094889143,-0.35519318995947213,United Kingdom
1130,-2.926613484460526,0.18444063468268868,United Kingdom
1131,-2.750925922274158,-1.471128945882421,United Kingdom
1132,0.4241216065995549,1.911931173842424,United Kingdom
1133,2.4875254440291723,-0.6161401221698345,United Kingdom
1134,4.638215551584797,0.07775082798327741,United Kingdom
1135,1.4185939891263155,-0.6889922567069285,United Kingdom
1136,2.1967656955420916,0.23977113266807454,United Kingdom
1137,0.453525193433853,-0.7695912550059151,United Kingdom
1138,-1.03580997594673,0.637915383588313,United Kingdom
1139,-1.6678071507709589,0.3283108556026719,United Kingdom
1140,-1.5144745762345007,0.9125501166690277,United Kingdom
1141,-0.5647742719549399,0.7037717235393549,United Kingdom
1142,-1.2732246901970552,0.8792243383587608,United Kingdom
1143,2.092778599475726,-1.1038790151281208,United Kingdom
1144,0.30230388931602953,-1.7143966280868244,United Kingdom
1145,-0.855948340892826,2.401762611276056,United Kingdom
1146,-0.2305167386075945,-0.6421581234762351,United Kingdom
1147,1.9065277382138748,0.4692045821923163,United Kingdom
1148,-1.138570611102307,-0.36986240198914794,United Kingdom
1149,-2.41320925979702,-0.1343348924347669,United Kingdom
1150,-0.8386508545825401,-0.5211023226410239,United Kingdom
1151,-0.2494618068563971,0.25045164503482775,United Kingdom
1152,1.98694214735637,0.8661298943423941,United Kingdom
1153,-0.7266854336732917,-1.401713374572483,United Kingdom
1154,1.6489027347318488,0.6143080691653675,United Kingdom
1155,2.1661928768730183,-0.37376163834266746,United Kingdom
1156,0.06708706890654169,-0.42667241710201453,United Kingdom
1157,-1.2642140014639616,-1.0305997636984772,United Kingdom
1158,0.6972007890687777,0.2899382449681265,United Kingdom
1159,-0.6680650174645744,-0.3341473862872653,Other
1160,-2.725339795986623,0.85417581158156,United Kingdom
1161,-1.0756569929805415,0.24242495935724873,United Kingdom
1162,2.2364114712788297,-0.9156784314711609,United Kingdom
1163,-0.455515973873978,0.6442494843304433,United Kingdom
1164,-1.7360668407324102,0.752239813590505,United Kingdom
1165,-1.0782600267078204,0.19149959975846922,United Kingdom
1166,-0.6665322240228373,-0.2091929035170424,United Kingdom
1167,-1.1441802469454732,1.542689062447748,United Kingdom
1168,-1.0650475206187826,-1.0290191100238009,United Kingdom
1169,0.6310416968008156,0.36259460686489714,United Kingdom
1170,-2.0644965815413046,1.5528096505409388,United Kingdom
1171,-0.7725292192404495,0.49515205348049357,United Kingdom
1172,-0.269780669350312,1.5296299146481893,United Kingdom
1173,-0.941184560180883,-0.16796563133002637,United Kingdom
1174,-2.3231903461186163,-0.7505668563077894,United Kingdom
1175,-2.8220064487206757,-2.2944036448814957,United Kingdom
1176,0.3547263935863347,-1.567135490643173,United Kingdom
1177,0.44858367667375215,-0.48019507543300954,United Kingdom
1178,2.1902576506521774,1.2443673473019665,United Kingdom
1179,-0.6612617526059502,-0.8242543487853233,United Kingdom
1180,-3.1404884367839174,-0.794217207372151,United Kingdom
1181,-3.6581889064175086,0.15506685101287532,United Kingdom
1182,2.719514566334036,-1.2699394582461385,United Kingdom
1183,0.1820835917086285,-0.1587980169474253,United Kingdom
1184,-0.3408257447995067,0.3085988933195973,United Kingdom
1185,1.6476389091872765,2.1670820818883136,United Kingdom
1186,1.9128807427335655,-0.2333132799753943,United Kingdom
1187,-0.3359837392662446,-0.08601030215566713,United Kingdom
1188,-1.3166310065029962,-0.16776084297856944,United Kingdom
1189,1.2653831107601776,-0.7452712883930867,United Kingdom
1190,-0.029036187577365376,-0.6043000510464616,United Kingdom
1191,-1.4936309459644452,-1.3087524119501883,United Kingdom
1192,-2.056898795677056,0.02174795341802718,United Kingdom
1193,-0.48680582891194757,0.10347097030160776,United Kingdom
1194,-3.708563174117974,-0.3795814159563857,United Kingdom
1195,4.258422393166113,-0.23964589278269485,United Kingdom
1196,2.3178540546454345,-0.5493534395593922,United Kingdom
1197,-1.743627553212335,-0.9818462842841729,United Kingdom
1198,-2.1003998477276022,0.7642985234082686,United Kingdom
1199,-0.6709763288393901,-0.02947171899550575,United Kingdom
1200,2.3373998288739375,-0.31080036421850415,United Kingdom
1201,-1.689105510188728,0.8785635591298482,United Kingdom
1202,-1.1364559922440034,-2.12521210909203,United Kingdom
1203,0.4074234846472083,0.4553359086110273,United Kingdom
1204,-1.8064101627695306,0.1694376121892188,United Kingdom
1205,1.4297304382059546,-0.03766641863011326,United Kingdom
1206,1.8561031922941555,0.5310666426363748,United Kingdom
1207,0.22169631839469492,-0.8903606296334142,United Kingdom
1208,3.6628549679602096,-0.5794324586922611,United Kingdom
1209,-0.7178682461724725,-0.6510568800696408,United Kingdom
1210,2.9082099753013946,0.39655909428456215,United Kingdom
1211,0.7309196366372536,0.6017863838419341,United Kingdom
1212,-1.5447597654126657,0.35854944356259455,United Kingdom
1213,1.0223669339401666,-1.7879053500238957,United Kingdom
1214,-2.8778295534482328,-2.1242832001688297,United Kingdom
1215,1.7683421293998534,0.9875855421690103,United Kingdom
1216,2.186055787888182,-0.11606321850865198,United Kingdom
1217,1.2427694379999552,-0.706826385744721,United Kingdom
1218,2.8050702982101265,-0.7363176380119675,United Kingdom
1219,-0.5040477768990893,0.6000050343984835,United Kingdom
1220,1.0723697715345477,0.956038747706825,United Kingdom
1221,-0.13657633189345544,-0.1041862283106299,United Kingdom
1222,2.573197803545619,0.5126359976957733,United Kingdom
1223,2.258146998864755,-0.19734049592186761,United Kingdom
1224,0.008304271375366082,0.07088490557807071,United Kingdom
1225,-0.3716285376718399,0.45061011231739745,United Kingdom
1226,-1.7551381163827557,0.5792041471021222,United Kingdom
1227,-0.5008506488103365,-1.1569776166048793,United Kingdom
1228,0.11525705182668343,-0.980641949197554,United Kingdom
1229,-0.0608867956557893,1.1212910949608794,United Kingdom
1230,2.199446266352587,1.6978771352216113,Other
1231,0.8754089397119353,0.16282083740586167,United Kingdom
1232,0.14865639408306183,-0.21134102675231828,United Kingdom
1233,-0.8864691961075606,0.6155686939849303,United Kingdom
1234,-0.6927326347071858,-0.1583329449724375,United Kingdom
1235,0.10262644912954372,-0.47114715626616677,United Kingdom
1236,-1.5330014030983448,0.09884946235666922,United Kingdom
1237,-2.8043845391886144,-1.0725699891655496,United Kingdom
1238,-1.0415877609741624,0.46320537709550047,United Kingdom
1239,2.2682000179595287,0.010042729360802301,United Kingdom
1240,4.454907023698281,0.8435662677139981,United Kingdom
1241,2.6081767703577516,-1.1173393552856643,United Kingdom
1242,0.39700756590551983,-0.7749926146556659,United Kingdom
1243,0.9262361194198664,-0.2257345218358602,United Kingdom
1244,-0.692444889308338,1.6166912600418333,United Kingdom
1245,-2.473691453963407,-0.6053371129787994,United Kingdom
1246,1.0247161111977494,0.07256518183603744,United Kingdom
1247,-2.2264023026866773,-0.9665376275573014,United Kingdom
1248,2.3731434305027594,0.1592859157295195,United Kingdom
1249,-2.339702239646472,-0.6837573558020897,United Kingdom
1250,0.499459070394225,-0.9204707714999785,United Kingdom
1251,-0.20288750467763497,1.1246636634395324,United Kingdom
1252,-1.777039412171264,-1.6290437364248436,United Kingdom
1253,0.603286238611649,0.18579911006898628,United Kingdom
1254,-0.6685627578654726,0.33713791066307836,United Kingdom
1255,3.480789612197453,0.7620299243535035,United Kingdom
1256,0.44174423646928584,-0.6475369290181467,United Kingdom
1257,4.27582934837934,0.3950518790844114,United Kingdom
1258,-1.0935953463149861,-0.4858829168906453,United Kingdom
1259,-2.119244899034399,-1.1136019652117746,United Kingdom
1260,-2.885283663352928,-1.5376689520235216,United Kingdom
1261,-0.8779225142135684,1.6184365051144167,United Kingdom
1262,4.514439969938968,-0.9539136131633198,United Kingdom
1263,3.5269298065523356,-0.6798135180675611,United Kingdom
1264,-2.3694332404966603,-0.15867344165751104,United Kingdom
1265,3.6695940131654523,-1.411814936308183,United Kingdom
1266,3.7005170427892073,0.40746291273335916,United Kingdom
1267,1.3776821570748221,-0.96638125725658,United Kingdom
1268,-2.9902679312303544,0.5116512968916747,United Kingdom
1269,-0.5399640795777105,-0.3726585214381749,United Kingdom
1270,-2.036323161764522,0.8706929620364716,United Kingdom
1271,2.197984036164597,-1.4287631374385965,United Kingdom
1272,-1.8615201394278975,-0.9807806033574747,United Kingdom
1273,0.911812379565022,-1.0322161751765617,United Kingdom
1274,-2.0938354456946957,-0.9607577716237562,United Kingdom
1275,-0.4134630711844,-1.0877491440816196,United Kingdom
1276,0.15314001261185353,-0.39426849788571083,United Kingdom
1277,-1.2317099756579315,0.6544330784386292,United Kingdom
1278,-3.4580234232237976,-2.710716486054433,United Kingdom
1279,0.3184558544261749,0.8164753050632165,United Kingdom
1280,-2.0910582497515864,-0.035098345503006376,United Kingdom
1281,1.630204409221823,-1.6094481679600814,United Kingdom
1282,3.7452360986586255,-1.3405718823718067,United Kingdom
1283,-0.36330297801346195,-1.849707388215308,United Kingdom
1284,5.831710361174791,2.50753879882529,United Kingdom
1285,-1.9354680768363401,-0.7483344931467166,United Kingdom
1286,-3.7817458747766977,-1.5431130631508314,United Kingdom
1287,2.911421459931689,-0.6813075835274068,United Kingdom
1288,0.33749362737572175,-0.8236623100071605,United Kingdom
1289,6.724279926141646,2.384537109942139,United Kingdom
1290,-1.8063765627830366,-1.2429211931956,United Kingdom
1291,2.660039957771615,-0.6277705804979576,United Kingdom
1292,-2.0806946180112234,0.13622119308216413,United Kingdom
1293,2.3565342449408573,0.5667037526891289,United Kingdom
1294,1.3323468859688599,-1.0273578105867902,United Kingdom
1295,-2.1753137002432896,0.8588342567048132,United Kingdom
1296,0.5737873845373959,1.5951495541366092,United Kingdom
1297,1.7935993865674942,0.0591076254433939,United Kingdom
1298,-0.14402808005781628,-0.015662879342683206,United Kingdom
1299,-2.358203903777456,-0.6199691357693696,United Kingdom
1300,3.28743214404265,-0.5578758446922961,United Kingdom
1301,-0.1868811972723143,-0.38721900828459016,United Kingdom
1302,2.2487978204094854,-0.18882564144862887,United Kingdom
1303,1.3872531715057688,-0.3741919693951001,United Kingdom
1304,-1.8140915068364,1.1945437195530213,United Kingdom
1305,1.0927308415468755,-0.18965793988120178,United Kingdom
1306,-3.22489520049042,-1.5084171066333918,United Kingdom
1307,2.6985776655988767,-0.2501175173519329,United Kingdom
1308,-0.6387959450941657,-1.2196332549699684,United Kingdom
1309,2.373255344370404,0.6032226457047526,United Kingdom
1310,0.06779309427982744,-0.14638964683945274,United Kingdom
1311,-0.3467887524327512,0.43506602474998834,United Kingdom
1312,0.007422735871407446,-0.3894175459589626,United Kingdom
1313,1.1024044145009215,-1.0281524347606603,United Kingdom
1314,-0.6948321748246469,0.8326651553936593,United Kingdom
1315,3.1916770213774646,-1.3772210033045718,United Kingdom
1316,-0.6082736809455056,0.28301454699041023,United Kingdom
1317,3.444939167684971,-1.0195484031046897,United Kingdom
1318,1.069885188810207,-0.5545833098586269,United Kingdom
1319,-0.3896673015832643,-0.48830774821351774,United Kingdom
1320,1.1766352695167663,-0.7685764483204497,United Kingdom
1321,0.5979648865930297,-0.5974695767933401,United Kingdom
1322,-1.3507703658972219,0.005674754483490038,United Kingdom
1323,-3.214260411517515,0.420969921785463,United Kingdom
1324,0.8639698951164796,1.811420889528415,United Kingdom
1325,2.9991277278063584,0.23054748338567507,United Kingdom
1326,-1.6984388766311416,0.6998563520201824,United Kingdom
1327,-3.601500146170014,1.3519512019076012,United Kingdom
1328,-1.0372227138305716,0.7784825921700165,United Kingdom
1329,-0.07188165975269963,-0.5763990267933372,United Kingdom
1330,0.12111883301152165,-0.8763055536276445,United Kingdom
1331,0.14606336152564395,2.460328032440776,United Kingdom
1332,-3.462731100385298,0.620307972933966,United Kingdom
1333,7.558999768603397,1.2748416560769942,Other
1334,-0.25967048764271616,-0.8314329836791687,United Kingdom
1335,0.10454555867361359,-0.3366715270538025,United Kingdom
1336,3.6348766000164425,-0.9131396937333354,United Kingdom
1337,0.310363004073122,0.6203058133817093,United Kingdom
1338,-1.5864497212094708,0.11460195525497757,United Kingdom
1339,1.0450737334582383,1.4055190297875808,United Kingdom
1340,0.8279506072396141,0.2790994886322678,United Kingdom
1341,-2.6790196333306198,-0.1470318617321927,United Kingdom
1342,-0.6350506667940242,-0.13851463018765978,United Kingdom
1343,-0.8513236961235296,0.31395228973770684,United Kingdom
1344,-0.5359271632539124,-0.6345323227837366,United Kingdom
1345,-1.8264050226193405,-1.2268629346326807,United Kingdom
1346,2.0277922639973034,1.3737435739885158,United Kingdom
1347,-0.9533685858371314,0.11912333491671294,United Kingdom
1348,-0.6218438271983675,0.02018358027144708,United Kingdom
1349,2.166983790110433,-1.3938891401845979,United Kingdom
1350,0.4002813461339519,0.001707590435885881,United Kingdom
1351,2.5270253699736487,0.7032465039208656,United Kingdom
1352,-1.0607619074977503,1.3118312234857374,United Kingdom
1353,-4.10025652475498,4.916064329510981,United Kingdom
1354,1.348617679517691,-0.46231560903664815,United Kingdom
1355,3.681000282259462,-1.228851051643442,United Kingdom
1356,3.5775212630802686,-1.164239087812315,United Kingdom
1357,0.048641502229463604,0.32733075275675494,United Kingdom
1358,4.526402878158588,-0.07423361172938883,United Kingdom
1359,-0.5169402563660964,1.893603227589503,United Kingdom
1360,-1.7679724019309024,0.5762219716079559,United Kingdom
1361,0.005553932884469803,-0.0542727856148564,United Kingdom
1362,-3.3393218540663603,1.1312904681453628,United Kingdom
1363,0.12530738525153065,-1.0149929972603582,United Kingdom
1364,-1.069630433319646,-1.458277341810814,United Kingdom
1365,-0.5839646105320119,0.04752735020259566,United Kingdom
1366,-1.2839434514475505,-0.03643551337583674,United Kingdom
1367,-2.294533601528439,-0.07912206330917305,United Kingdom
1368,1.4631223230883847,0.5187685590890913,United Kingdom
1369,1.020425199244448,0.5400501367571175,United Kingdom
1370,1.6650264472588852,-0.2971589595128232,United Kingdom
1371,0.14997164465246748,0.420097821686396,United Kingdom
1372,0.8126273235903968,-0.7690913619517089,United Kingdom
1373,1.8666523349089512,-0.7588798698378147,United Kingdom
1374,1.4939566709369443,0.3557091924584831,United Kingdom
1375,2.0242584359803115,-0.7877626857730435,United Kingdom
1376,-1.7546588215937398,-1.2259220767693348,United Kingdom
1377,-2.215337127163125,-1.7839358219644934,United Kingdom
1378,-0.8636629869663511,0.7102612742378607,United Kingdom
1379,2.361941961009762,0.18873453070940557,United Kingdom
1380,-0.09967832280673752,0.41039751659301377,United Kingdom
1381,0.2853683324904104,0.6042992358946631,United Kingdom
1382,0.5266427958557397,0.3801150684749329,United Kingdom
1383,1.6358737898709634,0.160993381989331,United Kingdom
1384,2.3990194609760924,-0.21194138152702613,United Kingdom
1385,0.6185146259074543,0.6433542770860559,United Kingdom
1386,-0.06958095166184618,0.6511977848889214,United Kingdom
1387,1.7464170461217905,-0.3797078273945684,United Kingdom
1388,0.6694861981233156,0.1403812587017177,United Kingdom
1389,1.0188918115605803,-1.3538813765789544,United Kingdom
1390,1.8763073017121787,0.26232399976450765,United Kingdom
1391,-0.8223589166860138,-0.37146673211919706,United Kingdom
1392,-3.0641594805199346,1.3197496472550267,United Kingdom
1393,-2.6418723148912218,-0.3133938993437948,United Kingdom
1394,1.6650019429846359,-0.13929860531571295,United Kingdom
1395,0.24165102693931,0.4513525554550762,United Kingdom
1396,-2.0269311201282316,-0.3265134984169136,United Kingdom
1397,-1.9486564247942126,0.15317309349738362,United Kingdom
1398,2.189304707478673,-0.24782311511321697,United Kingdom
1399,0.9774981843537867,1.299371287806729,United Kingdom
1400,0.7470386836391197,0.6361322120718925,United Kingdom
1401,-2.7284961504025365,0.21252780251956058,United Kingdom
1402,-2.1205218651490862,0.6642264742636296,United Kingdom
1403,1.9066782897457337,-0.0687329529157233,United Kingdom
1404,2.3071390964416914,-0.5624025802964525,United Kingdom
1405,-0.0994239173908513,1.257579896483184,United Kingdom
1406,1.92030207733159,0.5912979685900683,United Kingdom
1407,3.8717729576493327,1.2032832676070606,United Kingdom
1408,-2.9460407412002527,-0.4054986158238894,United Kingdom
1409,0.3977381734084265,1.3121617518040083,United Kingdom
1410,2.321151135502254,-0.8436669042458517,United Kingdom
1411,-1.9301493888416807,0.9993896563437514,United Kingdom
1412,-0.677740722214029,1.0571898243951634,Other
1413,0.20086829954931687,1.3319602820699337,United Kingdom
1414,-1.127052941844676,1.5298567431898487,United Kingdom
1415,-2.785963482666349,-0.5499843488508536,United Kingdom
1416,-0.4011946802707897,-0.458018187205019,United Kingdom
1417,-0.5300474671474684,-0.7894593162540878,United Kingdom
1418,0.5252753392834777,0.028344862031843023,United Kingdom
1419,2.7666759294739256,1.296645539781719,France
1420,-2.9401779429169674,0.42043691984676856,United Kingdom
1421,3.0007585355510438,-1.5981808432144475,United Kingdom
1422,-0.6096945422943889,0.6074622058490083,United Kingdom
1423,0.7555480848217755,0.9200796679681397,United Kingdom
1424,3.148895521636228,0.38767774777189645,United Kingdom
1425,-1.3307086340130736,-2.2244904178209923,United Kingdom
1426,-1.3103584728238757,0.7860432418008559,United Kingdom
1427,0.36894859201251967,-0.17938630459487226,United Kingdom
1428,1.8461540686342808,0.23874131099019508,United Kingdom
1429,3.2758737369820095,-0.8656943401146145,United Kingdom
1430,2.6769309602568416,0.18285052476212402,United Kingdom
1431,1.2196811715431388,-1.1102777549545266,United Kingdom
1432,-2.2820504559742028,-0.8862718619381882,United Kingdom
1433,1.0726942156076593,-0.45279133195124804,United Kingdom
1434,7.0840228150083915,-0.40242822742278855,United Kingdom
1435,2.74739525011744,-0.13189380095639847,United Kingdom
1436,-3.62396556286347,-2.5332731516008002,United Kingdom
1437,-0.4308593931878991,0.09556331942436293,United Kingdom
1438,-1.5472514625427882,1.3451523311681117,United Kingdom
1439,1.3521160912422214,0.40244475712611644,United Kingdom
1440,1.0710573682457616,1.563290108950568,United Kingdom
1441,2.1100599192281453,0.27584628120985477,United Kingdom
1442,2.174391233775042,-0.8481818574102995,United Kingdom
1443,-1.668678844501689,1.2233668245722427,United Kingdom
1444,1.2232163008553405,0.07951720120573473,United Kingdom
1445,-2.101861188298787,-1.9216470970579613,United Kingdom
1446,1.5242307206421162,0.5166384417856708,United Kingdom
1447,-0.6529293410165018,0.6451898287632147,United Kingdom
1448,-0.8138458831416794,-0.265375194558132,United Kingdom
1449,2.028424096562127,-1.2497232115886427,United Kingdom
1450,-0.47305266835584947,0.28539448097961784,United Kingdom
1451,-2.4408697059741353,0.05065771327774325,United Kingdom
1452,-1.6834943958128097,0.2855372188824444,United Kingdom
1453,3.17811242272552,0.30865296951942284,United Kingdom
1454,-0.8788907982105689,0.09741130047452783,United Kingdom
1455,0.20737550556912587,-0.5462524195087984,United Kingdom
1456,-1.6155427153425959,1.862278205858107,United Kingdom
1457,2.149853404257821,-0.15525383661735398,United Kingdom
1458,0.01948187978553301,-0.7897438201166077,Germany
1459,1.7064982677983835,-0.7364991636499343,United Kingdom
1460,-0.6339667542625714,0.601192242836649,United Kingdom
1461,-1.6399800747121687,0.08656708917870126,United Kingdom
1462,-2.958242935358007,-0.15859168685424124,United Kingdom
1463,1.797608098143351,-0.3712434205468549,United Kingdom
1464,-0.1773484579655592,-0.6615214322331157,United Kingdom
1465,0.17270870225961188,-0.18658806348304266,United Kingdom
1466,-2.7973586888881052,-0.5526600061820038,United Kingdom
1467,0.2643523060538181,1.2689912358579616,United Kingdom
1468,-1.3570537002710736,0.7746979067826036,United Kingdom
1469,-1.555245175590731,-1.3262589930885869,United Kingdom
1470,-1.636752802065471,0.15223867601317168,United Kingdom
1471,-4.681415003438727,-0.47081182100103997,United Kingdom
1472,0.17252323660351582,0.5572233131176424,United Kingdom
1473,-3.159401422150139,-1.3556141482146407,United Kingdom
1474,-1.3779219651976182,-2.436844799054315,United Kingdom
1475,-2.516768225496989,0.11224683853483838,United Kingdom
1476,-0.37196340972417935,0.666771643193881,United Kingdom
1477,-1.1765904545911732,-0.7386597917166126,United Kingdom
1478,0.3749923194212974,0.16928322475285804,United Kingdom
1479,1.677671436765192,0.3951046255037399,United Kingdom
1480,-1.4646994111492582,-0.985551643659994,United Kingdom
1481,1.9115851615682247,0.5592200206046877,United Kingdom
1482,4.137508017621901,0.025677290838870593,United Kingdom
1483,-3.095448319607422,1.0391078221277883,United Kingdom
1484,-3.5922122973678374,0.018855562600235402,United Kingdom
1485,-4.228805025900745,1.4600548644588605,United Kingdom
1486,-1.1777455764404658,-0.3311397049788833,United Kingdom
1487,-1.2409438245450202,2.0620303701689298,United Kingdom
1488,-0.6510566791504551,-0.8389184659985243,United Kingdom
1489,-1.1661148367547098,-1.0037377684232933,United Kingdom
1490,0.9099889782852107,-0.29801503536690355,United Kingdom
1491,0.8005469258168972,0.37361790891142166,United Kingdom
1492,-1.2835317644202764,-2.2720273419500496,United Kingdom
1493,-2.9937029085024607,0.31891925622410705,United Kingdom
1494,1.4443098170946471,0.6014115466658859,United Kingdom
1495,2.5943578025969694,-0.3351533549651379,United Kingdom
1496,0.396543509964676,0.1990821353532019,United Kingdom
1497,2.9556771648285554,0.028928013836649964,United Kingdom
1498,-4.128074064239011,0.09315292718371379,United Kingdom
1499,3.069340500905716,-0.6883392693638338,United Kingdom
1500,-0.37059584920503896,-0.2539839207857321,United Kingdom
1501,2.135074365294312,-1.7449263613880164,United Kingdom
1502,-0.4731912879451935,0.2745330421070584,United Kingdom
1503,3.357797760993652,-1.5165295650169488,United Kingdom
1504,0.06481526120281114,1.515377325208857,United Kingdom
1505,1.1577109443554217,-0.25643510286141047,United Kingdom
1506,-2.537184406910381,0.12489067713563622,United Kingdom
1507,1.347669612511008,0.5421835488691957,United Kingdom
1508,2.105343793779214,-0.7359823554010113,United Kingdom
1509,1.2009271757279676,0.14078357679839082,United Kingdom
1510,0.9210561109820593,-0.9867979792022187,United Kingdom
1511,-0.8226171603672818,3.0695783029578783,United Kingdom
1512,0.36000936561182617,-0.10327938044476181,United Kingdom
1513,-2.661701004567061,-0.2576787303568171,United Kingdom
1514,1.4951914778845843,-1.4199633039945614,United Kingdom
1515,3.987214795167193,-0.6467044421760956,United Kingdom
1516,-0.5355653195109313,-0.9162657837183275,United Kingdom
1517,2.238595825848453,-0.3684089547144209,United Kingdom
1518,1.1438989463155596,-1.0871310531596128,United Kingdom
1519,-0.7365260103856223,-0.3078908404915867,United Kingdom
1520,-0.13186970294510195,0.2288464118926303,United Kingdom
1521,3.474150652843034,-0.25476442550010936,United Kingdom
1522,-2.3281078863361775,-0.0004408452393119986,United Kingdom
1523,-2.305897857588843,1.1987215970351053,United Kingdom
1524,2.9315155769961465,0.15409205332752493,United Kingdom
1525,-1.032001709094043,-0.7962388358940188,United Kingdom
1526,1.2406923946157042,-0.22792534081961907,United Kingdom
1527,-1.473876946417277,1.5477891972351152,United Kingdom
1528,2.6216533183441695,-1.1303630168590868,United Kingdom
1529,-0.16735050980085953,0.2889236670188331,United Kingdom
1530,-2.6631678123205074,-1.1498792470401156,United Kingdom
1531,-3.626951531019547,-1.763451273628307,United Kingdom
1532,-2.743838439762841,-0.8172194549515106,United Kingdom
1533,0.5620984221592388,3.466924315565345,Other
1534,1.3934913526117514,0.6005061402461108,United Kingdom
1535,1.4483676229104887,0.354920454960295,United Kingdom
1536,0.39509439010771774,2.2375252356430737,Other
1537,1.109163247245345,-0.056195255073578726,United Kingdom
1538,2.0322925787774704,-1.6095820016245332,United Kingdom
1539,0.8742477339920434,-0.6274564102498967,United Kingdom
1540,-0.8524907134496819,-0.814481857096014,United Kingdom
1541,1.2678660605327572,-1.2398609600548556,United Kingdom
1542,-0.8722567866592842,-0.23098487164471668,United Kingdom
1543,0.18005286276620583,-0.3633449878295879,United Kingdom
1544,-0.7897781769177405,-0.9758495226841575,United Kingdom
1545,-2.675327215848255,-0.05571627958927634,United Kingdom
1546,3.4511700178198788,-1.244696583367094,United Kingdom
1547,-3.0704861384207787,-1.1276774340880955,United Kingdom
1548,0.6914864688764523,2.071525396538509,United Kingdom
1549,-0.5524851351364872,-1.7891219546479187,United Kingdom
1550,1.3175445781235313,1.2294133250140502,United Kingdom
1551,1.6551752253334135,-0.5090596117485005,United Kingdom
1552,-1.40875917195927,0.82737285357864,United Kingdom
1553,0.28704490323337606,0.45503515941312855,United Kingdom
1554,1.3510232639879165,0.2633862133396472,United Kingdom
1555,0.15650432341849396,-0.9400027499834175,United Kingdom
1556,-0.33614649605060865,0.11465397927502044,United Kingdom
1557,1.5552824950945623,-0.19080894857029815,United Kingdom
1558,-2.1521130264190793,-0.1159484974334448,United Kingdom
1559,-0.7466776421808833,1.6348353082339635,United Kingdom
1560,0.09409633201852076,0.22877633702840922,United Kingdom
1561,-2.009539777829004,0.34414219921740147,United Kingdom
1562,0.35648991740004726,-0.5290244196940482,United Kingdom
1563,-1.7877277983687032,0.35780060073726927,United Kingdom
1564,-1.1384964896314962,-0.29868780374734455,United Kingdom
1565,-0.4433363080271833,-0.04915799637291615,United Kingdom
1566,1.9916155860535665,-0.43797893962444745,United Kingdom
1567,-2.650158662267034,-0.6505469099070702,United Kingdom
1568,-1.16746352288826,-0.246498264100316,United Kingdom
1569,-1.6443484523945688,-0.6573883195243133,United Kingdom
1570,1.1869492604140204,-0.7779681517063628,United Kingdom
1571,0.591381916821786,0.7882675311435913,United Kingdom
1572,-0.80580352225787,0.18889101383374776,United Kingdom
1573,-1.6156138743922326,0.49522051709386194,United Kingdom
1574,2.127572883747611,-0.09170904235280856,United Kingdom
1575,-2.1738035441845747,-1.3277424761614702,United Kingdom
1576,-2.6625027802920407,-1.6266332958108245,United Kingdom
1577,-1.3866802530811784,1.3476763620448262,United Kingdom
1578,-1.0751073734111993,1.4485672868859927,United Kingdom
1579,1.7148703485859373,0.04009725576039533,United Kingdom
1580,0.8213826231856332,-0.7907125559611334,United Kingdom
1581,-1.850521509119323,0.5195954631500617,United Kingdom
1582,-1.9487091985702925,-0.6456180305119522,United Kingdom
1583,2.5902370012265963,-0.9255320319200095,United Kingdom
1584,2.8558967815538834,-0.26055983706805935,United Kingdom
1585,0.1268965040154747,-0.3291959133007953,United Kingdom
1586,3.6093323154101147,0.28568962387162566,United Kingdom
1587,1.8665688559276064,0.057675639405927494,United Kingdom
1588,1.1080465408307525,-0.3558701193281797,United Kingdom
1589,-0.904127942028381,-0.6522427406026663,United Kingdom
1590,1.1986420006538643,-0.6902673711988669,United Kingdom
1591,-1.8116706080152483,0.3417331170434372,United Kingdom
1592,-0.9931111276591837,-0.5268373841397642,United Kingdom
1593,0.5476946833308654,0.29250372723547263,United Kingdom
1594,1.6889582524494873,-0.21741707044862935,United Kingdom
1595,-1.4213790786257545,0.2825507801619059,United Kingdom
1596,-1.5967915369976482,-0.4433083930363359,United Kingdom
1597,-1.3293576658192743,-1.088438215633691,United Kingdom
1598,0.18979457822506438,-0.45586441139002803,United Kingdom
1599,-1.5928698366233438,0.0030696690678729387,United Kingdom
1600,1.5998551405225918,-0.1301116040847961,United Kingdom
1601,2.9925256637560507,0.153885501326441,United Kingdom
1602,4.221969135945683,-0.7019402854779822,United Kingdom
1603,-0.8114812193866437,-0.3027131762785016,United Kingdom
1604,0.3536412661539016,-0.8255414989742866,United Kingdom
1605,2.1588805291131683,0.6136007182675012,United Kingdom
1606,-0.29863227595447156,1.057137873425195,United Kingdom
1607,1.9915504119987426,-1.0952965193806534,United Kingdom
1608,3.558832787863032,-0.8773802015687353,United Kingdom
1609,2.293953013857288,0.7291465807399998,United Kingdom
1610,-2.630441371550331,0.6877563924554171,United Kingdom
1611,-1.464541529782879,0.32324542365688375,United Kingdom
1612,-1.1695272894646802,-0.06341326694441086,United Kingdom
1613,-0.020022274021275,-0.7405851168193703,United Kingdom
1614,0.7637787029626788,0.045294245904192905,United Kingdom
1615,0.9969272963525209,-0.6500454640100619,United Kingdom
1616,-3.636300243070695,0.4147359845832199,United Kingdom
1617,1.718502326774208,0.5716990858517481,United Kingdom
1618,1.7835901745839347,0.5867713012555432,United Kingdom
1619,2.6259059980507473,-0.3146426218610694,United Kingdom
1620,3.228088143673592,-0.31323893092671096,United Kingdom
1621,-1.4307220941359104,0.40505028877469457,United Kingdom
1622,-1.39261355053084,0.5428467333832762,United Kingdom
1623,0.38155275147114515,-0.47422587926781906,United Kingdom
1624,-1.8846368428193223,-0.5022147183797155,United Kingdom
1625,-1.748403806902428,-0.75633497331865,United Kingdom
1626,0.769752485277821,-0.47440501734924717,United Kingdom
1627,2.2486011202610556,0.03970429507180224,United Kingdom
1628,-1.3514778969776522,-0.3696060538624179,United Kingdom
1629,-0.19462524100481723,0.34863065378875974,United Kingdom
1630,1.90421716635566,-0.80337666470974,United Kingdom
1631,0.7673673746635842,-0.22342438416631202,United Kingdom
1632,3.362622906492935,-0.59142050455413,United Kingdom
1633,1.8234122500785566,1.2876434971477249,United Kingdom
1634,-0.07447495983039557,1.143335970454604,Other
1635,0.4738438032912868,1.194215586881758,United Kingdom
1636,-1.204267808556007,-0.5582891608243531,United Kingdom
1637,-1.9941309223531847,-0.19905437628966136,United Kingdom
1638,2.749807743159674,-0.4876976586309953,United Kingdom
1639,0.9322354478765553,0.33994278089178437,United Kingdom
1640,-5.1144078470239895,-1.052730173046422,United Kingdom
1641,0.692924421466106,-0.7748831676507387,United Kingdom
1642,-0.8718930377969685,-1.3187903243467431,United Kingdom
1643,-1.511238569974986,-1.5605439195103206,United Kingdom
1644,-2.6391691015838514,-0.5460902366548565,United Kingdom
1645,1.7173151232355097,-1.3906574932377969,United Kingdom
1646,0.17461368675171227,0.39756842934511066,United Kingdom
1647,-1.7738417142500376,-0.9656719654617104,United Kingdom
1648,-1.3550241357720196,-1.119588681583717,United Kingdom
1649,1.7139643201812014,-1.0586635429542717,United Kingdom
1650,-5.165209737179252,0.37253621748236126,United Kingdom
1651,1.6926169151208188,-0.27258053097755375,United Kingdom
1652,0.3632543590197928,-0.9732618657421721,United Kingdom
1653,0.43976830404248346,-0.9984810454168088,United Kingdom
1654,-0.30939114454162303,-0.6746454500963268,United Kingdom
1655,1.5743701583425482,-0.3325872084030929,United Kingdom
1656,0.7251380293981121,-0.7870706059128866,United Kingdom
1657,-1.0069647301912192,-1.0303368864010842,United Kingdom
1658,-1.5166414747847232,1.5526848500428867,United Kingdom
1659,-1.4222925284015229,-1.32037843007071,United Kingdom
1660,-1.3227228020764745,0.6568387890915889,United Kingdom
1661,5.550841002140383,-1.9940959958014517,United Kingdom
1662,4.118578705294305,0.4464244896290511,United Kingdom
1663,0.7212458784547542,0.365167723285447,United Kingdom
1664,0.02464847834851037,-2.449768937121891,United Kingdom
1665,-2.257974854319237,0.14646296647189344,United Kingdom
1666,-0.4972997714838453,-0.2208838335822954,United Kingdom
1667,-1.4565199847157606,1.330176256150182,United Kingdom
1668,-1.1720878236221886,0.2900377414793754,United Kingdom
1669,2.0722483729088506,-0.6806704431038239,United Kingdom
1670,-1.507721611869927,0.5696045706948315,United Kingdom
1671,0.6637053172928296,-0.5817639406994373,United Kingdom
1672,-1.6332151103314811,-1.1125632105623928,United Kingdom
1673,-0.18542116831275823,1.337337162140334,United Kingdom
1674,2.0312804844799066,0.6764200317589484,United Kingdom
1675,-0.6012432672326609,0.8947993576297025,United Kingdom
1676,1.139761796298693,0.07363009408200696,United Kingdom
1677,0.41385068234762473,-0.12559581353986857,United Kingdom
1678,-2.8500253565634375,-0.4587663037904443,United Kingdom
1679,-1.7578661252850403,1.4335955164819802,United Kingdom
1680,-0.3893786675464417,0.04066305175936324,United Kingdom
1681,-1.0282743733888007,0.8849173429423541,United Kingdom
1682,2.002035715110263,0.9666326667408729,United Kingdom
1683,1.595980000377682,0.28672335428162093,United Kingdom
1684,-2.307172379233748,-1.8220400634923466,United Kingdom
1685,-3.136524310430277,-0.697524571358282,United Kingdom
1686,-0.11859227063190815,-0.2330999163360195,United Kingdom
1687,-0.3194409340703013,0.9359921755457259,United Kingdom
1688,-0.5946416775001714,0.6008978997097274,United Kingdom
1689,9.079602947125766,0.8840110407131591,Other
1690,-1.8168233417790889,-0.021098707591403632,United Kingdom
1691,1.8570431371340346,-0.6574328594567245,United Kingdom
1692,0.09733915414363249,0.10042572043948166,United Kingdom
1693,-2.3550611189681,-0.6471673010378741,United Kingdom
1694,2.3838113275678423,-0.8356639362859148,United Kingdom
1695,1.51576981351891,-0.11670784866077043,United Kingdom
1696,-1.2178822092769903,-0.39188207082891824,United Kingdom
1697,0.7679001414646475,-0.6881017373431645,United Kingdom
1698,-1.3196523703924044,-0.36290708959262546,United Kingdom
1699,2.324486609641333,-0.5831293877011552,United Kingdom
1700,-1.229654925790598,-0.7020588531486289,United Kingdom
1701,-2.9784277182754546,-0.4569235510444805,United Kingdom
1702,0.8059776948261894,-0.8505777811423869,United Kingdom
1703,0.4270338764184233,-0.6567058912431947,United Kingdom
1704,1.0592266682344984,0.7052958351841876,United Kingdom
1705,-1.4792075226115529,-0.9934308152845367,United Kingdom
1706,4.309071599270271,-0.36667885513816456,United Kingdom
1707,0.8072772420890791,0.5131911677112571,United Kingdom
1708,-0.5120888277455281,-0.6074389161525816,United Kingdom
1709,-0.14902917394443355,0.5928076787596049,United Kingdom
1710,1.6608439394254122,-0.7593011296971001,United Kingdom
1711,0.4166558818893813,-0.04358586436630221,United Kingdom
1712,1.7458728634782743,-0.43213713858197267,United Kingdom
1713,4.744459605848094,1.0277258614673064,United Kingdom
1714,-1.7018588258310008,0.9836805551555444,United Kingdom
1715,-3.9204875243575783,-2.959668412932915,United Kingdom
1716,1.5527937171868806,-1.0816251462067799,United Kingdom
1717,-0.5140965895882686,0.5998956632817981,United Kingdom
1718,3.540479956946261,-1.0943806768188762,United Kingdom
1719,-2.7141711396473536,-0.7346319413230158,United Kingdom
1720,-0.8072166850280967,-0.439630094027445,United Kingdom
1721,1.249110703079863,0.4594237742357436,United Kingdom
1722,-0.4241861033542613,-0.3554719534512657,United Kingdom
1723,-2.9149148386792825,0.316358807444068,United Kingdom
1724,2.344013112801709,-0.9077430460712567,United Kingdom
1725,-1.918157083190051,-0.4374674763189004,United Kingdom
1726,1.7498058307801785,-0.9861478626954739,United Kingdom
1727,-2.9020002250146963,-0.7100172034706775,United Kingdom
1728,1.6895716021316258,0.3822438676706484,United Kingdom
1729,2.4096309250818857,-0.49055863961479823,United Kingdom
1730,3.148986309028976,-1.0426288037078986,United Kingdom
1731,-0.7967780361017939,-0.6022416283999295,United Kingdom
1732,2.1248177104747694,-1.3429752702980002,United Kingdom
1733,-2.922755446799622,-0.42538997109163773,United Kingdom
1734,0.9329885817647857,-0.3694605403632771,United Kingdom
1735,2.8009815257427357,-0.2601597162175628,United Kingdom
1736,0.5774724999482272,-1.3729780939670266,United Kingdom
1737,2.4505041346119723,-0.026868544787335087,United Kingdom
1738,-0.01067179605769855,0.11087803289259844,United Kingdom
1739,2.5155016371365586,-0.9354542655400355,United Kingdom
1740,-1.6863676955445783,-0.47892878824709456,United Kingdom
1741,0.5364608359890068,-0.30212078423698346,United Kingdom
1742,-0.33705664745657016,-1.381470727559538,United Kingdom
1743,2.2128839689012163,-1.028934275620982,United Kingdom
1744,0.04694632427833177,0.17710713759317465,United Kingdom
1745,-1.8416260848261437,-0.04678160184533862,United Kingdom
1746,1.5662698342975476,-1.203398358608865,United Kingdom
1747,0.31333885438820736,1.1064245221604336,United Kingdom
1748,-2.3822805966933127,1.6652380101345423,United Kingdom
1749,-1.1264149684936862,0.1590392380158017,United Kingdom
1750,2.7735676424103084,-1.3251740517567745,United Kingdom
1751,-0.6404813297295742,-1.1254888545146613,United Kingdom
1752,2.306652725152417,-0.2443638709009576,United Kingdom
1753,3.5413152303237485,0.8336642920545083,United Kingdom
1754,3.4412296686739126,-0.8371264546063061,United Kingdom
1755,0.506757674958863,0.002154688967966055,United Kingdom
1756,0.6982600236632319,-0.2898115333115059,United Kingdom
1757,2.8379598199299214,-0.5087149583812535,United Kingdom
1758,0.713093658471925,0.704112191304417,United Kingdom
1759,1.122792239657676,-0.7041397144462715,United Kingdom
1760,0.5894458668285697,-0.7681590195607165,United Kingdom
1761,0.7000134174861964,-0.6388550663776227,United Kingdom
1762,-1.8730822379786591,1.4836008379615377,United Kingdom
1763,1.4037900155399319,-0.7747871639681917,United Kingdom
1764,-1.260065263807157,0.15693398615698803,United Kingdom
1765,-0.6442907245375535,0.9880330140117747,United Kingdom
1766,-0.008357269760524364,-0.27127645417042645,United Kingdom
1767,3.0070691755531693,0.2474504789104814,United Kingdom
1768,0.2947793417461156,0.7197043918621375,United Kingdom
1769,-1.1072018682881217,0.8455920583436422,United Kingdom
1770,0.3637310268188295,1.561721543355153,United Kingdom
1771,1.4904889232423952,0.7447492307064386,United Kingdom
1772,-3.5362489001025827,-0.44933101614942567,United Kingdom
1773,-1.7165018086895532,-0.8704096615684475,United Kingdom
1774,-1.26028983952935,-0.3972052577125435,United Kingdom
1775,-1.5464994367702805,-0.6927117260383209,United Kingdom
1776,-1.109036538575077,-1.169527361516287,United Kingdom
1777,2.2346659589644005,-0.36603834360856263,United Kingdom
1778,-2.317774658257792,-0.6683263715215113,United Kingdom
1779,4.8902680918209045,0.3056846626691682,United Kingdom
1780,-0.08961297527092059,0.9266201506210309,United Kingdom
1781,-2.5484050024857146,-0.1052147645765551,United Kingdom
1782,0.8265157320849816,-0.9634268359607376,United Kingdom
1783,1.977383577068817,-1.4191726326019491,United Kingdom
1784,-0.3760879843052117,0.5345166721876997,United Kingdom
1785,-1.5476063375529725,0.8950798874635237,United Kingdom
1786,-0.648483820983407,-0.24482701609465685,United Kingdom
1787,-2.482665152561396,0.0827362374689536,United Kingdom
1788,-1.143143168199799,-0.3432303812896277,United Kingdom
1789,-2.8046030656878638,-3.0978620383009265,United Kingdom
1790,0.254073203384976,-0.4584231044015599,United Kingdom
1791,-1.9102799405202713,-0.7617115262537855,United Kingdom
1792,0.44296259611571537,-1.4176848179435528,United Kingdom
1793,-6.372597398862784,-2.858318544488518,United Kingdom
1794,-1.5787158862378592,-0.21040635280821152,United Kingdom
1795,1.4804908056476613,-0.7250595538291622,United Kingdom
1796,-3.438293975557254,1.024205373307137,United Kingdom
1797,4.686210128495209,-1.1447179104758451,United Kingdom
1798,-1.8650490581975914,-2.066244230251996,United Kingdom
1799,-1.9867330119340378,0.21295438488302543,United Kingdom
1800,3.0288100192550744,-0.37866836675346804,United Kingdom
1801,-1.219395711983551,-0.5520925495561467,United Kingdom
1802,-0.22351567651062526,0.2578944120746353,United Kingdom
1803,-1.032128451007949,0.3196654929816775,United Kingdom
1804,-0.5412510006294472,0.012983387869946607,United Kingdom
1805,-1.577958918744453,-0.7278536910073066,United Kingdom
1806,2.291790524891068,0.14280480158813144,United Kingdom
1807,1.7144575057411302,-0.8243158372467551,United Kingdom
1808,-2.479174333290686,-0.628316919074714,United Kingdom
1809,0.49019121900171014,-0.507740936032036,United Kingdom
1810,-3.714108586207632,5.227242830365694,United Kingdom
1811,0.25318565236839896,1.1187557111361155,United Kingdom
1812,-0.262406228846744,0.16603867817054702,United Kingdom
1813,-1.7250167987405192,-0.059512585528515544,United Kingdom
1814,-0.42037258867008853,-0.780114853713646,United Kingdom
1815,-4.530233176006796,-1.009158161724234,United Kingdom
1816,-1.395360867195851,-0.07016054387711373,United Kingdom
1817,0.5849860098514494,-0.6174980338029746,United Kingdom
1818,2.159798940652328,-1.1723120866881922,United Kingdom
1819,0.8407217639433443,1.1196815875234836,United Kingdom
1820,0.1738397828400599,-0.9407017837764771,United Kingdom
1821,-1.2748695246936084,-0.9409370320929616,United Kingdom
1822,1.185958045961079,-0.02280886250630958,United Kingdom
1823,-2.6367827590961204,-2.1300334861607255,United Kingdom
1824,1.3436850046541349,-0.23071082315159436,United Kingdom
1825,-3.9475889915339075,-0.6855827505080049,United Kingdom
1826,2.0933631987736607,0.5679289617731342,United Kingdom
1827,1.8457173756985732,1.4277853713959856,United Kingdom
1828,1.940048694854454,0.9345306891366209,United Kingdom
1829,-1.7342249856019287,0.7216808879776283,United Kingdom
1830,3.7932416800884363,-0.576620183867719,United Kingdom
1831,-1.2973249827894426,-0.17311789810888076,United Kingdom
1832,-0.2828414796561259,-0.5598929442280551,United Kingdom
1833,1.9264344881464566,0.40821736143259446,United Kingdom
1834,-1.3521516078621247,0.6652999477928143,United Kingdom
1835,1.9225007269010042,0.2636788172044147,United Kingdom
1836,-0.8839750892148563,1.0002801337112395,United Kingdom
1837,0.9125165272456682,0.3112893965319892,United Kingdom
1838,0.4696605057619538,1.1515949339521767,United Kingdom
1839,1.0462187783082366,-0.14059823242673947,United Kingdom
1840,-1.4290376706150236,-1.8370080454812179,United Kingdom
1841,-2.429679478315776,-0.6809866329059926,United Kingdom
1842,0.5770265099281554,-0.23213006975246414,United Kingdom
1843,-1.4307086975470193,-0.5599064655558099,United Kingdom
1844,-2.7430552566720876,-3.8282504032779077,United Kingdom
1845,3.738595305752858,0.9577146994293436,United Kingdom
1846,-0.5096875084050426,0.49256158025560093,United Kingdom
1847,2.5538426799924614,-0.5682909114079595,United Kingdom
1848,0.6587811978939994,-0.2365924641566521,United Kingdom
1849,-1.8000915032548725,0.646076487946573,United Kingdom
1850,0.26219935722959437,-1.282472978835928,United Kingdom
1851,-1.0557628134416792,1.5890959763067232,United Kingdom
1852,0.49274532114677855,1.5174631626613153,United Kingdom
1853,1.3869937022682333,-1.038928388652684,United Kingdom
1854,-0.1328018260864622,0.22382400163964575,United Kingdom
1855,-0.8971060857311915,-1.138830844663773,United Kingdom
1856,-1.026927126642178,0.3887510856628242,United Kingdom
1857,0.6240166290656645,-1.9391406042400738,United Kingdom
1858,-0.20075491481909075,0.20929486938289302,United Kingdom
1859,-1.4957134701150885,0.7370203576576386,United Kingdom
1860,0.4563116789808541,1.148151350946936,United Kingdom
1861,-1.3175455954635007,0.26895918977896216,United Kingdom
1862,-2.709380333315702,-0.39733130266718747,United Kingdom
1863,-3.04302013007543,-0.19992578479755535,United Kingdom
1864,-0.43577317910767294,-0.41263727817222456,United Kingdom
1865,1.2190517792143853,0.29850150672228476,United Kingdom
1866,-0.5036183941778705,0.8301574575495542,United Kingdom
1867,4.324745815097007,0.3311015345520932,United Kingdom
1868,-0.7624187116039784,-0.07847251573756299,United Kingdom
1869,0.9432873013034644,0.4103397424423131,United Kingdom
1870,1.2955331703613011,-0.5515530818939416,United Kingdom
1871,1.3580328381916351,-0.8946750486718289,United Kingdom
1872,-0.8873793032531779,-0.07549687348420978,United Kingdom
1873,2.406116864430689,0.13123276675299936,United Kingdom
1874,1.7875666701969408,-1.6487910466045015,United Kingdom
1875,-0.8608126812238392,0.16686467985675824,United Kingdom
1876,2.811107574332561,-0.08422311067925717,United Kingdom
1877,-1.7419959955132485,0.4292385785857835,United Kingdom
1878,-0.13915279809478065,-1.4880272964727395,United Kingdom
1879,8.786360653311583,-0.016113473725114073,Other
1880,0.5021283267286677,-0.3270913073805181,Other
1881,1.3353942080840464,-1.0714509034920299,United Kingdom
1882,-1.7086086824655637,-0.058108645637266955,United Kingdom
1883,1.0016286527963758,-0.45699730990823995,United Kingdom
1884,0.5874600532551194,1.3145038038298211,United Kingdom
1885,0.07412109260900815,1.1055615719380447,United Kingdom
1886,1.1638522394797233,0.05874104505934452,United Kingdom
1887,0.08380638208857408,1.007228254460723,United Kingdom
1888,-2.3389311986092793,2.964668946469192,United Kingdom
1889,-1.5935463618948336,-0.5653108397929096,United Kingdom
1890,1.4753074908771027,1.4262462428309768,Other
1891,0.709832859853352,1.3465278457181156,Other
1892,-1.9814250151370982,2.3891333077709245,Other
1893,1.1411970718802906,1.3519180517774856,Other
1894,0.17196461685763784,1.9578935538435678,Other
1895,3.480010436223275,1.1031833968223888,Other
1896,0.5934313287761711,0.7733196693011992,Other
1897,2.938536026417244,0.22048743850011066,United Kingdom
1898,-3.1427880457037665,-0.41812745571321497,United Kingdom
1899,-1.468800280001164,-0.36658090336227156,United Kingdom
1900,0.8677387355672476,-0.6966356216311256,United Kingdom
1901,-0.9841753143334573,0.7821115794176274,United Kingdom
1902,-1.0311879964344728,-0.3055856193460345,United Kingdom
1903,3.120351482496438,0.8918159184240475,United Kingdom
1904,-0.6129884779292656,-0.4751335259048617,United Kingdom
1905,-0.4466516612556737,-0.16416925375587732,United Kingdom
1906,-3.557411159862877,-1.4821440966268624,United Kingdom
1907,-1.090802910678796,0.7408566902573483,United Kingdom
1908,0.040690575093127755,-1.1719753170251541,United Kingdom
1909,-0.8974946807527243,-1.7997681730055897,United Kingdom
1910,3.5939476327420867,0.3018633448086729,United Kingdom
1911,-3.303028041889116,0.9394498631125637,United Kingdom
1912,1.8369237463365562,-0.7980491337721697,United Kingdom
1913,-2.103502664702813,0.36213782021993,United Kingdom
1914,-0.07575403102868805,-0.11878401380422395,United Kingdom
1915,-1.0283105913506398,-1.137691045239952,United Kingdom
1916,-1.326290532499752,0.5334081544663289,United Kingdom
1917,-1.5037910834958288,-1.1986545510872355,United Kingdom
1918,0.14160822678442636,1.3945268096049446,United Kingdom
1919,1.0391733377235544,0.09569693618169113,United Kingdom
1920,-2.909495468453389,0.19655528000675315,United Kingdom
1921,-0.09996543465379772,3.452814037465999,United Kingdom
1922,-2.449563075973357,-0.5973498175940382,United Kingdom
1923,-1.1197678002458524,-1.0468231481883725,United Kingdom
1924,-0.05413169356456506,-0.4284997486989573,United Kingdom
1925,1.2110688944705716,0.8021273314537466,United Kingdom
1926,-2.8680547887280623,-1.180641439533263,United Kingdom
1927,-1.4943073063264638,-0.5631838008849116,United Kingdom
1928,-0.9093352649917769,-0.7877185465920845,United Kingdom
1929,-1.7105668525473388,-0.7429156112585847,United Kingdom
1930,-1.2677903103826866,0.3115164393796396,United Kingdom
1931,-1.2146602543869058,-1.0006600778158765,United Kingdom
1932,0.11670005455531791,-1.8893767235987866,United Kingdom
1933,-0.6292544462727615,-0.20926746755851938,United Kingdom
1934,-0.25136938264460257,0.3498420178040881,United Kingdom
1935,1.0548864772893771,0.2576730912348175,United Kingdom
1936,0.8461331811610499,1.4854916615571276,United Kingdom
1937,3.8980921982951187,-1.0693698742735485,United Kingdom
1938,0.07280651252561544,-0.10895213138942342,United Kingdom
1939,-2.4880271040754707,-0.06103276870485766,United Kingdom
1940,1.4095702386064275,-0.34012144768655656,United Kingdom
1941,-1.0938383452656948,0.10868701629764381,United Kingdom
1942,-0.2761745738016285,-0.4637554493574411,United Kingdom
1943,-1.1885164546789404,-1.3057203018293604,United Kingdom
1944,-2.281078428070811,0.4788833050345125,United Kingdom
1945,-2.170918047899258,-0.6337191827973626,United Kingdom
1946,-0.7042779159251967,0.5532262482253169,United Kingdom
1947,-1.2829116127715448,-0.024217839737990018,United Kingdom
1948,2.234760715175062,-1.0112532947150585,United Kingdom
1949,0.9279170214240464,-0.6275121674783137,United Kingdom
1950,3.9410527665768194,0.12509595826993233,United Kingdom
1951,1.7738463738331613,-1.0422798891570229,United Kingdom
1952,-0.4696967359469994,-0.026155352131262764,United Kingdom
1953,-0.4189389023981445,-0.7989082734432686,United Kingdom
1954,0.4226292754896203,0.1385019902761809,United Kingdom
1955,0.34780796313078727,-1.4356947017145547,United Kingdom
1956,-0.9764932573394229,0.1234852863302286,United Kingdom
1957,0.704168867872811,-1.0270066704598033,United Kingdom
1958,1.7865330214086952,1.413584508748367,United Kingdom
1959,2.907575357110178,-1.2578918526593905,United Kingdom
1960,3.1111591195687116,0.05776779503730352,United Kingdom
1961,-1.2324323692279218,-0.34117407515910525,United Kingdom
1962,-0.12534930977979106,-0.9176757814711405,United Kingdom
1963,0.08170135430102353,-0.36172837130409363,United Kingdom
1964,5.291091391845024,-0.3022843668028192,United Kingdom
1965,-1.613748618601536,-0.5769481313330784,United Kingdom
1966,-3.2850243701706883,0.7071234478635068,United Kingdom
1967,-0.9865931488519509,0.000659885180173852,United Kingdom
1968,3.5540443706518428,0.5275406564524611,United Kingdom
1969,-1.236761150814899,1.7620957203146719,United Kingdom
1970,3.3525207730684334,-0.5091006341465529,United Kingdom
1971,-1.3416794400113545,0.2926596486827288,United Kingdom
1972,-0.5140265525816122,-1.125493159074751,United Kingdom
1973,-3.219027901113068,-0.7026275825691897,United Kingdom
1974,1.465069422425532,0.24119263650248066,United Kingdom
1975,1.4651814782615977,-0.20347832515572262,United Kingdom
1976,-2.073073148175416,0.4687671186388705,United Kingdom
1977,0.9174058961394799,-1.4760660838185893,United Kingdom
1978,-0.23409563204518316,-1.5937643174762448,United Kingdom
1979,0.162027760604595,1.5309264089331398,United Kingdom
1980,2.0618039795809744,-0.7288736442829145,United Kingdom
1981,1.2673555502445937,-0.6890995870472852,United Kingdom
1982,-0.11429261569674433,-2.269097486617549,United Kingdom
1983,6.076238873644978,0.21106400601797204,United Kingdom
1984,0.4998379636714208,-0.501364995300509,United Kingdom
1985,-2.3444894055116663,2.2117203398589256,United Kingdom
1986,2.08562760165373,1.4108800448450864,United Kingdom
1987,0.07291049668141138,1.5232193499979874,United Kingdom
1988,1.1454035860842757,0.7432936391446074,United Kingdom
1989,0.08673365275325377,-0.2950391775287236,United Kingdom
1990,0.31492216492931485,1.9901981162487254,United Kingdom
1991,-3.8858929974008873,-0.12348883185696714,United Kingdom
1992,-0.2680483557789503,1.2586008218244151,United Kingdom
1993,0.6410858447311819,-0.3382991179915422,United Kingdom
1994,-0.03043479772192223,0.6499469443854683,United Kingdom
1995,-0.13215497536428952,1.1233961542487076,United Kingdom
1996,0.09065884240992349,1.2853950431565924,United Kingdom
1997,4.036589516268916,-0.8892600365725416,United Kingdom
1998,-0.16538176609597705,0.7097451387667942,United Kingdom
1999,-0.5344078537623317,-0.44309496583795477,United Kingdom
2000,-3.630223395152482,0.6412669315505746,United Kingdom
2001,-1.3009057274482523,0.09011409843057887,United Kingdom
2002,0.6422189106096059,1.1429146275070046,United Kingdom
2003,2.228696952498878,-0.07321727636144505,United Kingdom
2004,-1.3459687900652186,0.9686427233080886,United Kingdom
2005,-0.4763104232096862,0.04091513482501049,United Kingdom
2006,-1.3558958256297735,1.0189263975427452,United Kingdom
2007,2.639320694274054,0.43869156240083096,United Kingdom
2008,0.6156160202128413,0.1354610623422986,United Kingdom
2009,-1.754938659943909,-0.12053208265567787,United Kingdom
2010,-0.7140947340072079,-1.0099267195643449,United Kingdom
2011,0.7036962120051505,11.755507550464072,United Kingdom
2012,-0.75239425963797,0.03933406840459712,United Kingdom
2013,-2.1024291156569133,2.5811330143600433,United Kingdom
2014,-1.0033044693874593,-0.8805165474331813,United Kingdom
2015,-0.11663373758329691,0.931404243044082,United Kingdom
2016,0.21766442986029275,1.6102396810770925,United Kingdom
2017,1.9164608981857274,-0.4787554564066254,United Kingdom
2018,1.485118430882218,-0.558363791093453,United Kingdom
2019,-1.8118686908672244,-0.07993894149108258,United Kingdom
2020,0.33698550467515354,0.9888123803283362,Other
2021,-1.2545189209614829,1.802728476345248,United Kingdom
2022,-0.14191253800642817,1.0063726154675767,United Kingdom
2023,1.1100702842380021,0.6173281525809023,United Kingdom
2024,2.527759587359208,0.3967943349088681,United Kingdom
2025,2.511630531197261,-1.0521104692528587,United Kingdom
2026,-0.9179643940505946,0.23463937071714291,United Kingdom
2027,0.8914697524331876,-0.19961149118548732,United Kingdom
2028,1.6538099855236819,-0.6388068132153926,United Kingdom
2029,-1.525669029202212,-1.7545006308765618,United Kingdom
2030,-2.14277788684446,1.7277745252050283,United Kingdom
2031,-1.1478910532441635,1.1361698339206137,United Kingdom
2032,-0.7856338307508778,0.2999351725462104,United Kingdom
2033,0.8577985319299084,0.8370652998211356,United Kingdom
2034,1.9874658190594372,0.6637597595689633,United Kingdom
2035,-1.4438005790881314,-1.4568556632065377,United Kingdom
2036,3.81418910960713,0.6914182975131979,United Kingdom
2037,-0.9252879926241266,-0.12953290111160137,United Kingdom
2038,1.213911032829962,-0.23332170574838373,United Kingdom
2039,2.0040169345534475,-0.033674817474221366,United Kingdom
2040,-1.3138906581542933,0.21795881168245235,United Kingdom
2041,0.7967679686403264,-1.047522767281393,United Kingdom
2042,0.10061118008451946,0.018276329531396514,United Kingdom
2043,1.2131284511781935,-1.0836220909269332,United Kingdom
2044,-2.9502102931132366,0.13015944211798283,United Kingdom
2045,1.4865532228954315,-1.0231109110542203,United Kingdom
2046,-2.025793079557951,-1.4018282744107116,United Kingdom
2047,1.705946879021881,-0.0739087306754442,United Kingdom
2048,-0.40978258393596173,0.22768241046806986,United Kingdom
2049,-1.8377734563565762,0.3047839563410261,United Kingdom
2050,3.496944102071951,-0.3843009198748491,United Kingdom
2051,1.2683051519615693,-0.4122556001328038,United Kingdom
2052,1.0040800592325148,0.20100861927108044,United Kingdom
2053,-0.6104541949976067,1.0868982503746383,United Kingdom
2054,-0.8199478206761468,-0.47243360397699286,United Kingdom
2055,-1.1336690938776368,1.7434518374590615,United Kingdom
2056,3.4180198571466436,0.04593180621255066,United Kingdom
2057,3.225977039615164,-0.17076150364736875,United Kingdom
2058,-0.9963016977490213,0.629195586611323,United Kingdom
2059,-1.0673773320290147,0.09736156051975434,United Kingdom
2060,1.2110075597495147,-0.801100391681181,United Kingdom
2061,2.4024302762487215,-0.5472987670433359,United Kingdom
2062,-1.201797126885454,-0.16892908988918948,United Kingdom
2063,5.508183867434581,-0.40108931701179823,United Kingdom
2064,-2.8854441013666388,-0.47436806997048936,United Kingdom
2065,-0.8282835359487793,-1.0048494541409136,United Kingdom
2066,0.24810201313393326,0.008821835411599895,United Kingdom
2067,-1.2699167263669142,1.679930558546361,United Kingdom
2068,-2.208429940693961,-0.13773042386638393,United Kingdom
2069,-2.7600727392287165,-0.7187462968021201,United Kingdom
2070,-0.7798225791445991,2.2268625303197718,United Kingdom
2071,1.9259540699896116,-0.825716003863256,United Kingdom
2072,-2.468386650569856,-0.8339333862231141,United Kingdom
2073,-1.0175297850151725,-1.4818080352208565,United Kingdom
2074,-4.296093653767935,-1.9600866788080835,United Kingdom
2075,2.0071154777551734,-0.12375152489950168,United Kingdom
2076,-3.5956462004885523,-0.2594536892099342,United Kingdom
2077,-0.37284533131868447,-0.8248187416166366,United Kingdom
2078,-0.7298138180631664,0.40263623850827523,United Kingdom
2079,-0.42152870191645503,-0.3570708949729807,United Kingdom
2080,-0.7449099991927534,-0.12853920143830416,United Kingdom
2081,-0.702694353817689,-0.36443465798593017,United Kingdom
2082,3.041603140736835,-0.7668990676481994,United Kingdom
2083,4.7406063993296295,-0.24182200660889766,United Kingdom
2084,0.35598745116645614,0.17817904257054654,United Kingdom
2085,-1.0191159918104642,1.6233469463332548,United Kingdom
2086,4.186671568982049,-0.616313912379882,United Kingdom
2087,1.3218431820068153,1.7181471897702645,United Kingdom
2088,0.6061494063211014,-0.12158599757712174,United Kingdom
2089,-2.0471235097090785,-1.212517012716346,United Kingdom
2090,-0.3245186367183087,0.8408497413345882,United Kingdom
2091,0.7310970197496425,-0.7047284654323193,United Kingdom
2092,1.7903018863517233,-1.1380439058188028,United Kingdom
2093,-1.726152099295771,0.41493493176872814,United Kingdom
2094,-0.28772515745955474,0.5287859768865044,United Kingdom
2095,-1.202248241332827,-1.2042105224583566,United Kingdom
2096,0.6329638928206055,-0.5742198019363411,United Kingdom
2097,-1.471925359387376,1.5629188330998294,United Kingdom
2098,-0.04273413073427152,1.2473514776188481,United Kingdom
2099,-3.445198470638503,-0.08664623468088609,United Kingdom
2100,-1.3496408456977025,-0.7060686748554024,United Kingdom
2101,2.186173340808724,-1.3629063158780719,United Kingdom
2102,-0.3107878908076861,0.6070639284656684,United Kingdom
2103,-3.6203734501622957,0.04413618359102664,United Kingdom
2104,3.0872662534763773,0.08951831559367984,United Kingdom
2105,-2.363724047190869,2.175435520550007,United Kingdom
2106,1.5678015688183213,-0.25141149492412057,United Kingdom
2107,-2.547471702099481,3.0250367352260046,United Kingdom
2108,-1.1527260086997715,0.33190145027682366,United Kingdom
2109,-0.9451343663110299,1.1201718506245386,United Kingdom
2110,-1.8469143642921335,0.18694914892844353,United Kingdom
2111,-1.1926128889944203,0.9187243241406795,United Kingdom
2112,-2.802431637148807,0.371975649123175,United Kingdom
2113,0.710148171188426,0.32450824444832405,United Kingdom
2114,2.1344791391747346,0.9982907847362195,United Kingdom
2115,-0.9767150714832811,-0.40998838597356324,United Kingdom
2116,-0.19756648459337975,-0.8339966886911347,United Kingdom
2117,-1.9590327939876193,-0.48444229254803434,United Kingdom
2118,1.5427526685550776,-0.141701988517839,United Kingdom
2119,-1.451960830488781,-0.07561924431612822,United Kingdom
2120,1.873373334174042,-0.8176144821907317,United Kingdom
2121,0.6392963156048391,0.6664570691613576,United Kingdom
2122,0.6529335825816326,-0.622219458254296,United Kingdom
2123,1.3144967099633171,-0.09923636689280745,United Kingdom
2124,1.5525971046156544,-0.7965592414968254,United Kingdom
2125,-1.1769849134249013,-0.011397548630771226,United Kingdom
2126,-0.24042533430891974,-0.11849204656962953,United Kingdom
2127,1.443562723688742,0.6020127860413077,United Kingdom
2128,-0.8930323718671108,0.32796453522980284,United Kingdom
2129,-1.661741264269785,0.11986577359532682,United Kingdom
2130,3.390846404553289,0.1280023842993497,United Kingdom
2131,3.881174444789185,0.827876056059713,United Kingdom
2132,0.24654287199513025,-0.29954311117625465,United Kingdom
2133,0.898237371564839,-1.3646073382600217,United Kingdom
2134,-1.256426028163571,-0.13331334067355227,United Kingdom
2135,0.26247855295755795,0.9374808872455608,United Kingdom
2136,-3.0859172846086653,-1.0829918881392686,United Kingdom
2137,-2.6778650810628704,4.131553605701448,United Kingdom
2138,-0.9274018318108609,1.271307323944148,United Kingdom
2139,1.0525660102963168,0.2168347418191281,United Kingdom
2140,-1.342161353307748,-0.7976486237543191,United Kingdom
2141,-2.5950387841427234,0.29724784548229727,United Kingdom
2142,-2.3028915360621895,-0.2518342171633026,United Kingdom
2143,-0.8234227208681647,0.0637835489222951,United Kingdom
2144,0.642574799503487,1.634934201674808,United Kingdom
2145,-3.651600136404617,0.9969445623605292,United Kingdom
2146,0.7100002155980618,-0.5153627493285949,United Kingdom
2147,-2.5807858075591903,5.261061229551177,United Kingdom
2148,1.4353657548129546,0.9467178903225834,United Kingdom
2149,2.551740559051129,-1.2216677805895426,United Kingdom
2150,-0.00987297771369339,0.63100813544855,United Kingdom
2151,0.7485453749223863,-0.841783699311448,United Kingdom
2152,0.036280968378154144,0.6898049706521803,United Kingdom
2153,-1.9126030472360995,-0.8401830283782956,United Kingdom
2154,-1.3797771127423153,-0.6367557263776735,United Kingdom
2155,-1.7045078579911803,0.886246913047459,United Kingdom
2156,-2.268578458542626,-1.752774161485167,United Kingdom
2157,1.7417756475858892,0.18098973953284345,United Kingdom
2158,-2.4223453088265323,0.562998796469547,United Kingdom
2159,-0.3947629878454182,-0.46930432642550224,United Kingdom
2160,1.4539042743246802,0.45494084615584307,United Kingdom
2161,0.760716126379957,-1.0349194923763456,United Kingdom
2162,3.74953480449557,-0.21541590000971866,United Kingdom
2163,2.480405688785459,0.5111412949349895,United Kingdom
2164,-2.3102491259616116,0.5832094946512053,United Kingdom
2165,2.278675570417558,0.7418644539005663,United Kingdom
2166,0.05812113608756238,-0.7171994304564884,United Kingdom
2167,3.4272726948350645,-0.8410671064620815,United Kingdom
2168,1.1055713218675638,6.017822956952632,United Kingdom
2169,-0.5593403623030143,0.5079545534357609,United Kingdom
2170,2.8710053791287122,0.1813391775156017,United Kingdom
2171,-0.849366046124761,1.387079175569822,United Kingdom
2172,-1.1197890274769633,0.38302189146747456,United Kingdom
2173,0.708051106098942,0.15751457613014608,United Kingdom
2174,-2.4619588876128797,1.093907637182746,United Kingdom
2175,-1.6228704037313786,0.9389794584084878,United Kingdom
2176,7.344771374926301,-0.713481704245225,United Kingdom
2177,0.24444789035976058,-0.3682760367515053,United Kingdom
2178,-4.2511139344169235,-1.4574513570414238,United Kingdom
2179,-1.1306738770254816,-0.148838703415326,United Kingdom
2180,0.07235904190087893,-1.1901151282753502,United Kingdom
2181,-3.095850929874396,-0.4569722509143534,United Kingdom
2182,0.13587237421561224,-2.0563752776397988,United Kingdom
2183,-1.9972031715925822,0.3085866994028799,United Kingdom
2184,-0.8492390976585785,-0.0660891434629161,United Kingdom
2185,1.6000083037200017,1.2162079004092603,United Kingdom
2186,-0.121006277035919,0.9258586302004177,United Kingdom
2187,-1.3705305421383425,-1.4042514340409888,United Kingdom
2188,-1.138518419817585,-0.24929506341269989,United Kingdom
2189,-1.92590973729743,0.34636546917403727,United Kingdom
2190,0.47777399742802446,0.3726460565666477,United Kingdom
2191,0.1584167781178788,-1.3981797628167847,United Kingdom
2192,0.27554526184363537,0.7826010012986547,Other
2193,-0.3901787562220832,1.5235046537490753,United Kingdom
2194,-0.7252908739545454,-1.29422322704681,United Kingdom
2195,-1.7352031516781614,-0.45969662976914094,United Kingdom
2196,0.008663812104159094,-0.24734074867864247,United Kingdom
2197,0.6882351820383489,1.8610342235762345,United Kingdom
2198,-0.9280480174411945,0.293019257887384,United Kingdom
2199,-1.5042200816759665,1.4389972368633905,United Kingdom
2200,-0.2122977022267276,0.16042543247091354,United Kingdom
2201,-1.3500442748857302,1.6284250690615665,United Kingdom
2202,-1.888072640968779,0.24792800992844904,United Kingdom
2203,-2.5074301123151597,0.010632851245187418,United Kingdom
2204,-2.282256029407262,-0.7205336036549449,United Kingdom
2205,-0.5139119449301656,0.07815283358903048,United Kingdom
2206,-3.292948384829628,-0.2585620412552774,United Kingdom
2207,1.894141613222126,-0.5520622306826531,United Kingdom
2208,-0.26176913538669677,0.7896327219729204,United Kingdom
2209,-2.003079316225792,0.3480030097482556,United Kingdom
2210,2.4315617638568274,-0.7939488443720477,United Kingdom
2211,4.440538895696333,-1.0349326819739757,United Kingdom
2212,-0.904899440218168,0.08407643843633769,United Kingdom
2213,-1.439142626912047,0.05545066732783033,United Kingdom
2214,-1.7475606103367276,0.6892092424530428,United Kingdom
2215,0.026034268949845785,0.11285842110443753,United Kingdom
2216,1.6582753928353224,-0.05714274767876197,United Kingdom
2217,-0.10622058880013376,-0.08165745811549545,United Kingdom
2218,1.3734956634784585,0.37844782042255853,United Kingdom
2219,-1.130128850785259,0.5497923886888949,United Kingdom
2220,1.4623609506611988,0.3539630726270416,United Kingdom
2221,1.2819292647948004,0.6342074756968931,United Kingdom
2222,1.7375490603447954,-0.09083408132542374,United Kingdom
2223,-2.6236273785736786,0.26093695494449626,United Kingdom
2224,0.9517848856138426,0.15745213466634742,United Kingdom
2225,2.1730458420213776,0.5086218761120012,United Kingdom
2226,0.7731553680998047,0.7463582104634255,United Kingdom
2227,-1.4325927718068416,1.5178126699035082,United Kingdom
2228,3.389361589211157,0.38626437387037577,United Kingdom
2229,-0.2602712154659423,-0.13467633736832982,United Kingdom
2230,-1.278440074606703,-0.23382144710543046,United Kingdom
2231,-0.7371248624619654,-0.2436617852053982,United Kingdom
2232,-2.63013798458972,-0.5261253705407871,Other
2233,-1.5568706337014464,0.05176022678342929,United Kingdom
2234,1.7706993612383397,-0.743577645771152,United Kingdom
2235,-1.4123816406132994,-1.6714148537546736,United Kingdom
2236,1.6358945446848983,0.24714411690234706,United Kingdom
2237,-3.6928780860763015,0.8429322020751707,United Kingdom
2238,-1.6911379467541254,0.5297073003477808,United Kingdom
2239,-3.730290009572835,0.3041957913573537,United Kingdom
2240,1.122358794603268,0.3094499514486871,United Kingdom
2241,1.0848403442901735,-1.3983216756561887,United Kingdom
2242,-0.5641696206270878,-0.7736615791159887,United Kingdom
2243,-0.25343772616041527,0.5592812011675243,United Kingdom
2244,-1.6830047079001946,0.8544909819770791,United Kingdom
2245,-0.26378311917815617,-0.10764692441694894,United Kingdom
2246,0.9371693513069107,0.08264422265290244,United Kingdom
2247,-1.718372524786519,0.9084269448237688,United Kingdom
2248,1.6268794831478866,0.7782360526557599,United Kingdom
2249,0.9956506750075804,0.34773165913990434,United Kingdom
2250,-2.2669173507366485,0.24879040373712605,United Kingdom
2251,0.4087909169403488,-0.3764861189644232,United Kingdom
2252,-0.3539127274139125,0.41574510987269175,United Kingdom
2253,2.3836172215179845,1.142150202633238,United Kingdom
2254,-0.5711345638527677,0.11025103953361705,United Kingdom
2255,-1.805714237544438,-1.6246402732914185,United Kingdom
2256,0.28072595176681814,-0.257643152647009,United Kingdom
2257,-3.4881965473336134,-0.8775941160261991,United Kingdom
2258,-3.5929216904037244,-1.1565527298223945,United Kingdom
2259,-1.0243147801277015,-0.5101649755144869,United Kingdom
2260,1.5980532699428316,-0.488134587909253,United Kingdom
2261,1.6501764835408317,-0.16890427347784215,United Kingdom
2262,-2.389888773584709,-1.6791624471239308,United Kingdom
2263,-0.09778064448756188,-0.9474515733471975,United Kingdom
2264,-2.0456147911501574,-0.5554380544293929,United Kingdom
2265,-0.408583393458258,-0.6431964259510279,United Kingdom
2266,0.8852391031635478,-0.6219584428181235,United Kingdom
2267,-1.8750692224448415,-0.4363800731290635,United Kingdom
2268,1.492096266868975,-0.6386358552642553,United Kingdom
2269,-1.905193047841504,0.05435174605578969,United Kingdom
2270,-2.2615206507107906,-0.014373443980965,United Kingdom
2271,-0.6741682887752883,-0.9694823463281736,United Kingdom
2272,-1.921406930190739,1.9096385018424513,United Kingdom
2273,3.0569213314988266,-0.4715231791203774,United Kingdom
2274,1.6953852016767497,0.18540264539377527,United Kingdom
2275,-3.268920018373974,0.5966343224174518,United Kingdom
2276,-2.689266093760108,0.11244220205793609,United Kingdom
2277,-1.0364268656212203,1.1913097364674854,United Kingdom
2278,0.731702909415298,-0.5972127595077688,United Kingdom
2279,-0.3597966958884864,-0.1435615777626795,United Kingdom
2280,-0.1719927970709816,-0.7051712073540002,United Kingdom
2281,2.040389747124056,-1.3624722641249598,United Kingdom
2282,-2.2639515552546827,0.05449719872019722,United Kingdom
2283,-0.4898903910303174,-0.8608597469542749,United Kingdom
2284,-1.4652517961130456,-0.30441049696461475,United Kingdom
2285,-1.8390038662704915,-1.51862456032173,United Kingdom
2286,-1.7346460681628564,0.17231818605709145,United Kingdom
2287,-1.7830680800149963,-1.591920429574997,United Kingdom
2288,-2.240344529197167,-1.2758191044254383,United Kingdom
2289,0.27608914977972854,1.956347020786639,United Kingdom
2290,2.5883349068298322,1.1048833156480966,United Kingdom
2291,-0.7141694733708384,-0.28419149605416416,United Kingdom
2292,0.07030541408788693,-1.1679587901092314,United Kingdom
2293,-0.9205783331829754,0.42026862054749414,United Kingdom
2294,-0.8438760065584725,0.9456603984605338,United Kingdom
2295,0.428925021770894,-0.7998396612411843,United Kingdom
2296,-0.5993252617764099,0.06136556611713688,United Kingdom
2297,0.5028165542980236,-0.42737523924270443,United Kingdom
2298,-0.5840395314921628,-0.04690516354654023,United Kingdom
2299,0.6457583579792292,0.9755971946080954,United Kingdom
2300,-0.08366206500926261,1.665987340428476,Other
2301,3.4761952250213914,0.9748098919138897,United Kingdom
2302,-0.9843197695861247,-1.8180939884481184,United Kingdom
2303,3.2357927144490763,-0.3198383637110307,United Kingdom
2304,1.6676440279359162,0.8732296500813328,United Kingdom
2305,-3.416655506537093,0.7222980628031301,United Kingdom
2306,0.7330279263572865,0.03731957753633914,United Kingdom
2307,1.8767370857160448,0.9146882046995315,United Kingdom
2308,0.05060512686192053,-0.19936483094252394,United Kingdom
2309,1.5375479364881892,0.5966824862352028,United Kingdom
2310,1.4330068065258685,0.14213963131187504,United Kingdom
2311,0.40996388931151884,0.7542682237935565,United Kingdom
2312,4.919208151181526,-0.37285132451110714,United Kingdom
2313,1.0160034154513542,0.06692874937015382,United Kingdom
2314,3.6037773335505316,3.24780241777257,United Kingdom
2315,-2.071391658471739,-0.5438695843553563,United Kingdom
2316,-3.3802948427854735,-1.5879857208736072,United Kingdom
2317,2.236355287741399,0.4439418967297017,United Kingdom
2318,1.120528065914859,-0.76086178336406,United Kingdom
2319,-0.9062326785432826,1.181695016568014,United Kingdom
2320,0.25407866013089125,-0.03325323025268606,United Kingdom
2321,-4.566383386847158,6.403938967953169,United Kingdom
2322,0.7449578748296691,-0.4370721236253747,United Kingdom
2323,-2.856805819324551,-1.410894415533785,United Kingdom
2324,4.144788868560439,0.9701368715080317,United Kingdom
2325,2.7619236794881474,-0.5144452720071168,United Kingdom
2326,-3.1778387182185623,-2.2558546656021883,United Kingdom
2327,-1.3185913403296754,-0.23991329722275462,United Kingdom
2328,1.669968360790598,-0.44160618835308213,United Kingdom
2329,-0.20793447756535507,-1.1456660721289629,United Kingdom
2330,2.1625283173673076,0.2305511291026099,United Kingdom
2331,-0.1051059991163583,-1.6218357116095974,United Kingdom
2332,-1.4226003857124374,0.8018229403148646,United Kingdom
2333,-3.321560965481778,6.033586968405426,United Kingdom
2334,1.2153474230675865,-0.9530229366644649,United Kingdom
2335,-2.9768590969762987,-0.25262343285785005,United Kingdom
2336,1.9835144941052438,-0.16695394169493136,United Kingdom
2337,-1.8113311905385008,0.08695401909779217,United Kingdom
2338,3.3136968768763158,-0.859261679270675,United Kingdom
2339,1.3751426260322543,-0.09556404537447043,United Kingdom
2340,2.1266985710966098,0.5549497827802093,United Kingdom
2341,1.4369697122455094,0.33079607613112877,United Kingdom
2342,0.3665503671829417,0.07159019633309967,United Kingdom
2343,-0.8121957246419695,0.24323276408162472,United Kingdom
2344,-2.8522719323066155,-0.12763781390157025,United Kingdom
2345,0.3219565125658925,-0.8152452184937354,United Kingdom
2346,-1.1306716675538562,-1.1971625604815488,United Kingdom
2347,-2.6679201380286526,-1.2240255371959654,United Kingdom
2348,-2.4112214899020543,-0.5849161595385365,United Kingdom
2349,2.9225986215260282,-0.9850854078043151,United Kingdom
2350,-0.8162562080819591,-0.7185620743404642,United Kingdom
2351,3.8088865793105438,-0.7094236758514563,United Kingdom
2352,1.0960426606627856,0.7518074113484661,United Kingdom
2353,0.2999845234719092,-1.262613380963,United Kingdom
2354,-0.6626042232125549,0.6676543448588772,United Kingdom
2355,-2.8717566033312156,-1.1551949143721776,United Kingdom
2356,-0.26591185047541527,0.12116530725499063,United Kingdom
2357,-2.333421227669164,0.9076414052943964,United Kingdom
2358,3.7338540377508824,-1.2134142268862869,United Kingdom
2359,-0.7834449494689979,-0.7807328333574428,United Kingdom
2360,-0.7326015588522816,0.5916726598165766,United Kingdom
2361,0.09314772754423113,-0.15320826244652846,United Kingdom
2362,-3.67504863271075,0.26493755422798615,United Kingdom
2363,1.5129922852819486,-0.6435706208319394,United Kingdom
2364,-2.4041048583528752,-0.33500994905946874,United Kingdom
2365,-1.6373243219642024,-0.40068359970433504,United Kingdom
2366,0.5574617502359259,-0.9112958490169926,United Kingdom
2367,0.44807610581567897,-0.21741040085592075,United Kingdom
2368,3.142521915504375,-0.21749881654491368,United Kingdom
2369,0.17024373727681735,-0.9624445152892159,United Kingdom
2370,2.4484075961901337,-0.21061289779579612,United Kingdom
2371,0.20007292366124663,-0.16178470374893536,United Kingdom
2372,0.08585377334030628,-0.39585507089778743,United Kingdom
2373,0.3088526192227111,1.1872169259267213,United Kingdom
2374,-1.612462386371066,-0.6998787916674232,United Kingdom
2375,-2.699689503324545,-0.5807454215536586,United Kingdom
2376,-1.0807958898583256,0.06097210665053262,United Kingdom
2377,1.2943820493251676,3.0516079345862566,United Kingdom
2378,0.1644602149641544,-0.6307272212592419,United Kingdom
2379,0.3752492449709596,-0.5814311127663434,United Kingdom
2380,-0.7722795466553025,0.39846936022216217,United Kingdom
2381,-0.7244880876848317,-0.047675519344633176,United Kingdom
2382,-1.0361588625153748,0.21029810749753652,United Kingdom
2383,-0.6097378746963755,-0.45790174677105805,United Kingdom
2384,-2.4410381673503623,0.07404192134771781,United Kingdom
2385,1.5761942787296725,-0.09304925539755068,United Kingdom
2386,0.562765113547955,0.5727818181780945,United Kingdom
2387,-0.8013114021724622,-0.6490013724865022,United Kingdom
2388,-1.5276443182036312,-0.25102568499464645,United Kingdom
2389,0.49886740000450924,-0.45896246840650795,United Kingdom
2390,3.8008197606072924,-0.25132774112706924,United Kingdom
2391,1.2574092170678608,-1.3205411540831489,United Kingdom
2392,-3.518051924713698,-2.84991039457241,United Kingdom
2393,-1.4948412304942418,-0.9188233319808825,United Kingdom
2394,0.640852918367368,0.292698124765328,United Kingdom
2395,1.4846197105902288,0.3923650154098445,United Kingdom
2396,-2.4899995659387333,-1.33190716182289,United Kingdom
2397,0.8026488059241232,-0.11021176387675144,United Kingdom
2398,-1.6896834257580355,0.9503612187163212,United Kingdom
2399,-2.6770643821679005,-1.2013531660232237,United Kingdom
2400,0.9488821951476862,-0.2498666138899147,United Kingdom
2401,-2.531716795273141,0.14778616588069965,United Kingdom
2402,4.2040288562315515,-0.39899087203597317,United Kingdom
2403,0.21555418640969828,-0.6312633698549449,United Kingdom
2404,-1.5029564471193202,0.46037674102195786,United Kingdom
2405,1.1323442090077518,0.7675267660493631,United Kingdom
2406,0.6937687961475633,-0.8276447847032009,United Kingdom
2407,2.4125642315214817,0.5353271775975914,United Kingdom
2408,-1.616526909279181,0.8347573118462814,United Kingdom
2409,-0.5632819545193033,-0.07630546035604836,United Kingdom
2410,0.9168946100747207,-0.28051615022146664,United Kingdom
2411,0.19764628416526878,-0.45671240885407355,United Kingdom
2412,2.53589295457357,-0.8637308321070288,United Kingdom
2413,0.7788278668482811,0.5119005996691071,United Kingdom
2414,2.487326197771625,-0.20647906274758024,United Kingdom
2415,-1.4457231194137137,-0.040270786796123746,United Kingdom
2416,-0.5138424031207518,0.4913631627025359,United Kingdom
2417,-1.6595815168311097,-0.10998786903210017,United Kingdom
2418,-0.9055017979415952,1.090711877590849,United Kingdom
2419,4.616733950690117,0.039967263807821375,United Kingdom
2420,1.4584568079296185,0.009574322356117108,United Kingdom
2421,-0.7260823917739677,1.067136914330947,United Kingdom
2422,0.5010084705026412,-0.7016759156122612,United Kingdom
2423,0.03827049595553124,0.39422908091536407,United Kingdom
2424,-0.704160371923951,-0.2966273257290328,United Kingdom
2425,-0.8642529457739989,1.0904453852814002,United Kingdom
2426,-1.7430203776518072,1.4887646478032557,United Kingdom
2427,-0.06670591171577628,-0.679355438550039,United Kingdom
2428,-1.1994365981505137,0.6641672061831533,United Kingdom
2429,-0.26811301861897147,-0.5612000847922892,United Kingdom
2430,0.28088209175378254,0.11178128712299501,United Kingdom
2431,-0.6768181711105314,1.0301408876597895,United Kingdom
2432,0.013202430278942514,0.10691495831716584,United Kingdom
2433,-4.288560822518515,-2.8389056422882915,United Kingdom
2434,-0.265173801886593,1.0453419124542416,United Kingdom
2435,-1.5876683833260559,0.9304558597430329,United Kingdom
2436,1.3647171351476932,-0.9456543502450602,United Kingdom
2437,-1.9504978968605182,-1.127022360429323,United Kingdom
2438,-2.4163510749775656,-0.5477904117226643,United Kingdom
2439,-1.1373225393162,0.7625504062348739,United Kingdom
2440,1.4320728361025552,1.086460008502638,United Kingdom
2441,-1.1191394226411862,-0.676485258945535,United Kingdom
2442,-3.688519132284698,-1.643890139296625,United Kingdom
2443,-0.133660388121851,-0.38891757598824067,United Kingdom
2444,-2.4602025033568724,0.17170525590257607,United Kingdom
2445,1.943143437315256,-0.304301383069274,United Kingdom
2446,1.7985257336491616,0.8424396703952662,United Kingdom
2447,1.519923936604919,1.3665734320802265,United Kingdom
2448,-0.8986841200582141,-0.7310206417078217,United Kingdom
2449,2.609369416999725,0.9250822065294718,United Kingdom
2450,-0.21101082122336065,0.9587927676649418,United Kingdom
2451,-1.2027101421724922,-0.1684507219460754,United Kingdom
2452,1.0257884919727565,-1.6604028572618281,United Kingdom
2453,1.3383188651159705,-0.32176486925969217,United Kingdom
2454,0.9433456500076797,-0.6621357323561701,United Kingdom
2455,-2.0472159026553247,-0.4110180713935009,United Kingdom
2456,2.3726508377969004,0.05493810735470432,United Kingdom
2457,-2.1546582708752515,-0.14151960058112742,United Kingdom
2458,-0.47292613444919757,-2.7265674649110396,United Kingdom
2459,-3.1645175627708775,-0.5591740571646896,United Kingdom
2460,-1.6387073485438939,-0.9339423858266536,United Kingdom
2461,3.1347105374322997,0.12934390737156104,United Kingdom
2462,-1.2799452775799833,0.14721607131826178,United Kingdom
2463,1.9719972662490337,0.3934148221172512,United Kingdom
2464,-1.2213193731808984,0.8633869454057067,United Kingdom
2465,-0.09985250885374856,0.4144309118971277,United Kingdom
2466,2.132272695284382,-0.6008806237818735,United Kingdom
2467,-2.654878185391691,0.2919372259370503,United Kingdom
2468,1.2553337146446122,0.9017077059033195,United Kingdom
2469,-2.953791076242535,0.8401315723922845,United Kingdom
2470,0.19824939517135792,0.702329249735381,United Kingdom
2471,0.8868036585312602,-0.6655021796239905,United Kingdom
2472,2.1055298998605365,0.6988809228660806,United Kingdom
2473,-2.753232700060447,-0.35391319170721297,United Kingdom
2474,0.7790876965617337,-0.40948191767610265,United Kingdom
2475,-1.5065986206703,0.7012345282590455,United Kingdom
2476,-0.6404416537183603,-0.7622680443491507,United Kingdom
2477,0.6841100878122143,-0.14644060849909832,United Kingdom
2478,-2.755435526574863,-0.2672730978125786,United Kingdom
2479,3.2143883307846965,-0.41814837633137314,United Kingdom
2480,0.35459192594781125,0.14389416033884878,United Kingdom
2481,0.35657944705178835,-0.35140872072176427,United Kingdom
2482,1.3686034089735837,0.3027678225560238,United Kingdom
2483,-1.9883244794547037,0.04469666063342176,United Kingdom
2484,-2.3375026056414523,-0.19465137920384848,United Kingdom
2485,-0.4153366610237193,-0.10050879198988966,United Kingdom
2486,3.1774352398740264,0.5037354595481828,United Kingdom
2487,-3.6479289487724516,-0.22707207583684494,United Kingdom
2488,0.6576172257799368,0.2533737651271912,United Kingdom
2489,-1.6208047303811992,-0.6585309644305183,United Kingdom
2490,-2.7298094833003175,0.5458572155389401,United Kingdom
2491,0.015620800854011782,1.6333967645629066,United Kingdom
2492,1.0144836748891515,-0.5611147846415363,United Kingdom
2493,2.700563976403827,-0.6954143641154336,United Kingdom
2494,-0.887356346644871,0.34896676844497015,United Kingdom
2495,-2.0208437340525762,-0.6665442664232567,United Kingdom
2496,0.20392387023506367,-0.02949280554440065,United Kingdom
2497,-3.5705205978355217,-3.42046490282894,United Kingdom
2498,0.6617206705367225,0.17612477631149032,United Kingdom
2499,-1.574726717126282,-0.8416948820584927,United Kingdom
2500,0.7118052957577049,-0.4667960348766223,United Kingdom
2501,-2.176085509047983,-0.2587748807784774,United Kingdom
2502,3.5630693089167944,3.9515325371671994,United Kingdom
2503,2.7980051194552202,-0.9936102203210019,United Kingdom
2504,2.393522910840334,-0.5997263753799813,United Kingdom
2505,-3.456177439574784,-2.0150497691920077,United Kingdom
2506,-0.7843121291364215,-0.599201382982642,United Kingdom
2507,2.1994600538956335,-0.14393285092589433,United Kingdom
2508,0.06045416506072633,-0.9309276995793095,United Kingdom
2509,0.01986251191192588,0.14909605136812693,United Kingdom
2510,-2.113959441573103,0.18332457889534512,United Kingdom
2511,-2.597316656928147,0.21506878429133994,United Kingdom
2512,-0.4675063188606332,0.48106680996718243,United Kingdom
2513,0.313409859854174,1.526366593140865,United Kingdom
2514,2.169595787022248,0.5118677074438007,United Kingdom
2515,-1.4406749381762574,0.32679381875426955,United Kingdom
2516,-0.8046119478908356,1.3182923670098168,United Kingdom
2517,5.566525914644469,0.7367638366144996,United Kingdom
2518,-0.09227351373837261,-0.6062676994803088,United Kingdom
2519,-1.5794964558283526,0.7050570156878722,United Kingdom
2520,-3.061637487903295,-0.5697187089448218,United Kingdom
2521,-1.7594455437891003,0.5945089140214379,United Kingdom
2522,-0.383417694759378,0.6949234820294241,United Kingdom
2523,-1.0389304868877423,0.2865562263488235,United Kingdom
2524,-0.9877155090178302,-0.5296200213866921,United Kingdom
2525,1.5058294418159606,1.555179060642339,United Kingdom
2526,-1.0919541486243383,-0.25113920388575495,United Kingdom
2527,1.6658759368762075,0.37249229219416913,United Kingdom
2528,2.9620184507529044,1.2351643373043104,United Kingdom
2529,0.9816968286763322,-0.5535691800404361,United Kingdom
2530,-1.0365984513834665,-0.45884371142222724,United Kingdom
2531,-1.0677622769952495,-0.4207028799766032,United Kingdom
2532,1.0342167615007352,0.9448580356004388,United Kingdom
2533,-0.03150759691455903,-0.016131589081886184,United Kingdom
2534,-0.21841734694624151,0.9406122079091316,United Kingdom
2535,2.330342646595071,-0.3974254562238716,United Kingdom
2536,0.3989370602627424,1.3302000562849694,United Kingdom
2537,0.6932045676230343,-0.2731786649755807,United Kingdom
2538,0.11064508124116465,0.18133234432754156,United Kingdom
2539,0.5946435284663768,0.12842074311434062,United Kingdom
2540,-4.229994521007273,8.843869161661754,United Kingdom
2541,-1.022047235323973,-0.1842002787350379,United Kingdom
2542,3.4520985611506836,-0.6121150037501952,United Kingdom
2543,3.353515809443797,-0.39711229313486196,United Kingdom
2544,0.0843468940538949,-0.5353089236890033,United Kingdom
2545,0.2775130550689997,-0.1394271073877056,United Kingdom
2546,1.7533880471859524,1.612872925353572,United Kingdom
2547,-0.38923014007821444,-0.5342712968107215,United Kingdom
2548,0.8847172538882254,0.09685810940095578,United Kingdom
2549,1.8359387781391505,0.1180022674145185,United Kingdom
2550,0.7742999137509414,1.0751776691733363,United Kingdom
2551,0.24344500719894208,1.3776302627190957,United Kingdom
2552,1.5975753303304117,0.26908422684637584,United Kingdom
2553,1.3257764305963031,-0.0067406642633276986,United Kingdom
2554,1.5669733170050775,-0.11298635375340761,United Kingdom
2555,-2.063735667201365,-0.08995330813292211,United Kingdom
2556,-0.3091657260477048,0.2342925275152926,United Kingdom
2557,0.5843672204540683,-0.07662406758653664,United Kingdom
2558,-6.632264219586884,0.5881315745326007,United Kingdom
2559,-1.085294465224518,2.401045839857346,United Kingdom
2560,1.0928775474701082,0.6499633679421976,United Kingdom
2561,1.2581537184936848,-0.19515500731349644,United Kingdom
2562,0.17622332657346207,-0.8609215581129049,United Kingdom
2563,-0.0847961031024278,0.5000844693375106,United Kingdom
2564,0.5699774297714562,-0.22135244535803397,United Kingdom
2565,-0.047243704465036576,1.0008399230909208,United Kingdom
2566,1.746239263318089,0.9272892806750913,United Kingdom
2567,0.3475052926594564,-0.16438953893851127,United Kingdom
2568,-2.8517200879869997,1.0628978530412905,United Kingdom
2569,-0.9970177702748896,0.7834374735677476,United Kingdom
2570,5.102137712818931,0.577298923986229,United Kingdom
2571,0.7224968938878571,-0.3574446973860959,United Kingdom
2572,-0.7275268470865752,-0.8348121915897011,United Kingdom
2573,0.6792856115996161,-0.6846487031074757,United Kingdom
2574,-3.410762503343114,1.0227006869963438,United Kingdom
2575,-2.086731694638961,-1.2020019708833396,United Kingdom
2576,2.490801727677204,-0.046412678109779906,United Kingdom
2577,-0.6254547791212984,-0.21710925103212722,United Kingdom
2578,-0.43405755578805294,-1.7804807827109517,United Kingdom
2579,-2.4710119000218307,-0.5400375740522871,United Kingdom
2580,-1.895279768622022,-1.5878123976516123,United Kingdom
2581,2.4528066549327114,-0.8513017033674157,United Kingdom
2582,0.02577195614814646,-0.9268399144579548,United Kingdom
2583,5.227603394710549,-0.8143180318233136,United Kingdom
2584,-0.8102989181967567,-1.3367808606958371,United Kingdom
2585,1.6943407186431454,-0.6989306225936764,United Kingdom
2586,0.7279134084194191,-0.7007476384559447,United Kingdom
2587,3.036385198721699,-0.8138997261734948,United Kingdom
2588,1.1221388524359468,-0.9197984346632231,United Kingdom
2589,-3.077689385446579,-1.6021438977412437,United Kingdom
2590,1.0940941418735226,-0.17235985687951066,United Kingdom
2591,0.07862285390981788,0.8426738090093508,United Kingdom
2592,-1.4527244297847226,0.3223726610426287,United Kingdom
2593,3.2764670988227698,-0.6960131483195277,United Kingdom
2594,-2.3038222021347514,-1.0387881963044383,United Kingdom
2595,-0.269679872411741,-0.5524433235357425,United Kingdom
2596,-0.14964186400209323,-1.176883482584832,United Kingdom
2597,2.372640903685249,1.5432827980443717,United Kingdom
2598,0.763655613322226,-1.4654555623376406,United Kingdom
2599,-0.9137515378002995,0.21678013807237922,United Kingdom
2600,-0.9988106928045873,-0.2867110909460136,United Kingdom
2601,-0.8526969265663243,-0.8239368037665618,United Kingdom
2602,-0.013479340343762788,-1.038169176990661,United Kingdom
2603,-1.461883636713672,0.389568459607137,United Kingdom
2604,-1.8810175560168358,-0.26343643566477887,United Kingdom
2605,-2.2440361129746837,-0.46952978088825575,United Kingdom
2606,-0.6335874858090109,-0.0004890874690915568,United Kingdom
2607,-0.389160965754169,0.7178367191243366,United Kingdom
2608,-1.5008281747104966,-0.7046957118821497,United Kingdom
2609,-2.24202175585529,-0.5123158786939612,United Kingdom
2610,-1.6758550020488365,-0.8379533613008842,United Kingdom
2611,1.6186762188324417,-0.7587655550108674,United Kingdom
2612,-4.066695860640295,-0.31535617358542345,United Kingdom
2613,-0.5145443670388455,-0.4663573076285387,United Kingdom
2614,0.0457385437921611,-1.4931381241965398,United Kingdom
2615,2.6947926095399573,0.03833096725942983,United Kingdom
2616,-1.3868182928508894,-0.9001360846794128,United Kingdom
2617,1.352598684271024,-0.37147886859735163,United Kingdom
2618,1.394943452381354,-0.7603986102873828,United Kingdom
2619,-2.347152011687924,-0.45687908622220624,United Kingdom
2620,2.2412234780980413,-2.0973965315453347,United Kingdom
2621,-1.5979892764248622,-0.7038124472731867,United Kingdom
2622,1.5354016084989925,-0.4596405537795017,United Kingdom
2623,-3.012324560306027,0.49851042124186784,United Kingdom
2624,-1.3219456460591792,-0.30491011057902134,United Kingdom
2625,0.5608796102704223,-0.42883775088215453,United Kingdom
2626,-1.761228940076493,-1.7669932328473912,United Kingdom
2627,-1.3829673509785652,0.7942739986818051,United Kingdom
2628,-1.833014679361665,1.331872619935817,United Kingdom
2629,-2.4556083079263513,-0.22597579780709162,United Kingdom
2630,-2.200768700651925,0.11665718791893738,United Kingdom
2631,-1.086922361592292,0.8594066458439427,United Kingdom
2632,2.5968685702761176,-1.4044209015401985,United Kingdom
2633,1.003931282442564,-0.43035983579624076,United Kingdom
2634,-1.9524656736571293,3.4850622894061054,United Kingdom
2635,-2.462118354862986,-0.6716683034324246,United Kingdom
2636,-1.1560909459574378,-1.1184853518311142,United Kingdom
2637,2.52984136821494,-0.2003611470858799,United Kingdom
2638,-5.533933056135685,0.4676964565940801,United Kingdom
2639,-1.3481623198592685,0.3162540313771848,United Kingdom
2640,-2.426861057201989,1.401435820015921,United Kingdom
2641,-3.178144733390772,0.21394538832648782,United Kingdom
2642,0.7326054992204268,2.069340201753361,United Kingdom
2643,0.8411185693243315,-0.2145053225353576,United Kingdom
2644,-0.7969996604721786,-1.1351121762525753,United Kingdom
2645,1.2932639502947378,0.34713048019872145,United Kingdom
2646,0.2053252999352635,0.06678536984148321,United Kingdom
2647,0.34665775219071876,-0.31591226753956325,United Kingdom
2648,1.4667449880248138,-0.7540457003910328,United Kingdom
2649,2.799800325375936,-0.32026903109458854,United Kingdom
2650,-0.5024968699111877,0.15763000794640783,United Kingdom
2651,-3.087849590872785,-0.25826252676551076,United Kingdom
2652,-0.37751473526249,-0.6133831420726152,United Kingdom
2653,0.7310325207302272,-0.9036510204198173,United Kingdom
2654,-0.2773896880635328,-0.5382982369390596,United Kingdom
2655,-0.22713224624603978,0.38893284793341465,United Kingdom
2656,-1.914574077929115,0.46532070586965196,United Kingdom
2657,1.8345961327520381,-0.3393367006347464,United Kingdom
2658,-2.3820724319081954,1.2423162298229924,United Kingdom
2659,2.4258255737969887,0.20636170738466114,United Kingdom
2660,-0.9414894656233718,-0.007317310783790885,United Kingdom
2661,-0.5489214920313533,-0.2490413019396135,United Kingdom
2662,0.9207030566085014,0.2504453791382625,United Kingdom
2663,0.6554270517251213,0.7487037536844718,United Kingdom
2664,1.3316555011182016,0.5925838258025334,United Kingdom
2665,2.1458050773682773,-0.24858560482819694,United Kingdom
2666,1.337206045633596,-0.4600742976949612,United Kingdom
2667,2.9438009895336945,-0.9384199651254066,United Kingdom
2668,0.43051449120193297,0.26371363420399085,United Kingdom
2669,-1.411162114869154,-1.7617692484899854,United Kingdom
2670,1.8085809947543916,-1.1291404014490858,United Kingdom
2671,-1.4086106975811385,-0.5443930324622969,United Kingdom
2672,0.2144368049810148,0.26681374522717366,United Kingdom
2673,-3.694676364310849,-1.0801453746145244,United Kingdom
2674,2.8857943509332444,-0.6639883838921781,United Kingdom
2675,-0.8018553516577156,0.554057244219486,United Kingdom
2676,0.5115270461020509,0.01913167195244433,United Kingdom
2677,2.6367400435902923,0.21606114746315355,United Kingdom
2678,3.228866229184841,1.9020413152203497,United Kingdom
2679,1.7800097563266364,1.0533368668949317,United Kingdom
2680,0.6482128042469949,-1.2613966499972307,United Kingdom
2681,-2.8943956796091155,-1.144769395497532,United Kingdom
2682,1.7998775719174764,-0.4018719019528032,United Kingdom
2683,-0.3177909972203618,-1.0695813475961327,United Kingdom
2684,0.6066375241171277,-0.2269878557360131,United Kingdom
2685,-0.8704967102400053,-0.6156908473441622,United Kingdom
2686,2.7416886409895755,-1.2614492320417579,United Kingdom
2687,1.1436491160881515,0.11308041230620754,United Kingdom
2688,5.240535887183142,0.06996058733837214,United Kingdom
2689,0.24954341840557998,-0.43732748343673256,United Kingdom
2690,1.3493012676841938,-1.817127476904002,United Kingdom
2691,1.9017591791368695,-1.1275989466971077,United Kingdom
2692,-1.5504849620065546,-0.37033532926746915,United Kingdom
2693,-0.8316515942871852,-0.17698759806442768,United Kingdom
2694,2.358642652940268,0.3255728719608569,United Kingdom
2695,0.47545083176336667,-0.5142864311824507,United Kingdom
2696,-0.4399152501096541,1.1889824766456938,United Kingdom
2697,0.25302363296633285,-0.1645612576329512,United Kingdom
2698,-0.2549912853338051,-1.5609159047578636,United Kingdom
2699,-0.3933699227134292,-0.22240230369622466,United Kingdom
2700,-1.0229787235258694,-1.1161316377937884,United Kingdom
2701,-0.15501476498336383,1.824694555448118,United Kingdom
2702,5.559489736536923,4.740464052843436,United Kingdom
2703,-1.2373711990292053,0.2949579938231896,United Kingdom
2704,-0.05585377025725543,-0.023048238830389062,United Kingdom
2705,4.356109541228594,-0.2667740242364553,United Kingdom
2706,-1.1576089951068207,-0.36453513293520684,United Kingdom
2707,0.24822892523563256,-0.04391989118757369,United Kingdom
2708,-0.2723640046060809,0.48705634074072257,United Kingdom
2709,-0.2973578273033674,-0.8275190623400835,United Kingdom
2710,0.6911423317090148,0.7562561798350445,United Kingdom
2711,1.0559839499617802,1.9188149717618377,United Kingdom
2712,1.0278917803365646,-0.41513534275619873,United Kingdom
2713,0.0592628187076964,0.14493466152914766,United Kingdom
2714,0.7901733243083878,0.24979389071581437,United Kingdom
2715,-2.1454754744143996,-0.7572762179211215,United Kingdom
2716,1.3179212315835143,-0.4276134738682658,United Kingdom
2717,-2.167629232738739,-0.41865365147443684,United Kingdom
2718,-0.7014936248949816,0.006108899985732076,United Kingdom
2719,1.4472658543353503,0.6296018377611181,United Kingdom
2720,-0.008061677900932776,1.472367947779445,United Kingdom
2721,-3.3358472353319146,1.395108777355588,United Kingdom
2722,0.0855250002809267,0.9619921342069538,United Kingdom
2723,1.8227489644423849,0.11774179668440919,United Kingdom
2724,1.1129398053938522,-0.11906889659165541,United Kingdom
2725,1.0733210624476115,-0.5219517161804145,United Kingdom
2726,-1.2782712231794344,0.24076466950771166,United Kingdom
2727,-0.9045117179967169,0.14038924770494554,United Kingdom
2728,1.3912093099546265,-0.22766333559492,United Kingdom
2729,0.30980978429798267,-0.2486466107397415,United Kingdom
2730,-1.076065211719573,0.027514071163849727,United Kingdom
2731,-1.2338396991593847,2.536835048061308,United Kingdom
2732,-3.606255610881935,-0.2406631054836304,United Kingdom
2733,2.2745303830890835,-1.1490819739142584,United Kingdom
2734,-4.386335640909378,0.2499032030838725,United Kingdom
2735,0.7294819360570127,0.1753261620576825,United Kingdom
2736,-1.902733721733022,-1.1912259848947497,United Kingdom
2737,2.07368780478444,0.4062592849476312,United Kingdom
2738,0.5647110614544394,0.18819087512571062,United Kingdom
2739,-1.0105151065629692,0.6712241694323328,United Kingdom
2740,1.0344282469895756,-0.8822945624427424,United Kingdom
2741,0.24035626108774094,-0.04684942764551683,United Kingdom
2742,-1.5809837151800226,-0.21131268976379522,United Kingdom
2743,0.06306888710873099,-0.20846832494110232,United Kingdom
2744,-5.107860458563994,-3.2583735549121946,United Kingdom
2745,0.8602575602778657,-0.17696825837996583,United Kingdom
2746,-1.9402112545889938,2.7219091246722504,United Kingdom
2747,-2.4960527143419546,0.8987148456386607,United Kingdom
2748,0.7954580661000396,0.6477680544420258,United Kingdom
2749,-0.03161097187267895,-0.6581459924226938,United Kingdom
2750,0.8788551246261829,1.1116865336769777,United Kingdom
2751,1.1031187104520714,0.44522566483240233,United Kingdom
2752,0.9908359336693967,-0.05426278910243366,United Kingdom
2753,-1.2656650966328769,0.28553041240487065,United Kingdom
2754,-1.3194175440593916,-0.3913427124391559,United Kingdom
2755,-2.702129712417701,-1.3991461277704997,United Kingdom
2756,1.5000502469400374,0.687776302278321,United Kingdom
2757,0.2851178690320406,0.5483484419658875,United Kingdom
2758,-0.5536177683441956,-0.24277113321789684,United Kingdom
2759,1.4469666267249228,-0.11325080144233352,United Kingdom
2760,-1.3444413438267708,-2.777360709858665,United Kingdom
2761,-1.8425290316497864,-0.302489235124185,United Kingdom
2762,-2.9208626466725454,-0.06078939792037468,United Kingdom
2763,1.9659702638143814,-1.0883507272949984,United Kingdom
2764,-0.7070672402537141,1.5305706114961688,United Kingdom
2765,-1.658080403107566,-0.061266843886956586,United Kingdom
2766,-0.5379317642045129,-1.0149159341113025,United Kingdom
2767,0.621904372656621,-0.4056924930704373,United Kingdom
2768,0.7929521379370492,-0.20028351150623588,United Kingdom
2769,0.15474946757251107,-1.066295021283122,United Kingdom
2770,-1.2824324294208183,0.18907849747057182,United Kingdom
2771,-2.557660220025106,1.9117364494066003,United Kingdom
2772,-1.9686213402827366,0.6876166316998803,United Kingdom
2773,2.547440157351188,1.5644628744415012,United Kingdom
2774,-0.07188611180536605,0.705030917190996,United Kingdom
2775,1.5883106454516627,-0.32704258664220137,United Kingdom
2776,1.9272457232325715,0.6817073453127196,United Kingdom
2777,4.926260981550471,-0.3822344573004427,United Kingdom
2778,0.004781916538403124,-0.5614834390395602,United Kingdom
2779,-1.0909415740861101,1.1599613253216081,United Kingdom
2780,-0.06399679618382371,-0.2511459427283377,United Kingdom
2781,-0.11250812862360961,-0.5476131392686016,United Kingdom
2782,0.10915698064471437,-0.3069429087827721,United Kingdom
2783,-0.5593152274180008,1.426576751912863,United Kingdom
2784,-0.5908412159997829,0.8948056277298769,United Kingdom
2785,2.085030522531768,0.01332551352015565,United Kingdom
2786,-3.8272028287137476,2.066781699659719,United Kingdom
2787,3.0077179606578497,-0.7469993931770985,United Kingdom
2788,-0.34902208013093516,-0.23508274207054902,United Kingdom
2789,-1.1332570808514018,0.865703676812632,United Kingdom
2790,-3.759913466424258,-1.5667136547854548,United Kingdom
2791,-0.5502552932553297,-2.0478533665724186,United Kingdom
2792,1.5220290217460155,0.2184580520746012,United Kingdom
2793,0.3480624083253813,2.9787997179295984,United Kingdom
2794,1.3480983132515818,0.14657847107933786,United Kingdom
2795,2.4086104598688163,-0.3202408622181709,United Kingdom
2796,-0.3046835461686763,-0.2384928114634919,United Kingdom
2797,-1.4547530634926462,0.12904860261969245,United Kingdom
2798,0.3912667162013493,-0.014204806154334684,United Kingdom
2799,3.8510716770318667,-0.8478528717288539,United Kingdom
2800,-5.310528590881121,0.4881832518186454,United Kingdom
2801,-1.2365375043747175,1.5214020051833153,United Kingdom
2802,0.25326886057961634,-0.5157857880506314,United Kingdom
2803,2.5859566227411745,-0.9867857406873894,United Kingdom
2804,1.8144393026393792,-0.5268467401255427,United Kingdom
2805,1.7101893963128045,-0.4480169131934695,United Kingdom
2806,-3.6550781160235792,-0.7673591650659626,United Kingdom
2807,0.618470033141687,-0.5817372227694632,United Kingdom
2808,1.1328108386011955,-0.11013503976489857,United Kingdom
2809,-0.06756886020886273,0.7045781726622382,United Kingdom
2810,0.27376121622843375,0.29660054669408653,United Kingdom
2811,-1.5022188670807013,1.0024850728255754,United Kingdom
2812,-2.2975184892969662,0.13956880820615178,United Kingdom
2813,-1.9356514651800703,0.18989154150175505,United Kingdom
2814,3.2858435333896328,1.1133384203464378,United Kingdom
2815,-1.5032299764635706,-0.013080336008634535,United Kingdom
2816,2.2194731719964222,1.242531343988381,United Kingdom
2817,-1.4416918469215845,0.5073607808807971,United Kingdom
2818,0.30112862162634424,0.11410092963475302,United Kingdom
2819,-0.26835234068848185,-0.17250193109761877,United Kingdom
2820,2.7116369125603064,-0.7478967977990558,United Kingdom
2821,3.4872023262430085,-0.26781004367630495,United Kingdom
2822,0.7156998745664537,-0.5592747949050194,United Kingdom
2823,-1.6404939899920237,-0.6451979437612609,United Kingdom
2824,-2.1575384395281727,1.0337266510062848,United Kingdom
2825,3.2612108876816297,-0.8051477115810903,United Kingdom
2826,-1.4405668761771306,0.23102691055880675,United Kingdom
2827,-1.3081957105614346,0.9081223920942364,United Kingdom
2828,1.4278601325093458,-0.29534022231052165,United Kingdom
2829,2.028634317653436,-0.7410092667026096,United Kingdom
2830,-1.5286142010324517,0.961644040095015,United Kingdom
2831,-0.46558909162365236,-0.540675800389396,United Kingdom
2832,-0.36752624304141324,-0.33875100666602226,United Kingdom
2833,0.4948330182109991,-0.8718858185638376,United Kingdom
2834,-0.26356572268439943,-0.9359954736381177,United Kingdom
2835,-0.9629774117602028,0.629042420392905,United Kingdom
2836,0.022172039585161087,0.15493504893071783,United Kingdom
2837,1.1764008795684187,0.3053351229033082,United Kingdom
2838,4.775378851272692,0.6605995171262917,United Kingdom
2839,-0.8807858637333799,1.0680541946848778,United Kingdom
2840,-0.04948212366328892,0.4692230846075578,United Kingdom
2841,-2.684142189832253,0.07112385034047362,United Kingdom
2842,-0.0517269739953128,1.0518746654460438,United Kingdom
2843,-1.8278069758420599,0.5286691483712228,United Kingdom
2844,-0.49471222194288966,2.9671045817325563,United Kingdom
2845,-2.002795188193671,0.39494167169347066,United Kingdom
2846,2.0941972362516275,-0.4804073935648444,United Kingdom
2847,0.7265417362530594,-0.4703569839777134,United Kingdom
2848,0.07335030169737085,1.4215188932846818,United Kingdom
2849,1.1119061495424623,-0.17324237046206273,United Kingdom
2850,0.8381555463350919,-0.6026949657851421,United Kingdom
2851,-1.9980832196757525,-1.1659138574908088,United Kingdom
2852,-2.1526161230793694,0.7347584617150674,United Kingdom
2853,0.08239356914597827,0.7898507668476057,United Kingdom
2854,-0.6181577318907633,-0.18971270670768617,United Kingdom
2855,0.24593334564586106,-0.36662288170334856,United Kingdom
2856,-0.8440456858273049,-0.008525626438223279,United Kingdom
2857,0.11447308213338814,0.14286100595682713,United Kingdom
2858,-0.9929138011094997,0.47601923881182084,United Kingdom
2859,-0.9338166365941728,-0.4754599827255917,United Kingdom
2860,2.3257942493343773,1.7637328922481712,United Kingdom
2861,2.7851310109420275,-1.2705810765000176,United Kingdom
2862,2.8777186651361437,-0.33271396271532944,United Kingdom
2863,-0.8359417355938886,0.527000208500267,United Kingdom
2864,0.8070543178902542,0.9706999571034767,United Kingdom
2865,1.2680179283258057,0.16922499701450575,United Kingdom
2866,-2.304801124298415,-0.5511245171869545,United Kingdom
2867,-2.3757755963023235,-0.8129980213694824,United Kingdom
2868,1.2103841959582167,0.3561371452196131,United Kingdom
2869,-1.3297022401400236,0.18051755546451498,United Kingdom
2870,2.377228114060425,0.9599681642737564,United Kingdom
2871,2.3364032856984354,-0.3411950233424548,United Kingdom
2872,-0.5605937898495934,1.0291500293234528,United Kingdom
2873,-5.356079018369853,2.035845032129142,United Kingdom
2874,2.6920004006465796,1.0125477710930424,United Kingdom
2875,-0.12408082827780889,1.9580771583557615,United Kingdom
2876,0.4923595989887515,-0.5467628788833311,United Kingdom
2877,3.225912959584718,0.3749899954910755,United Kingdom
2878,0.11607953379745385,-0.30250018042175486,United Kingdom
2879,-0.057430562652787245,0.6732659985864043,United Kingdom
2880,0.22422884721543979,1.752597417269703,United Kingdom
2881,1.845329075027507,-1.3960933666696538,United Kingdom
2882,-0.9289246608304862,-0.06333804475943663,United Kingdom
2883,-1.205858091459155,1.1379278875585113,United Kingdom
2884,-0.667554553788807,1.433718078214492,United Kingdom
2885,-0.7514457668464168,0.8655760759621082,United Kingdom
2886,-1.1045305685308902,2.483772827638252,United Kingdom
2887,1.4812529285568439,-0.16843031682143567,United Kingdom
2888,0.8047083127702471,1.5752377357127945,United Kingdom
2889,-2.449215199214796,0.005735833105377667,United Kingdom
2890,1.9108174282892905,-0.7781398711687552,United Kingdom
2891,0.6188751969936884,-0.2623032340785587,United Kingdom
2892,-2.169173607549894,-0.5521099239015115,United Kingdom
2893,-1.4034559727570457,0.046353086012038615,United Kingdom
2894,1.8106962866011334,-0.09214298959362807,United Kingdom
2895,1.2860169250540878,-0.012319554046124519,United Kingdom
2896,-1.5247476467610264,0.4319040420201292,United Kingdom
2897,-0.468775280000358,-0.04292760444066676,United Kingdom
2898,-1.802247976349293,-0.4634390725690966,United Kingdom
2899,2.795881635060243,1.284403699639234,United Kingdom
2900,-1.0682434872320354,-0.16239396293146977,United Kingdom
2901,-0.3020720590718392,-1.2048288744582842,United Kingdom
2902,1.2031418021886078,-1.0394843513996819,United Kingdom
2903,-0.13751202249203393,0.12123683437362313,United Kingdom
2904,0.05885722331064099,-0.39863018604408945,United Kingdom
2905,-0.818869970463011,-1.1555841968233909,United Kingdom
2906,-2.3498026737531643,1.1354373934665267,United Kingdom
2907,1.9303794346980108,0.8424593464718806,United Kingdom
2908,0.7299311874579391,0.56472465497222,United Kingdom
2909,-1.00265735055936,-0.14622622565374851,United Kingdom
2910,-2.2857577446658293,1.7048208928897823,United Kingdom
2911,0.33887323463776653,0.5758917291953499,Other
2912,-1.5686566192609097,-0.6767579687543687,Other
2913,-0.18151539047031134,-1.5154474273847252,United Kingdom
2914,-3.1307015035222694,0.7339511942351438,United Kingdom
2915,-0.40116756741371845,-0.8255632070104312,United Kingdom
2916,-0.7860063525661678,0.028763212667130188,United Kingdom
2917,2.4199716407280647,-0.20416939916039695,United Kingdom
2918,2.8051625991325317,-0.15998224191260618,United Kingdom
2919,-0.9585367322556284,-1.428354870650744,United Kingdom
2920,1.4822825136422646,-0.5345070578345252,United Kingdom
2921,4.640531679456296,-0.3141192717624517,United Kingdom
2922,-2.157420059696525,-0.5006694709451797,United Kingdom
2923,-2.1766215052113456,0.4244857189831926,United Kingdom
2924,-3.2222885762202416,0.45258014155974424,United Kingdom
2925,0.17957794557957776,-0.10272725182218329,United Kingdom
2926,1.5999593290319836,-0.3172536919932176,United Kingdom
2927,-1.5988831210082965,-0.04966480954807648,United Kingdom
2928,-0.6418160936178576,-0.7239701719486109,United Kingdom
2929,-4.035176545476427,0.5095664347117358,United Kingdom
2930,-0.3277293829771047,1.0534076731157642,United Kingdom
2931,0.5688216303956022,0.29310867950024444,United Kingdom
2932,1.4736246762309797,-0.5548992936392755,United Kingdom
2933,-4.329342293685892,0.06748246143848582,United Kingdom
2934,0.6464074561458449,-0.05827252766118889,United Kingdom
2935,-2.667777985844003,-0.4210202693328338,United Kingdom
2936,-0.26595433967057125,-0.8349210169924854,United Kingdom
2937,3.207721534824062,-0.6768831982587677,United Kingdom
2938,-0.9114057458576036,-0.1729413780739215,United Kingdom
2939,-2.0166816674173162,-1.1558850344950558,United Kingdom
2940,-0.29317827512207323,0.2599249007283177,United Kingdom
2941,2.306042755060658,-0.9253397694399798,United Kingdom
2942,1.4832555150865903,0.5307288269761318,United Kingdom
2943,3.214205072338486,-0.43709924333997896,United Kingdom
2944,0.8313459406136309,-0.6127969629035079,United Kingdom
2945,0.23451691899220958,-0.763931249815995,United Kingdom
2946,-2.888276054210013,-0.6735419936283276,United Kingdom
2947,0.21298975123397204,0.024308484525707313,United Kingdom
2948,0.9905310254829978,-0.01332832958772992,United Kingdom
2949,-0.8124531403303542,-0.13783310725262357,United Kingdom
2950,0.7333290840525265,-0.1559148510799202,United Kingdom
2951,0.3566644744274075,-1.1114882476859995,United Kingdom
2952,1.485289116987541,-0.10105066327876604,United Kingdom
2953,1.0013564672577442,0.1093526448542217,United Kingdom
2954,-0.4789319183200247,-0.6626891843841599,United Kingdom
2955,-0.24846526551312087,-0.3335238161556457,United Kingdom
2956,1.164858065250816,-0.20090118114015681,United Kingdom
2957,-0.5054664823102497,-0.3177083117470552,United Kingdom
2958,-1.2224419633428982,-0.8813159082057388,United Kingdom
2959,2.184999634673544,-0.5908974645174098,United Kingdom
2960,1.095604387951545,1.0492016991496367,United Kingdom
2961,0.1643041187482153,-0.13261412444953002,United Kingdom
2962,-0.554011906425314,0.39636927377125636,United Kingdom
2963,-0.2962025535278559,-0.532003322816482,United Kingdom
2964,-0.4605755365595238,-1.352097905237519,United Kingdom
2965,-3.555261152573057,-0.24802740152381636,United Kingdom
2966,0.849712315808136,0.08407975148946052,United Kingdom
2967,-1.4938773757900166,-0.2837286626798838,United Kingdom
2968,2.873008370337805,-1.5187812990472154,United Kingdom
2969,1.4984067558862773,-0.9292472602179926,United Kingdom
2970,1.5266099327923317,-0.5212614347482741,United Kingdom
2971,0.7835366219689374,2.01200983450315,United Kingdom
2972,-0.19789222918032534,-0.6504879073876562,United Kingdom
2973,-1.2318238640892845,0.25133364130679975,United Kingdom
2974,3.3235708714958636,-1.593265659461225,United Kingdom
2975,-1.3212386178132165,-0.28257872725224104,United Kingdom
2976,-2.3651391784028912,-0.556637397760911,United Kingdom
2977,-1.0237376833879297,1.2347215391393784,United Kingdom
2978,-2.672721776631604,-0.7341639808591405,United Kingdom
2979,-1.1947430732685598,-1.3347654748884492,United Kingdom
2980,1.9581195902024238,-0.7073508609004104,United Kingdom
2981,1.8088699543339737,-0.012344456000496848,United Kingdom
2982,-1.0975754556303832,-1.5209896726756138,United Kingdom
2983,-1.949953643821968,-0.9151842965127105,United Kingdom
2984,-1.240354570136256,-0.22272855326810675,United Kingdom
2985,-2.9402991434610057,-0.1491065441949421,United Kingdom
2986,-1.0999756189997385,-0.8869752222205021,United Kingdom
2987,0.7491606416301696,0.017603025773095988,United Kingdom
2988,0.05014538890536541,0.027772545567758884,United Kingdom
2989,0.04640645286063826,0.18435186331288078,United Kingdom
2990,5.503679627980621,-0.31828617778784934,United Kingdom
2991,-0.8261257509404722,-0.4722073679981832,United Kingdom
2992,-2.8807802063796557,0.19889283120226192,United Kingdom
2993,-1.5909147778496444,0.9763703745215945,United Kingdom
2994,2.5752365386232148,-1.6636800767072053,United Kingdom
2995,-2.077643553651229,-0.9875384611352621,United Kingdom
2996,-3.3660144132273895,3.194709723930977,United Kingdom
2997,-1.854168525359478,0.7091050411971614,United Kingdom
2998,-0.25638741747993626,-0.4700580132984602,United Kingdom
2999,-1.4479666605114505,0.23958647703785285,United Kingdom
3000,-1.6415949587867382,-0.9818738733737152,United Kingdom
3001,1.2802658262299236,-0.3451706728923016,United Kingdom
3002,0.8755234274915905,-1.4294246495391068,United Kingdom
3003,2.8692863075784216,-0.11826478866990603,United Kingdom
3004,-1.1017658462295066,-0.0951172876453635,United Kingdom
3005,1.0948598708002966,-1.4481315257394336,United Kingdom
3006,0.16912368380451534,-0.8205287723147098,United Kingdom
3007,-1.073118551664532,-0.4595062934073092,United Kingdom
3008,6.17901705522633,3.5708198787197802,United Kingdom
3009,-1.2826456556742183,0.15637154534053113,United Kingdom
3010,-2.1853369211140565,0.023658780613798624,United Kingdom
3011,-0.39052879276284136,0.6639083956277384,United Kingdom
3012,-1.511722944375703,-0.3471390268436564,United Kingdom
3013,-1.6641097026873004,0.0003539309963427988,United Kingdom
3014,-6.061049294043645,-3.9055520838041766,United Kingdom
3015,1.2995678775509967,-0.4965788941742068,United Kingdom
3016,1.3933423248228278,0.05747095275754823,United Kingdom
3017,-2.1676083088421754,0.06167047754201375,United Kingdom
3018,2.7864900352281183,-1.699715945414947,United Kingdom
3019,0.9677251355092155,-0.9447737372281839,United Kingdom
3020,-2.3648753726898786,0.2080721083176195,United Kingdom
3021,-3.7427719569481557,0.22833678335756752,United Kingdom
3022,1.3797480004104932,-0.5607809107980899,United Kingdom
3023,1.478598363715394,-0.16965531813738524,United Kingdom
3024,1.3649714821802414,-0.4223522476014482,United Kingdom
3025,-3.8001238212094495,0.36976609406072464,United Kingdom
3026,0.42878681866815616,-0.7909303606343491,United Kingdom
3027,0.5795361401629484,-0.9521864931805755,United Kingdom
3028,-2.0247396847290102,-0.01931488028678719,United Kingdom
3029,-1.4536373505420173,-0.6438453232512366,United Kingdom
3030,2.223534937826657,-1.0487658675598044,United Kingdom
3031,-0.680739585852741,0.24684504231111618,United Kingdom
3032,1.8262633369451835,-0.15623902443245258,United Kingdom
3033,-1.009576349304318,-0.9358866919147162,United Kingdom
3034,-0.8809573423670912,-0.8295752925616474,United Kingdom
3035,0.09854957886401348,1.0741022818573764,United Kingdom
3036,-0.9125357243782487,-1.3348604569323623,United Kingdom
3037,-2.6641203615588607,0.2975304058006772,United Kingdom
3038,-1.181760615850286,0.182043932901354,United Kingdom
3039,-0.8007754414821359,0.3499719659079382,United Kingdom
3040,-0.16947488375528233,-0.044133689793565745,United Kingdom
3041,0.12115596191027081,0.5977774074048928,United Kingdom
3042,0.825756531887569,-0.3378595581443371,United Kingdom
3043,0.028710499005939704,0.5640987832756078,United Kingdom
3044,0.7150473176012806,-0.7860331295906557,United Kingdom
3045,1.6660840288060041,-0.00018478922997866026,United Kingdom
3046,2.0001654188432734,0.6247035824927467,United Kingdom
3047,-2.918340145241476,-1.3808567150945723,United Kingdom
3048,-1.7338361476495607,0.662890017943795,United Kingdom
3049,-1.0987196784284259,0.8312007400557754,United Kingdom
3050,0.667445226717147,0.7762125005630353,United Kingdom
3051,0.272042095572806,-0.7391353266141197,United Kingdom
3052,-0.36525275142308805,0.0183184327505958,United Kingdom
3053,-3.0421062299810657,-1.9866505626804754,United Kingdom
3054,-2.071042322657928,2.0411329182814777,United Kingdom
3055,-2.2583834444190036,1.2444016203490913,United Kingdom
3056,0.8435355374360765,-0.17332734180548137,United Kingdom
3057,0.6183765594395533,-0.9338310082564237,United Kingdom
3058,1.2220257111980581,-0.1216566020481897,United Kingdom
3059,-2.687513483870764,-1.2871851005986443,United Kingdom
3060,-2.3475319755468056,-0.03422019321164165,United Kingdom
3061,-0.4603441257839264,-0.36641133640003604,United Kingdom
3062,-1.997524246038345,0.17506646158606473,United Kingdom
3063,0.5267107192389036,0.30390512714882517,United Kingdom
3064,4.2157576911347245,-0.28176695024159965,United Kingdom
3065,4.4521232174003575,-0.14128320617676055,United Kingdom
3066,-1.8620889323719427,1.2440544355332959,United Kingdom
3067,-1.8254615920380217,-0.020244658811548476,United Kingdom
3068,-0.8945182055791779,-0.569608968010609,United Kingdom
3069,-1.0015603308580001,0.8161832833122421,United Kingdom
3070,1.1686463951236552,-0.7658732460640676,United Kingdom
3071,1.6148704423519848,1.9210637237594297,United Kingdom
3072,1.071451860930282,-0.2442227038770965,United Kingdom
3073,0.24023920406717078,0.11865700269224255,United Kingdom
3074,-0.4879397753165487,1.0007872202216868,United Kingdom
3075,1.1224126777291183,-0.1257214174938177,United Kingdom
3076,-2.8678286821673455,-0.5372722536877137,United Kingdom
3077,-2.284762893659895,0.9338960973636099,United Kingdom
3078,-0.3604306951759944,0.21827624855372443,United Kingdom
3079,3.386659659382547,-0.7463904361309112,United Kingdom
3080,1.7559712994361094,0.3008776885987499,United Kingdom
3081,0.23999450915867404,-0.25583992994597293,United Kingdom
3082,-1.4366290962590176,0.5272678798559659,United Kingdom
3083,2.5570163564054424,0.23464460145321844,United Kingdom
3084,0.22300677682839812,0.09631880187278065,United Kingdom
3085,-1.2916916747277658,-0.6728157429317262,United Kingdom
3086,2.1796073826098183,0.71774919416318,United Kingdom
3087,-1.5846926906673313,0.43973013905381414,United Kingdom
3088,4.50594943072324,-0.711860833720175,United Kingdom
3089,0.3869855355184607,0.5216453780063905,United Kingdom
3090,-0.10425112802672365,-0.6173133533953888,United Kingdom
3091,0.1227699845512259,1.3858438744950012,United Kingdom
3092,-3.221041241936393,0.9714133848618923,United Kingdom
3093,-0.21354525079200481,-1.084732322016578,United Kingdom
3094,0.11098137435366044,0.31660615219751576,United Kingdom
3095,-1.9632791323949137,-1.395080922726838,United Kingdom
3096,2.4555627058653178,-0.07768235616278281,United Kingdom
3097,1.3216334959472023,-0.22519444572989653,United Kingdom
3098,0.11726511446241972,0.6781813663577418,United Kingdom
3099,-0.26716214835773267,0.5653507863085822,United Kingdom
3100,-0.4671950030998655,-0.3301583581294478,United Kingdom
3101,-2.6035118713292102,-1.435421986892086,United Kingdom
3102,-1.7124686472329709,-0.28072895240699364,United Kingdom
3103,-2.1329617048763487,0.22515711779623496,United Kingdom
3104,0.09803901886980383,0.4577578284784372,United Kingdom
3105,-1.7968707703655744,1.5410542828921554,United Kingdom
3106,-2.3435224402934964,1.3685879460687291,United Kingdom
3107,-0.5178003083208365,-0.9856298819141477,United Kingdom
3108,-2.3273050968077627,0.46963464178025366,United Kingdom
3109,3.291663348852734,-1.2332867641735623,United Kingdom
3110,-1.2996851962539013,-0.1293842474658181,United Kingdom
3111,-1.7072175553972035,-0.2834973656698182,United Kingdom
3112,-0.3231871092058765,-0.43149861372557674,United Kingdom
3113,-1.5437868032830062,-0.4731781601197157,United Kingdom
3114,-1.8841400197351252,-2.17909782849228,United Kingdom
3115,-2.705125098020745,-0.22999866792584941,United Kingdom
3116,1.2046851548857014,-2.107012550661835,United Kingdom
3117,-1.287025836252828,-0.12094695755325495,United Kingdom
3118,-0.3028352448871754,0.255828664824255,United Kingdom
3119,-0.38860756244141637,-0.4240511716864308,United Kingdom
3120,2.703037599483039,-0.08880534755439397,United Kingdom
3121,3.04529696097077,0.6734501174823344,United Kingdom
3122,-3.2911761079418054,-1.5585697866373045,United Kingdom
3123,-2.9240622738760536,0.07073987616236045,United Kingdom
3124,0.639100288494761,0.017007194145408338,United Kingdom
3125,-0.38041987889958795,0.7340120675603451,United Kingdom
3126,-0.9661826473627677,1.4627283552953179,United Kingdom
3127,-0.1461962126000802,-0.4488287569409222,United Kingdom
3128,-2.813936803798288,0.3343888765345708,United Kingdom
3129,1.8209955385605445,0.595204837027745,United Kingdom
3130,-2.018729211482705,0.15650299356514033,United Kingdom
3131,-1.611999173707986,-1.49403637712154,United Kingdom
3132,-0.26013022987312084,0.3249122747262287,United Kingdom
3133,-3.217372863645989,-0.03895240833004282,United Kingdom
3134,0.06624662162345181,0.4564640372789495,United Kingdom
3135,-1.480329576286804,0.4955909534654659,United Kingdom
3136,3.2927483431578057,-0.6260787262167224,United Kingdom
3137,-1.3393170713556277,0.9688212295510821,United Kingdom
3138,1.6770198503511144,-0.06945096790190228,United Kingdom
3139,-0.3163161318430658,-0.44339380892932584,United Kingdom
3140,2.0833394822559694,0.6715460584901689,United Kingdom
3141,-2.4214263912244505,0.20773338981023373,United Kingdom
3142,0.9632935404681747,-0.235018477181275,United Kingdom
3143,1.6277493181775566,-0.4560802424593812,United Kingdom
3144,0.6808449711213659,0.35379061279805163,United Kingdom
3145,-1.5902025107710345,-0.3215606910449505,United Kingdom
3146,0.4221909488283004,-0.2363439595903504,United Kingdom
3147,-0.9548971298829702,1.1377961179514426,United Kingdom
3148,0.2804301267306416,-0.14319534045793986,United Kingdom
3149,-2.040119937673175,-0.3379323771523455,United Kingdom
3150,-0.9625558038557169,-0.9279646018177418,United Kingdom
3151,-0.49578229571762994,0.2956420130402425,United Kingdom
3152,2.7331126517594093,1.378948100880019,United Kingdom
3153,1.0383237662182145,0.47283654232358674,United Kingdom
3154,-0.6510463625858938,0.18902964747011394,United Kingdom
3155,2.8256271577340737,0.10511158101328766,United Kingdom
3156,3.0897904623785166,0.013184375772755592,United Kingdom
3157,1.5182021046123955,-1.4121174078031185,United Kingdom
3158,-3.1897044796235265,-0.07851080468686518,United Kingdom
3159,-3.9986035689501884,-2.6869241881203387,United Kingdom
3160,0.5425650201732153,-0.3439654101574611,United Kingdom
3161,-3.009024205599248,0.7519505544470966,United Kingdom
3162,-1.3362930337309065,-2.357948493937843,United Kingdom
3163,-0.3838320501020316,0.3030102283741062,United Kingdom
3164,-0.8661309361602432,-2.622033840889427,United Kingdom
3165,1.4085483990665513,0.03146171680575353,United Kingdom
3166,2.934499920803602,-0.22003919762371424,United Kingdom
3167,0.24663831411229376,0.5346718791816059,United Kingdom
3168,3.2668382846821746,-0.21128560097291188,United Kingdom
3169,-0.6240092207446688,-0.9862713309834622,United Kingdom
3170,1.0528098598319806,0.819997151482577,United Kingdom
3171,2.8679853319246176,-1.417803821411706,United Kingdom
3172,-3.6490139579646383,1.155862829915804,United Kingdom
3173,-2.0090435551590375,-0.29783357324905496,United Kingdom
3174,0.8816191508844653,-0.36028430390454697,United Kingdom
3175,0.8596519675830238,-1.3898772242575677,United Kingdom
3176,6.527947224098569,0.782863300006465,United Kingdom
3177,-0.5290846157348255,-0.809464546834423,United Kingdom
3178,2.6348208774201933,0.03749923098332184,United Kingdom
3179,1.5573176226621928,-0.8552656585770578,United Kingdom
3180,-1.0383293872822403,0.14679806792384928,United Kingdom
3181,-1.8866860487369048,-0.4045985969288297,United Kingdom
3182,-1.6088706236004586,5.729361174848279,United Kingdom
3183,-0.5575752583547035,0.41215995369697234,United Kingdom
3184,-1.264246362533685,0.261643751388805,United Kingdom
3185,-3.0393452565361474,0.2460285175551723,United Kingdom
3186,-0.026642171154694146,1.3419846834882199,United Kingdom
3187,3.4232588002743953,-0.773259803308151,United Kingdom
3188,3.457513792783378,-0.6181349794598874,United Kingdom
3189,4.6371073298986385,0.30901404268759336,United Kingdom
3190,0.011649828390507544,-0.625473353151284,United Kingdom
3191,-0.2991390032690783,0.8781756384124095,United Kingdom
3192,1.4092289774928202,1.5394536083268526,United Kingdom
3193,2.5500969513571903,-0.8386886033793617,United Kingdom
3194,1.2458175317944855,-0.2800487553349992,United Kingdom
3195,2.978722664634886,-0.4819451947178768,United Kingdom
3196,3.778788854893404,-0.0233796208136847,United Kingdom
3197,0.38934894332480713,0.8024972420306667,United Kingdom
3198,-0.7174309361537151,-1.4949303653746024,United Kingdom
3199,-1.8406914559882648,2.289429195440303,United Kingdom
3200,2.5974747038701,0.592539295864138,United Kingdom
3201,-0.5088847678285334,0.8719492082790846,United Kingdom
3202,1.7640874945244902,-0.16449996180552362,United Kingdom
3203,-1.4602611751929924,-0.9801584373606721,United Kingdom
3204,-1.3750582153236517,0.15950073115511074,United Kingdom
3205,3.1710785036548526,-1.175387865890482,United Kingdom
3206,-0.44413014861218564,1.315995158145756,United Kingdom
3207,-0.06059644636385155,-0.19472099906520302,United Kingdom
3208,1.4332240265727363,-0.6681221425046096,United Kingdom
3209,-1.426772830554283,-0.2137019846686161,United Kingdom
3210,1.145873184313317,-0.5324083666564702,United Kingdom
3211,3.724842808778184,-0.5438767362002292,United Kingdom
3212,0.6212369374660471,-1.0168547844155673,United Kingdom
3213,-0.23429202338875396,0.7159675918040797,United Kingdom
3214,-0.13535183184374147,-0.015394695032172324,United Kingdom
3215,1.6224981122265645,0.24239388897531608,United Kingdom
3216,-1.5546632403868397,-0.2527160292523438,United Kingdom
3217,-7.019894832538432,-3.812186104420754,United Kingdom
3218,-1.5861799195437487,0.46778759915160706,United Kingdom
3219,-3.953400127521234,8.64021476908828,United Kingdom
3220,2.0147388898959435,-0.9333920765607927,United Kingdom
3221,1.707786152393863,-1.0981691477202027,United Kingdom
3222,3.3937855842218516,-0.23412163707579509,United Kingdom
3223,3.9730986861197315,-0.6267766113657394,United Kingdom
3224,0.24572452359086533,0.206305511654374,United Kingdom
3225,1.2001651232165917,-0.8537017074309556,United Kingdom
3226,-0.0911432481737566,-0.46964223455014126,United Kingdom
3227,1.0766513013012002,0.6376069886128047,United Kingdom
3228,-2.829200833538712,2.507416061377699,United Kingdom
3229,-1.2236355283570348,-0.5733727862611422,United Kingdom
3230,0.3927538445562272,0.8393476563459499,United Kingdom
3231,1.160922407734737,0.49319448943060723,United Kingdom
3232,-2.0640919240113966,0.5580912919955762,United Kingdom
3233,-2.9916041358771435,-1.1298887333690142,United Kingdom
3234,-1.0482915436368716,0.7191502648070074,United Kingdom
3235,0.6190013707877837,-0.5338976337297673,United Kingdom
3236,-1.1393807057953,-0.6712429356841497,United Kingdom
3237,1.0125960285222315,0.3592537617824303,United Kingdom
3238,-0.7500247420128161,1.6251473207958236,United Kingdom
3239,2.7881304013843513,-1.2964794822306527,United Kingdom
3240,-5.55407808400809,0.3324254485168264,United Kingdom
3241,-0.2285406979765494,1.0307585689848668,United Kingdom
3242,3.2322750976677415,-0.48854650477164685,United Kingdom
3243,-0.5519464457429226,-0.12613442242449255,United Kingdom
3244,-1.5335825737664994,1.2875939202817093,United Kingdom
3245,0.5039362732860206,-0.905324665653793,United Kingdom
3246,2.065273162321573,0.09491329026165769,United Kingdom
3247,-1.6301270027625532,-0.4686855079795572,United Kingdom
3248,-0.222701618612928,-0.6166558721741968,United Kingdom
3249,1.4098530538203993,-0.4330977823786222,United Kingdom
3250,-0.4640137114279338,-0.23173697758093445,United Kingdom
3251,-1.6617941089604518,-0.4186377986350914,United Kingdom
3252,-1.5068049836373891,-0.8391536766413197,United Kingdom
3253,4.4669866654650106,-0.7478924318567177,United Kingdom
3254,-0.6314179041261763,-0.2634947169833016,United Kingdom
3255,-1.9079340862380811,1.330088868013457,United Kingdom
3256,1.940070905244556,-0.6770479145872408,United Kingdom
3257,-3.1362902362260012,-0.3381323888642824,United Kingdom
3258,0.005956821938817385,-0.12126732376725484,United Kingdom
3259,-2.870771452039752,-1.4085638521141102,United Kingdom
3260,1.7846175642585582,-1.0408666640949285,United Kingdom
3261,1.7132989988545742,-0.43828862488435044,United Kingdom
3262,-3.148680377506157,-0.48431590174009537,United Kingdom
3263,-1.515126805697223,-0.29004890062277155,United Kingdom
3264,2.091018085010159,-2.300492744912646,United Kingdom
3265,-0.8588522935010197,0.42437809111410146,United Kingdom
3266,-1.2811734621813913,-0.3619512940140631,United Kingdom
3267,1.3175047979989174,1.0493672227717197,United Kingdom
3268,0.5829188174184705,1.489585132233625,United Kingdom
3269,-0.9653911637426238,-0.18977880783470405,United Kingdom
3270,-0.10665083691572246,-0.5195598841525098,United Kingdom
3271,-0.2024297819099699,-0.5369298576609198,United Kingdom
3272,0.0988127230740975,-0.21776442847841412,United Kingdom
3273,0.47421137947345393,0.2822913670118289,United Kingdom
3274,-1.3495426005452364,-0.6618943685281538,United Kingdom
3275,0.8715118087342163,-1.3897050662685821,United Kingdom
3276,-1.7556111298863717,0.6995639689533698,United Kingdom
3277,0.2013356033633992,-0.8298357327965299,United Kingdom
3278,-1.725950334924085,1.857530731638827,United Kingdom
3279,2.3685871322356418,-1.6983467993965407,United Kingdom
3280,3.327867664994954,-0.30115618123565374,United Kingdom
3281,-0.8204117352287567,-1.0039673330339869,United Kingdom
3282,1.773901845256485,-0.9110793073626027,United Kingdom
3283,2.813412798773443,-0.6826296295946134,United Kingdom
3284,-0.6899264829553126,0.9551247906172494,United Kingdom
3285,-1.3259215124242179,0.7109598849056676,United Kingdom
3286,-0.5060022624560322,-0.25528079299790674,United Kingdom
3287,0.0712000651916071,0.35922211262424103,United Kingdom
3288,-1.1397324142954157,0.577431497447003,United Kingdom
3289,-2.765958254470773,-0.7029635480404989,United Kingdom
3290,-2.2024570717228085,0.0763303355638351,United Kingdom
3291,-0.8535624578917532,-0.3182643291474783,United Kingdom
3292,-2.759052245023953,0.5677705441880343,United Kingdom
3293,1.1841738783910516,-0.7710139468727583,United Kingdom
3294,-0.9190392154194627,-0.045939267206828574,United Kingdom
3295,-2.5017830310204476,-0.15924018363262835,United Kingdom
3296,-1.5193149057610322,-1.0390378859311713,United Kingdom
3297,2.248770618324945,0.19539615867701635,United Kingdom
3298,-1.1075859506672634,2.2925122205733013,United Kingdom
3299,4.650114011941952,-0.16728684131845795,United Kingdom
3300,1.8885981621872572,-1.040741926681158,United Kingdom
3301,0.5041432929837091,0.574074675226347,United Kingdom
3302,4.122768933821794,-0.1137745320717137,United Kingdom
3303,-1.7502313390391517,-0.29880803608214174,United Kingdom
3304,-1.981916765240177,-0.14978544960587875,United Kingdom
3305,-1.3180258106749085,-0.5678763530849411,United Kingdom
3306,-3.150318077175405,0.4576069479906705,United Kingdom
3307,-1.4214130181361313,0.2472819461469355,United Kingdom
3308,-0.44527276098904434,-1.8108095313082035,United Kingdom
3309,-2.247842739799081,-0.029949957941350667,United Kingdom
3310,-1.0696610244200633,-0.3032824092789744,United Kingdom
3311,-4.23040603550308,-1.8798269361572089,United Kingdom
3312,-2.0505648706510025,1.6325390352670885,United Kingdom
3313,0.10493191351849011,0.4038989631471702,United Kingdom
3314,-2.1447865079421025,-1.3732212486617754,United Kingdom
3315,-0.29149334145354916,-0.8533537842786382,United Kingdom
3316,-2.39684242694985,-0.5258609195807641,United Kingdom
3317,0.8219890461726365,-0.8703149784921964,United Kingdom
3318,2.12151491900876,0.3037154170452755,United Kingdom
3319,-0.8517836859885559,1.6770059595626965,United Kingdom
3320,3.6801019210187094,0.7509924291328992,United Kingdom
3321,1.4322152281337759,0.559478924275392,United Kingdom
3322,0.9323580952502499,-1.2431122647953132,United Kingdom
3323,-5.202912598727797,-3.006793040862955,United Kingdom
3324,1.354750234895122,-0.17467371049254207,United Kingdom
3325,-1.273875863643616,-0.7687878846812481,United Kingdom
3326,-0.07364521294439491,-0.18581780030622644,United Kingdom
3327,-1.6434785731463675,0.010122372675595723,United Kingdom
3328,-0.5511955210626139,-0.7527072573390654,United Kingdom
3329,-0.10733099976608906,-0.6618153838775798,United Kingdom
3330,-1.2651672761224395,-0.9022011529293351,United Kingdom
3331,0.9551729679899315,0.8383353813669843,United Kingdom
3332,1.1646053811233994,-1.2535345654511487,United Kingdom
3333,0.6216548907286702,-1.6376540760430147,United Kingdom
3334,-2.308731928057817,-0.24291863438457156,United Kingdom
3335,-1.3126174238132764,-0.429931625851204,United Kingdom
3336,-1.8374004646754296,0.6074269779788991,United Kingdom
3337,0.3880103612806322,-1.1499059474098619,United Kingdom
3338,1.2350686844764354,-0.5955066680234616,United Kingdom
3339,0.929039673405566,-0.6958627891469509,United Kingdom
3340,0.673005605658956,2.080350591944906,United Kingdom
3341,-0.41886428594306846,-0.21629020389739267,United Kingdom
3342,3.4271093847862173,-1.105791205442608,United Kingdom
3343,2.528676039262136,-0.0416251157045574,United Kingdom
3344,-0.19455415347978358,-0.39050414114090276,United Kingdom
3345,0.5518120780481698,-0.21069980375102615,United Kingdom
3346,-0.8284966484471076,0.47609760756033054,United Kingdom
3347,2.2639306648411166,-1.5115905450718372,United Kingdom
3348,1.8366895671625836,-0.015534426543880478,United Kingdom
3349,-2.9139370319327424,-0.6749271171959539,United Kingdom
3350,-1.4559672602299114,-0.4634693631486844,United Kingdom
3351,-0.0933081547827406,-0.5317702880972528,United Kingdom
3352,0.45315636755567223,-0.6093760970642295,United Kingdom
3353,-1.5873914540872915,1.1357499984025183,United Kingdom
3354,0.9172743844757429,-0.9243375287475545,United Kingdom
3355,1.7768669480522705,-0.1089294339546487,United Kingdom
3356,-1.325669088232445,-1.1534997411654981,United Kingdom
3357,3.847409602693637,-0.28791958578843885,United Kingdom
3358,0.5944391719308272,-0.3938646668667737,United Kingdom
3359,-2.657278658971521,1.5751485765531743,United Kingdom
3360,-0.8016723473797771,-0.09947730609441102,United Kingdom
3361,1.998364631297925,-1.0039051479247632,United Kingdom
3362,1.4925339972762406,-1.444074700414883,United Kingdom
3363,-0.3053362429575701,-1.5691380675765065,United Kingdom
3364,3.827638631852063,-1.4865918447479114,United Kingdom
3365,-1.6416278056761566,-0.8480350833877265,United Kingdom
3366,0.4529916053507731,-0.8670456908011699,United Kingdom
3367,0.28566129731388407,0.8328801977207713,United Kingdom
3368,-0.7557050078070134,-0.8044020993428432,United Kingdom
3369,2.69846972263764,0.13888064627427119,United Kingdom
3370,2.3788250877493913,0.5417070722265684,United Kingdom
3371,1.9172130941207892,-0.7203732276164878,United Kingdom
3372,-0.8888309254786355,1.507488811737622,United Kingdom
3373,2.965734976524595,-0.9282898958830381,United Kingdom
3374,-1.088669827952593,0.5665512314134855,United Kingdom
3375,-0.40683965768550484,-1.3512321579449937,United Kingdom
3376,1.322745201930991,0.1401928058713497,United Kingdom
3377,0.5071332853097851,0.3518632059667893,United Kingdom
3378,0.9188446189362727,-0.2712717335279698,United Kingdom
3379,-2.250767641183434,-0.0357061795931638,United Kingdom
3380,-4.96311586437131,-2.544296979204947,United Kingdom
3381,2.026469076555837,-0.9013836011167481,United Kingdom
3382,-1.0152216512366699,0.1439539890589149,United Kingdom
3383,-1.2136805851784054,0.34205831265853703,United Kingdom
3384,-1.4604662647174445,0.34337931262378657,United Kingdom
3385,-2.865365193586899,-0.4863593589038272,United Kingdom
3386,0.008846707483122346,-1.0317960861059845,United Kingdom
3387,-1.8209931186369088,-0.01944921331519846,United Kingdom
3388,-3.21708427342902,-0.20508092239826037,United Kingdom
3389,-1.5791190900988084,-0.20624980491008074,United Kingdom
3390,1.4367603673855156,-1.2274522781682338,United Kingdom
3391,-1.1300749145701523,-0.5723301603215734,United Kingdom
3392,-0.019917865885012497,-0.8704642133976824,United Kingdom
3393,0.2561874467058044,-0.5905687911120863,United Kingdom
3394,-1.1836610229998028,1.4558727016316273,United Kingdom
3395,-2.754902094146643,1.449382762784963,United Kingdom
3396,-0.980461008240262,0.26030807916270116,United Kingdom
3397,1.7605937153725733,-0.3855086651079425,United Kingdom
3398,0.39445116237046696,0.6116950044237535,United Kingdom
3399,-0.9842448842645798,0.11195829065085186,United Kingdom
3400,1.9739298585123635,-0.7486852003355046,United Kingdom
3401,2.7017009875039943,1.9632936495965099,United Kingdom
3402,2.616219884751398,0.6632128668900309,United Kingdom
3403,0.40144620323669183,0.5885773856678119,United Kingdom
3404,1.4736760485158074,-0.27335251765847346,United Kingdom
3405,-2.305587832147746,-0.17988958529801413,United Kingdom
3406,0.7133149577753655,-1.5196849194804563,United Kingdom
3407,-2.9450905012508874,-0.4012460245909993,United Kingdom
3408,1.510935817110383,-0.015572520710070425,United Kingdom
3409,0.4439672353490296,-0.2037302342398178,United Kingdom
3410,-1.0167114702460882,-0.10871940345922906,United Kingdom
3411,-2.649312815039104,-0.32542508610093485,United Kingdom
3412,-0.464555168189986,-0.530091469655629,United Kingdom
3413,3.0558723059247233,-0.6900602965270527,United Kingdom
3414,0.6252920056411021,0.7949871415546893,United Kingdom
3415,0.7856232775547546,0.6220847839502467,United Kingdom
3416,0.3873685712395601,-0.5666035578838168,United Kingdom
3417,0.41541910314201236,-0.46541041882352174,United Kingdom
3418,-1.6345792932979908,-0.6786417657590521,United Kingdom
3419,-1.1918700749248161,-0.6988262594753295,United Kingdom
3420,0.22534048870094167,-0.8098630562370439,United Kingdom
3421,2.0358780708126654,-0.4304795109623164,United Kingdom
3422,4.119680400756441,-1.103570317967374,United Kingdom
3423,-0.4874714661649286,1.4479321560193663,United Kingdom
3424,1.5962366076197863,-0.7920763663378843,United Kingdom
3425,-2.6481789002999685,-2.3875935346840502,United Kingdom
3426,-3.0587650774512136,-2.555187788184469,United Kingdom
3427,-1.3017986590686306,-1.057166656586378,United Kingdom
3428,-2.8276041198007658,-0.23974000457209085,United Kingdom
3429,0.4988441058292656,-0.6892672427141481,United Kingdom
3430,-1.2405959727405536,0.02810686755672918,United Kingdom
3431,-2.0806940152331683,-0.5706341756703849,United Kingdom
3432,-0.5859940153289389,-1.3408851773364638,United Kingdom
3433,0.2220438040120401,-0.010869669298551104,United Kingdom
3434,0.14647028802226747,-0.22103119016111916,United Kingdom
3435,-1.133799985900532,0.32931075597103265,United Kingdom
3436,0.7485521757917161,1.2816620144722164,United Kingdom
3437,-2.509905619407291,-0.34446571551585486,United Kingdom
3438,-1.212590897417813,0.8462137973903284,United Kingdom
3439,0.9404240414160951,-0.5001947064416837,United Kingdom
3440,1.5052461100422372,-1.5581364557407298,United Kingdom
3441,1.449251720613323,0.23884007195440188,United Kingdom
3442,-0.12330622013280557,0.643156938856895,United Kingdom
3443,-1.558582797359247,0.14629499513016408,United Kingdom
3444,-0.4222934778347872,0.6349478609910812,United Kingdom
3445,0.42515167768825274,0.5394919808073741,United Kingdom
3446,0.04353351268632021,0.5579051614107633,United Kingdom
3447,3.542501582627664,0.22465651515706433,United Kingdom
3448,2.0984716163027506,0.49158942700192204,United Kingdom
3449,-1.3624316737671303,-0.3630174953958987,United Kingdom
3450,-0.17780241693070384,-0.4177642403357573,United Kingdom
3451,-1.3394628210882704,1.3506303294253945,United Kingdom
3452,1.018191053414417,0.3761794269267691,United Kingdom
3453,0.46654025983453024,0.6809802237229746,United Kingdom
3454,2.563123517690811,0.23351053914510647,United Kingdom
3455,-2.1128644966691796,-0.22418869101316347,United Kingdom
3456,2.1440059203752537,1.1680735595003744,United Kingdom
3457,-0.49876965044280847,-0.6008051555496298,United Kingdom
3458,1.2418976819460583,-0.6921684252771098,United Kingdom
3459,0.08923969908334854,0.304238589261599,United Kingdom
3460,3.001374330846803,-0.9730053727648067,United Kingdom
3461,2.1131336289590643,-0.2732339364783399,United Kingdom
3462,-1.0457212903786288,0.08259053614270244,United Kingdom
3463,1.8968047788232327,-0.14738533658448894,United Kingdom
3464,1.4636455473309724,-0.08836279565080889,United Kingdom
3465,0.3727319307997957,-0.2225037210992324,United Kingdom
3466,-0.29313219495299264,0.8787716670712613,United Kingdom
3467,-0.20879717970572856,-1.9436107231397384,United Kingdom
3468,-3.4839652704011232,0.240545455861591,United Kingdom
3469,-1.4399225399196924,-0.37457830007921333,United Kingdom
3470,-1.0650831131449714,-0.4400799162462343,United Kingdom
3471,1.4143738503348966,1.3880753236082615,United Kingdom
3472,0.43419783849036614,0.22438714704500548,United Kingdom
3473,2.182724959712403,1.1940752605240674,United Kingdom
3474,1.0582009096404275,0.10577262153042523,United Kingdom
3475,2.1106102440656285,-0.7827289293035401,United Kingdom
3476,1.504200536344362,0.5806193785890224,United Kingdom
3477,1.7805377523754142,-0.7106668507687334,United Kingdom
3478,2.9191997964634426,-0.36123092231651804,United Kingdom
3479,1.4422232174448473,-0.030540082173649515,United Kingdom
3480,-1.7654592768272581,0.1993338998478337,United Kingdom
3481,0.971838091592074,0.44210789971957243,United Kingdom
3482,0.5013217728159758,0.157061578393231,United Kingdom
3483,1.508226694566988,-1.7698112405530946,Spain
3484,0.9120266661423576,-0.33312168225840694,United Kingdom
3485,1.1422936677815918,-0.11247448006938422,United Kingdom
3486,-5.982741623180753,0.6836668544877914,United Kingdom
3487,0.13438749565965866,-0.13701673836748005,United Kingdom
3488,3.8395425507774097,1.4636668038579908,United Kingdom
3489,0.8442251416760524,-1.0972403247244273,United Kingdom
3490,-2.633645710095573,0.6438605760359583,United Kingdom
3491,-0.9707745658335513,-0.6895889204644929,United Kingdom
3492,0.6339892710534947,-0.7825821307915466,United Kingdom
3493,0.3806474290668816,0.06034242238862117,United Kingdom
3494,-2.9909537278564633,0.1390533098556668,United Kingdom
3495,-2.347983515153884,-0.8348098953697276,United Kingdom
3496,0.31338885208964523,-0.3442473559198421,United Kingdom
3497,-1.752246182300552,1.0173352659478705,United Kingdom
3498,-2.594882719429758,-0.7723596074852905,United Kingdom
3499,-1.4585847797091454,-0.04800162950569927,United Kingdom
3500,-1.4764626664959974,0.5692503617847519,United Kingdom
3501,-0.9757059284855669,0.10399258394695136,United Kingdom
3502,0.8706158037879598,-0.7111888514810085,United Kingdom
3503,-2.6029816737828444,0.41539781952149574,United Kingdom
3504,2.040621639058281,0.07731299574464431,United Kingdom
3505,2.1682862347794605,0.1275728433368382,United Kingdom
3506,-1.382692240218202,0.8093642567078908,United Kingdom
3507,0.9572356342159558,-0.10543216258651847,United Kingdom
3508,-1.5193519658481,1.3764943284343678,United Kingdom
3509,4.140424902261043,0.7829855413237652,United Kingdom
3510,-1.0910418053429827,0.665828508195981,United Kingdom
3511,-1.645975864531656,3.792753363264816,United Kingdom
3512,1.007840292400963,0.40797228990056383,United Kingdom
3513,-0.5424951359730958,1.2676354593426176,United Kingdom
3514,1.3323579608004417,0.19700726088202267,United Kingdom
3515,-2.3770886815844072,-1.2937829176645705,United Kingdom
3516,-0.07993604742061691,1.235928072189166,United Kingdom
3517,-1.6000606190154931,-0.43501028503620864,United Kingdom
3518,-0.7219106938772508,-0.8178716635697582,United Kingdom
3519,-1.0400298044947542,-1.086312601896644,United Kingdom
3520,-0.977897832694909,-1.0332282273147033,United Kingdom
3521,0.865417650898763,0.3091944850962013,United Kingdom
3522,1.473888012586871,-0.03584997144842674,United Kingdom
3523,2.528215972553797,-0.2871803920743614,United Kingdom
3524,1.466696073678315,-0.35660645809480335,United Kingdom
3525,-2.0576026360145527,-0.03048109656775261,United Kingdom
3526,1.9158812788277673,-0.2383457239169988,United Kingdom
3527,-2.5433519333382906,0.060807374221483836,United Kingdom
3528,-1.9694205830371672,-0.7717892647607458,United Kingdom
3529,0.25514958329784654,0.28569845269363414,United Kingdom
3530,-1.8725859820893014,0.01836656387196707,United Kingdom
3531,-0.8960237608601312,-1.027220036791888,United Kingdom
3532,2.198733513840373,0.14666856188574964,United Kingdom
3533,-3.7802620671406304,-1.4821260003290542,United Kingdom
3534,0.8419658333495947,0.5638236308423445,United Kingdom
3535,-1.610655900217515,0.3877499472342958,United Kingdom
3536,-0.27845322326861294,-0.16190264765631265,United Kingdom
3537,0.5865395414964361,-0.8894569400720229,United Kingdom
3538,-1.2938357190618515,-0.6525961396898416,United Kingdom
3539,2.0703087989067943,0.5014305261217028,United Kingdom
3540,-2.4880293433491008,-2.379617511462305,United Kingdom
3541,-2.1886950806913923,0.4790665279372015,United Kingdom
3542,2.0202060298325764,-0.3989483464505921,United Kingdom
3543,-0.7680713933269018,-0.46857020971666324,United Kingdom
3544,-1.1925782023164824,1.9000673997602107,United Kingdom
3545,1.9359515562560994,-0.42169683228397387,United Kingdom
3546,0.9464304982963322,-0.44925940557925303,United Kingdom
3547,-1.81777263356142,0.15307903819618568,United Kingdom
3548,-0.02841327533568446,1.8225502175661523,United Kingdom
3549,0.3733861991453208,-0.45397030409033684,United Kingdom
3550,-0.6993172698732971,-0.3280429328231673,United Kingdom
3551,2.5148466573998505,-0.1895494415009304,United Kingdom
3552,0.48582091616198797,1.1526557674758147,United Kingdom
3553,-0.4642782471654042,-1.2753850188106544,United Kingdom
3554,-2.1514627550949688,-0.22757200666800198,United Kingdom
3555,2.028756305106529,-0.16595586675964083,United Kingdom
3556,-2.303546205443276,-0.49258987241688085,United Kingdom
3557,1.7965826911248812,0.5743527019809309,United Kingdom
3558,0.36296219077018654,0.3389743925522542,United Kingdom
3559,-3.3074906466130756,0.0038175193190271156,United Kingdom
3560,2.219496904795201,-1.0853398622387476,United Kingdom
3561,-1.9927776757332158,-1.399985849733874,United Kingdom
3562,2.802025998456429,-0.8284030045936255,United Kingdom
3563,-0.1247262932102425,-1.457072576680902,United Kingdom
3564,-1.136130968611849,0.2906552297022708,United Kingdom
3565,-1.3178642348644742,0.7225561225424448,United Kingdom
3566,-1.0844756051225508,0.5834184654707195,United Kingdom
3567,0.6432563596742686,-1.6210963284820203,United Kingdom
3568,2.0821964122103926,-1.2023502526449896,United Kingdom
3569,-1.052304271490849,-0.7933440496719674,United Kingdom
3570,1.539902159464571,1.049672620193651,United Kingdom
3571,2.84356247731682,-0.5562543769064047,United Kingdom
3572,-0.17092940130567075,-1.0158454489896354,United Kingdom
3573,-1.484950829421955,-0.6311093890397191,United Kingdom
3574,-2.60142306995515,0.13059729180101065,United Kingdom
3575,-0.46037473006828494,-0.07252315012297246,United Kingdom
3576,0.8896950235510368,-1.0690816017664917,United Kingdom
3577,-1.0874057113533535,-0.7031424843682729,United Kingdom
3578,3.355995962741456,-1.2251099585368415,United Kingdom
3579,-1.622235748938456,1.1866407516647015,United Kingdom
3580,0.2507701628313773,0.4186469939716402,United Kingdom
3581,4.2445882808593955,-0.4642116183286863,United Kingdom
3582,0.35466205830626124,0.4225838339600999,United Kingdom
3583,-2.5332081042935775,-0.007330271899731772,United Kingdom
3584,-0.8242883051460421,-0.194504254907681,United Kingdom
3585,-0.8139858742640821,-0.25302983485176905,United Kingdom
3586,-0.16289864842679355,-0.9235674145197612,United Kingdom
3587,-1.6746953165883534,0.7087982178287017,United Kingdom
3588,-0.753937296564779,-0.3337025570219133,United Kingdom
3589,-1.9811235507714355,0.2639313921434682,United Kingdom
3590,-0.05707973968342902,-2.014223194478159,United Kingdom
3591,-0.6242992117362275,-1.1564245406829625,United Kingdom
3592,-1.8225548613578857,-0.700889378183985,United Kingdom
3593,-0.03513098597092553,-0.04179721881106967,United Kingdom
3594,-0.11294789559021201,0.38418430934415637,United Kingdom
3595,-3.2214567616854923,-1.350516574327096,United Kingdom
3596,-0.08271268597461978,-0.12227424916642483,United Kingdom
3597,-0.17276158666460736,-1.7812284354752865,United Kingdom
3598,-1.2474976568743747,-0.08757420099491832,United Kingdom
3599,-0.6001663374456447,-1.1462031119731753,United Kingdom
3600,1.6873261048246382,-0.11026406850642198,United Kingdom
3601,-2.0625868363131867,-1.475882633411651,United Kingdom
3602,0.1388752151324346,1.0397761974752984,United Kingdom
3603,-1.8707380708386703,0.9397021725237628,United Kingdom
3604,-2.459906605061597,0.908730434068706,United Kingdom
3605,1.2607373179899541,0.49591660819209926,United Kingdom
3606,1.7766213385503782,-0.8425437257693144,United Kingdom
3607,-1.3614992686569447,-1.2869209086093598,United Kingdom
3608,0.9121926773072456,-0.7124197878787859,United Kingdom
3609,1.7653243987897786,-0.960671046593746,United Kingdom
3610,0.7046915394149441,-0.45003069707447824,United Kingdom
3611,0.5905794820430419,-0.8998557503073839,United Kingdom
3612,-2.409114171846051,2.559156611806701,United Kingdom
3613,1.9367011801751548,-0.913023686327733,United Kingdom
3614,-0.09626829683879896,-0.5350695822254994,United Kingdom
3615,-1.600927681342056,-1.2974717367889463,United Kingdom
3616,-0.5466339610110235,-0.34770606399866916,United Kingdom
3617,0.5935897401981416,-1.533321656964056,United Kingdom
3618,-0.969802770483299,-1.082951180581549,United Kingdom
3619,0.9944256347955989,-0.7545012158532962,United Kingdom
3620,-1.5333755653540786,0.3444840096223462,United Kingdom
3621,3.37840300551919,-0.7436372382341918,United Kingdom
3622,-3.0746362771176416,-0.8238203719899776,United Kingdom
3623,0.8337271547172337,0.8816179598975542,United Kingdom
3624,-0.7746715874745106,-0.20916415334107255,United Kingdom
3625,1.3656625031269138,1.3226011221817613,United Kingdom
3626,2.1920666270144555,-0.4456869725950172,United Kingdom
3627,4.1845379406467655,-1.5676192955486772,United Kingdom
3628,0.847485409752944,1.1447520264889952,United Kingdom
3629,0.4983796227367096,0.7284529880192033,United Kingdom
3630,0.6551728012893171,-0.40928900310000793,United Kingdom
3631,1.2394135489520817,-1.902909297130307,United Kingdom
3632,0.7870695664152373,-0.4891999154159169,United Kingdom
3633,-3.2066094499140996,-1.052460910425703,United Kingdom
3634,-0.4942974831733831,0.08134794074030692,United Kingdom
3635,-1.5419227659313217,0.11447391256801134,United Kingdom
3636,-3.666652496527377,1.8932285686644272,United Kingdom
3637,-0.4950657719463259,0.021567328773853672,United Kingdom
3638,-1.5615577967259424,-0.8711502170034946,United Kingdom
3639,1.848564431513322,0.2744109220525187,United Kingdom
3640,3.633598552090538,0.3631836003766294,United Kingdom
3641,-1.8701644890580507,-0.4773592760310793,United Kingdom
3642,4.066429081961717,0.9332921582058427,United Kingdom
3643,0.35956714729498657,-0.29270864568678334,United Kingdom
3644,-2.509201873403516,0.8304660112741397,United Kingdom
3645,-1.8612427089216708,-0.5515100496869123,United Kingdom
3646,0.2031975324057874,-1.090952020352678,United Kingdom
3647,2.997111387357721,-1.4815148057101342,United Kingdom
3648,-2.2200212627773412,-0.9415210064344337,United Kingdom
3649,1.707649011441585,-1.2636663441938307,United Kingdom
3650,-2.7551913018877685,-0.3500039475389829,United Kingdom
3651,1.314926428334098,-0.6275270470348393,United Kingdom
3652,-0.8211960248927909,0.5320412614570125,United Kingdom
3653,0.23163765578617954,0.5270107653444521,United Kingdom
3654,0.6039921310666794,0.5898010582260184,United Kingdom
3655,-1.9857561060690132,-0.9490625778381389,United Kingdom
3656,-0.6840763048268332,-0.3116153827625666,United Kingdom
3657,-1.08884610766341,-0.06964898819211622,United Kingdom
3658,-1.6809969593405574,-1.4078177549358006,United Kingdom
3659,0.3828191732637987,-0.7284586015068129,United Kingdom
3660,-0.8462334154491447,0.19097133011455017,United Kingdom
3661,-1.403707610934496,-0.09522636562373729,United Kingdom
3662,3.720695367800099,-0.8412956620232327,United Kingdom
3663,3.4972634111132335,-0.39230883173722036,United Kingdom
3664,-1.8577370981315853,-0.5864856753497462,United Kingdom
3665,1.787907653546707,-0.6712367950515374,United Kingdom
3666,-0.370299779133242,-1.5608511971350152,United Kingdom
3667,-0.2723091933028933,-0.8265587911359806,United Kingdom
3668,1.465532312679027,-0.9651810402735471,United Kingdom
3669,0.08534428770412568,-1.1035622753773096,United Kingdom
3670,-1.4771725228062198,1.4979556643365033,United Kingdom
3671,-0.6568284455780894,-0.4658784360659813,United Kingdom
3672,-1.8477476275029698,-0.5572787675163436,United Kingdom
3673,2.91445183496266,-0.8405111343716811,United Kingdom
3674,0.35848160202857154,-0.9943125088482118,United Kingdom
3675,4.856112726868974,-0.6785809154519137,United Kingdom
3676,-3.970556862259824,0.4591600189273739,United Kingdom
3677,-0.6765067927301053,-1.469210622930954,United Kingdom
3678,-1.3524567025304952,-0.4744425669315306,United Kingdom
3679,-0.6899300719771105,-0.8965577307858577,United Kingdom
3680,1.91360888392102,-0.7286370356401749,United Kingdom
3681,0.5908219221440015,-0.2458674502947636,United Kingdom
3682,0.25330139749008423,0.8486550546522263,United Kingdom
3683,5.08386882964228,0.9297798830490431,United Kingdom
3684,-1.349643338273384,-0.7114210274269603,United Kingdom
3685,-0.7928554313587773,0.4206703559373871,United Kingdom
3686,-2.2756797447346875,0.3986360727964876,United Kingdom
3687,2.327119586949533,1.4590638978934003,United Kingdom
3688,0.26150841112832235,-0.03310499058892572,United Kingdom
3689,-0.525348980012466,0.6365692277555665,United Kingdom
3690,1.5414111933656114,0.6007123269141026,United Kingdom
3691,1.7312125503226823,0.025847342010426436,United Kingdom
3692,-1.1605038755885382,-0.008049880005120972,United Kingdom
3693,5.672767694005251,0.5995909736637707,Other
3694,1.4696633282866562,-0.6434583295523258,United Kingdom
3695,0.900727846198368,2.339192914879918,United Kingdom
3696,-5.418605810826227,0.5603846942134124,United Kingdom
3697,-1.229722189258892,1.9863703248191809,United Kingdom
3698,0.958748864028719,-0.25868650604560317,United Kingdom
3699,0.23396149738562846,0.007338633528964935,United Kingdom
3700,1.3918876542469314,-1.2025037634378637,United Kingdom
3701,0.11227860459894964,-1.3632861049968732,United Kingdom
3702,-1.3571566008292915,2.9022021502511293,United Kingdom
3703,3.3836142465912755,0.5002480548356038,United Kingdom
3704,-0.5521055782437703,-0.21192700165343759,United Kingdom
3705,2.8695621641536375,0.07245628588635127,United Kingdom
3706,-0.454227601138764,0.0620992083556335,United Kingdom
3707,2.080484483776013,-1.0414177921650571,United Kingdom
3708,-0.09571608257306018,-0.13443463038505696,United Kingdom
3709,0.28047819276927166,-0.12401113457853642,United Kingdom
3710,3.2496466587611716,0.3624215571142413,United Kingdom
3711,-3.4574542050803405,-0.16577283009110227,United Kingdom
3712,5.306976032751272,-0.18880412956366996,United Kingdom
3713,-0.3231354919954153,-0.6171512457263882,United Kingdom
3714,-1.2949433951733988,-1.1539460599677882,United Kingdom
3715,-0.9215455653590182,0.25615727659721693,United Kingdom
3716,-0.5028287829564585,-0.8328671932636854,United Kingdom
3717,-0.9425288636130332,-0.0896286840441614,United Kingdom
3718,2.515235376426059,-0.7799833326190864,United Kingdom
3719,-1.3946302067633476,-1.6639925000439155,United Kingdom
3720,-1.6795688850676378,1.4929572850223944,United Kingdom
3721,-2.2283614875604925,-2.299949399572898,United Kingdom
3722,1.8105241132231134,-0.1363230109996408,United Kingdom
3723,-1.4678619637847536,0.020288668598882616,Other
3724,1.7736474751262439,2.2993135718109072,Other
3725,-2.490111467298839,-2.2406883889880596,United Kingdom
3726,-0.16661233972424871,-0.7390797989853464,United Kingdom
3727,2.598972499467144,-0.45566092928407687,United Kingdom
3728,7.429759489426034,1.8023133604511916,United Kingdom
3729,2.187886647140081,-1.365287365962812,United Kingdom
3730,-0.5811179976060309,-0.14866018951824064,United Kingdom
3731,-0.6023314150940241,-0.5175688264652691,United Kingdom
3732,-2.820572875855848,-0.26373106549662434,United Kingdom
3733,-1.715191091540706,-0.33427483264026764,United Kingdom
3734,0.39568947971930646,0.5565059217139761,United Kingdom
3735,-0.5432709308585629,-0.4699586514720052,United Kingdom
3736,0.3732119814227351,-0.4917595990078245,United Kingdom
3737,-0.7194202402102933,-0.19179406790343306,United Kingdom
3738,0.8109679871547999,-0.6414803344098432,United Kingdom
3739,-0.5004175739857708,0.5807552474537832,United Kingdom
3740,1.9120214479365298,-0.23429333438097516,United Kingdom
3741,-1.67452401546996,0.2834549843550856,United Kingdom
3742,0.25225012277865494,0.46553887333746585,United Kingdom
3743,-2.0096004521028887,-2.4774957244685534,United Kingdom
3744,1.4265307728633985,-0.040318885104526386,United Kingdom
3745,1.175581454638621,-1.290828195239604,United Kingdom
3746,0.2087825563539625,-0.3585532599682745,United Kingdom
3747,-1.716333702406305,-0.7526333695975665,United Kingdom
3748,-0.46995212874133857,0.04442152874503125,United Kingdom
3749,1.545215710160207,-0.7557292415011954,United Kingdom
3750,-1.0547481340815463,-0.38237417418443104,United Kingdom
3751,-1.2669030644430415,0.6991926757045662,United Kingdom
3752,-0.5762788438389396,-1.3801440283046948,United Kingdom
3753,2.1952756616285263,-0.8377164162657751,United Kingdom
3754,2.9022916617498065,-0.5968278603113907,United Kingdom
3755,-1.6312326063970721,0.9354147350068442,United Kingdom
3756,-0.34697250518810835,-0.2328062368833183,United Kingdom
3757,-2.3146286048646934,1.28603287761698,United Kingdom
3758,-1.1097338491131343,-0.35870451312448537,United Kingdom
3759,-0.24402213429596348,0.47080371431219065,United Kingdom
3760,-1.7101443998496624,4.59893989027391,United Kingdom
3761,-1.703463783023974,0.0527780710567494,United Kingdom
3762,0.17556057645088025,-0.8941475275083922,United Kingdom
3763,0.4353346390717452,-0.9572214767669609,United Kingdom
3764,1.7511238798228435,0.5334021832537422,United Kingdom
3765,0.26236184918211597,0.8762288830687432,United Kingdom
3766,-1.5172776305035878,0.48166072200102816,United Kingdom
3767,-0.3233971874118662,0.28350531012746294,United Kingdom
3768,-1.1311541684982356,0.03542868071234153,Other
3769,2.764420438445495,0.46069613945665794,United Kingdom
3770,-0.9212621385404546,-0.41878385023218145,United Kingdom
3771,7.420586149718173,0.7330287004003031,United Kingdom
3772,2.217341265423064,-0.7069550676308223,United Kingdom
3773,-1.116921995047253,0.6327542093295384,United Kingdom
3774,-1.5277466289547743,-0.385711947055161,United Kingdom
3775,-0.10571433414373452,-0.3399851978013683,United Kingdom
3776,0.7404367855943409,-1.0113239294453522,United Kingdom
3777,-2.5283435345250367,-0.18250986051057372,United Kingdom
3778,1.5705666498329178,-0.2045082155104422,United Kingdom
3779,-0.3572422351467323,0.7181461102487846,United Kingdom
3780,0.22858734868278485,-0.7766261418399022,United Kingdom
3781,1.5196283964898278,-1.5237502040881534,United Kingdom
3782,0.37051615983377656,-0.7816161271973275,United Kingdom
3783,-2.803465508169316,-0.6705980542561953,United Kingdom
3784,-2.0011613885080357,1.8958043011176868,United Kingdom
3785,0.46280849266926355,0.3074644779093162,United Kingdom
3786,0.29781006180471253,0.005012760645018717,United Kingdom
3787,3.2473411110619423,-0.5029539744993771,United Kingdom
3788,3.042030517176938,-1.477900865721109,United Kingdom
3789,-1.7672696669308785,0.8630278296242284,United Kingdom
3790,-1.8948806943029264,-0.2167632113280468,United Kingdom
3791,-2.2449621706404495,-0.7621930785190312,United Kingdom
3792,-4.487293169404721,1.4615129637384972,United Kingdom
3793,0.7011500727879643,0.0768352241333529,United Kingdom
3794,-2.211919426103246,-1.9791596897572874,United Kingdom
3795,-0.5443701173694948,0.12360677735521533,United Kingdom
3796,-2.057565963068373,-0.16381838798837656,United Kingdom
3797,0.2988398805719423,-0.5782669593902342,United Kingdom
3798,-3.2195519665236967,-0.5901934398964194,United Kingdom
3799,-1.9666263788617524,-1.8075151951298813,United Kingdom
3800,-1.6321461504285701,-0.6439157088656575,United Kingdom
3801,-1.4469617722665702,0.3662136336791156,United Kingdom
3802,0.4296140649564571,-0.48500690375236977,United Kingdom
3803,-0.22775312867519285,1.8865523817532839,United Kingdom
3804,2.2266660339139546,-0.5760996131770487,United Kingdom
3805,0.18725277287114972,-0.8038890492036975,United Kingdom
3806,-2.683779446793629,0.5911578978257668,United Kingdom
3807,-0.16942352403194827,-0.7962383135497337,United Kingdom
3808,-0.06676433642718621,0.11704631807009465,United Kingdom
3809,-1.1982893763635067,-1.1287834417695755,United Kingdom
3810,1.0636615642174492,-1.3859324489807698,United Kingdom
3811,-0.6030248882121858,-0.42419525227044647,United Kingdom
3812,1.0404406120738345,-0.25928310037494556,United Kingdom
3813,2.9866060251475908,-0.324553519278329,United Kingdom
3814,-1.451207922269524,0.8096184520589425,United Kingdom
3815,1.5340751277254934,-0.0049137498313295645,United Kingdom
3816,-2.0851620409885037,-1.1031538119042237,United Kingdom
3817,-0.6297965419263345,-1.1622584801843556,United Kingdom
3818,-2.5532724877291173,0.27840279118376354,United Kingdom
3819,3.107484347198517,-0.998708280098369,United Kingdom
3820,-2.5833947005945728,-1.0142517373942954,United Kingdom
3821,0.032527530256846966,-1.3310688193561226,United Kingdom
3822,-1.8097792217409687,-1.1531649657707121,United Kingdom
3823,4.748372667241869,-0.6324945453026941,United Kingdom
3824,-1.9616517679427419,-0.4063558612942605,United Kingdom
3825,0.7666234386251115,0.6058045764744991,United Kingdom
3826,1.2904860529742201,-0.8036786843049522,United Kingdom
3827,0.12327067397744666,1.2785835683865525,United Kingdom
3828,1.9704107236299329,0.18907172301014905,United Kingdom
3829,1.9924421538829025,-0.4860032385918,United Kingdom
3830,1.4288569320286992,0.32104452112383497,United Kingdom
3831,3.212727168619375,-0.07426690777258813,United Kingdom
3832,0.2909471622612556,0.10694841140826379,United Kingdom
3833,-0.17493786682103235,-0.9226928781488898,United Kingdom
3834,2.7231182266336766,-0.572539143119954,United Kingdom
3835,0.9944675881683204,2.19445747853097,United Kingdom
3836,-1.6969331910298664,-0.45537978149599956,United Kingdom
3837,-2.710411228372565,-0.9857854616808731,United Kingdom
3838,3.8896060263917924,-0.45891563363309273,United Kingdom
3839,-1.7761535078693793,2.6352556247753833,United Kingdom
3840,-1.1872734522346717,-0.3721268733940206,United Kingdom
3841,-0.9610924815008383,-2.080361466314848,United Kingdom
3842,1.223421438087634,-0.7078130048840698,United Kingdom
3843,3.4893740500965627,-0.9887448170073155,United Kingdom
3844,1.7852114521387252,-0.12440629561360884,United Kingdom
3845,3.051375025110222,-0.42083290161876125,United Kingdom
3846,-0.3302168089973407,-0.12295241693400857,United Kingdom
3847,-1.6354980619167605,-0.14503118311868277,United Kingdom
3848,-1.7553404463394269,0.0019179823888152204,United Kingdom
3849,0.7064119431639001,0.061543169144650585,United Kingdom
3850,-1.4960470062446916,-0.3940348988414362,United Kingdom
3851,-3.1592940968062773,-0.9754501870384839,United Kingdom
3852,0.6107823615550702,0.30386710986231014,United Kingdom
3853,-0.3364366471239027,0.39093766848351746,United Kingdom
3854,0.5673567314992799,0.019109207506634328,United Kingdom
3855,2.0846319251332743,-0.07907587466548463,United Kingdom
3856,-3.11124316554426,-1.1442003540914836,United Kingdom
3857,2.1543015100500478,-1.246557914037556,United Kingdom
3858,-1.2040409980520328,1.576098884639611,United Kingdom
3859,0.3113074546492825,-0.8525582479977452,United Kingdom
3860,0.9136631696875702,-0.10340501883727157,United Kingdom
3861,1.9392075017179051,-0.0260249375711265,United Kingdom
3862,-0.9856140674361704,-0.4590762175713169,United Kingdom
3863,-0.3132678161197923,0.04148539022869687,United Kingdom
3864,-3.268300974550816,0.5423607806015875,United Kingdom
3865,-1.0603483538449747,0.7680860706660286,United Kingdom
3866,-0.19953315768950963,0.1320564878935698,United Kingdom
3867,-3.1828980686872534,0.11055817684415133,United Kingdom
3868,2.8546362927056514,-1.11070114919041,United Kingdom
3869,-0.16255862252343453,1.1248034721725813,United Kingdom
3870,-2.9691532680411887,0.7297083293669724,United Kingdom
3871,0.9372089834586302,1.2181631328199791,United Kingdom
3872,0.009913366475918005,1.425631441415655,United Kingdom
3873,-1.7885855278705634,-1.1065210238830296,United Kingdom
3874,3.010904775920612,-0.6953851734509573,United Kingdom
3875,2.8294100965211997,0.13253372527923793,United Kingdom
3876,0.9256332171385365,0.3409394539775112,United Kingdom
3877,-2.8193707443435763,-0.20512401124974844,United Kingdom
3878,1.9162356399263905,0.43927222272445426,United Kingdom
3879,1.2392978528985739,0.07694044342307724,United Kingdom
3880,-0.14882728909901635,-0.25860144659110174,United Kingdom
3881,2.3594779392943015,-0.13351382745991802,United Kingdom
3882,-1.6298175030997275,-0.5294432143135226,United Kingdom
3883,1.3108421064171711,0.06613774898761586,United Kingdom
3884,0.2617315150897285,-0.7134721213511408,United Kingdom
3885,0.36037671361067763,-0.8363718072060761,United Kingdom
3886,1.373743944758505,0.5746461799381473,United Kingdom
3887,-0.8157029976985203,0.07866100626833054,United Kingdom
3888,1.974304581238026,-0.17477348396446898,United Kingdom
3889,-2.2028152605933706,0.01784223990913867,United Kingdom
3890,1.1100154106876943,0.07696024013846638,United Kingdom
3891,2.0020479192992218,1.5510700590647544,United Kingdom
3892,2.2646550350330155,-1.5819627166254686,United Kingdom
3893,-0.2772695528149933,-1.248725434821379,United Kingdom
3894,5.396000723423391,-0.14308357292633794,United Kingdom
3895,1.5257252864141437,-1.3404070636404442,United Kingdom
3896,5.097791957316749,-0.5097534878153223,United Kingdom
3897,-1.5813873806773664,0.16803839070648724,United Kingdom
3898,0.8116986160690877,1.8890343250447075,United Kingdom
3899,-1.8262201833961769,-0.5420633050195329,United Kingdom
3900,1.905476958910164,-0.37522783694715767,United Kingdom
3901,-1.5142635361909345,-0.14436120108710954,United Kingdom
3902,2.369316836665657,-0.42574631661021406,United Kingdom
3903,3.3419055628739374,0.6195590146463738,United Kingdom
3904,2.7814360939473026,0.6474092028578182,United Kingdom
3905,-1.8695057497712133,0.14978799400552453,United Kingdom
3906,-0.0009868811431420431,-0.8233575585228949,United Kingdom
3907,-1.6994726708650263,-0.42883461175951326,United Kingdom
3908,-1.5568466009524662,0.15469427094800348,United Kingdom
3909,0.02349061724401685,-0.43970878474528574,United Kingdom
3910,1.8393874004742468,-0.4336972439753462,United Kingdom
3911,-1.764794530741656,1.3076971538751134,United Kingdom
3912,-2.6014253201091884,-0.39597643029752844,United Kingdom
3913,2.0291625726475817,0.41253116238369375,United Kingdom
3914,-1.4940927450986965,1.6631899434055513,United Kingdom
3915,1.477353215375353,-0.3845638467639447,United Kingdom
3916,0.40809331540270655,-0.8468078038168797,United Kingdom
3917,-0.3557564676452399,1.0741439316692134,United Kingdom
3918,1.898745790681602,-1.016382848171474,United Kingdom
3919,4.30780397460445,0.30051201077688106,United Kingdom
3920,-2.6953466178105945,-1.238583735172715,United Kingdom
3921,-1.7582056567650202,-0.20840681106087788,United Kingdom
3922,-3.437251453345181,1.9218295202636753,United Kingdom
3923,-0.5327778227145851,-0.8946825958736864,United Kingdom
3924,-0.5877155504500008,1.1068000975181889,United Kingdom
3925,-2.5870651496655164,-0.4161028235273825,United Kingdom
3926,-1.918834655260985,-0.6082978658529657,United Kingdom
3927,3.1894971244229544,-0.05162561061503063,United Kingdom
3928,-2.8626848123305804,0.33836455554910655,United Kingdom
3929,2.7885820151542666,0.5090177731723,United Kingdom
3930,0.6086575789701074,0.6709978927707737,United Kingdom
3931,1.6573631604736452,0.867018011111315,United Kingdom
3932,0.48325193340057365,1.334798967772706,United Kingdom
3933,0.035828422784315014,0.7632393107337763,United Kingdom
3934,2.6062825261027607,-0.5168443647179121,United Kingdom
3935,0.9429329022207619,0.8540523820019045,United Kingdom
3936,2.559111918433451,0.4940389085798755,United Kingdom
3937,3.552970427765733,-0.9748455937127483,United Kingdom
3938,0.45088755662580426,0.8774515527940664,United Kingdom
3939,-1.9737571484149008,1.294009241374824,United Kingdom
3940,-0.006671296942239133,0.10985361257430366,United Kingdom
3941,-0.026791919692114155,-0.19061689980852162,United Kingdom
3942,5.024264698818193,-0.5785412107468411,United Kingdom
3943,-0.5669643333109419,-0.339550187107601,United Kingdom
3944,-1.7703062295182752,-1.59795052977862,United Kingdom
3945,1.5851446353023215,0.349195995848396,United Kingdom
3946,1.5691188133182952,0.49938263135498345,United Kingdom
3947,-1.81188748229317,1.4118166174261246,United Kingdom
3948,2.739726516562294,-1.6829390778364293,United Kingdom
3949,-3.454300753988847,0.5995358770664947,United Kingdom
3950,-4.370064045355635,0.19167728614810564,United Kingdom
3951,-0.5581308969740298,1.04847593025429,United Kingdom
3952,2.5823783621225043,-2.445373087007407,United Kingdom
3953,-3.3673238552865317,-2.1102385473062446,United Kingdom
3954,2.3983007402682865,-1.8714530203707478,United Kingdom
3955,4.115830414276745,-1.5543454539982935,United Kingdom
3956,2.881351256853245,-0.3476055799436643,United Kingdom
3957,0.8352884556801098,-0.675213258150546,United Kingdom
3958,-0.8756873308597127,-1.0838545945441493,United Kingdom
3959,-0.15504800148028355,0.7983049290334597,United Kingdom
3960,-5.607818696519868,-2.7997512025367217,United Kingdom
3961,0.27391889724575136,0.3534010001348234,United Kingdom
3962,-1.1028635853714173,-0.09579967952173668,United Kingdom
3963,-1.0964461709381268,-0.3679598152837478,United Kingdom
3964,1.8968316165844468,0.6784092998795034,United Kingdom
3965,2.88587522065789,-0.17310838204881207,United Kingdom
3966,-0.080466597083238,0.7962620390313266,United Kingdom
3967,-0.9029853130200028,-1.0537682595238356,United Kingdom
3968,-1.3713864364662467,-1.1998482272544189,United Kingdom
3969,0.7508147648937711,0.2873643604300752,United Kingdom
3970,-3.692436917663191,-2.156832370220437,United Kingdom
3971,0.6768592262585501,-1.1616106096792702,United Kingdom
3972,0.33362415183993177,-0.5589865865861305,United Kingdom
3973,-2.6922127844176207,0.2846077510545627,United Kingdom
3974,-0.6582651150121349,-1.0699265114666738,United Kingdom
3975,-2.331664006404812,-0.7502227531287807,United Kingdom
3976,-0.9755921992950942,-0.9077887138535334,United Kingdom
3977,1.1027919497076164,0.5759569986543506,United Kingdom
3978,-0.8867562597318158,1.6668920858202319,United Kingdom
3979,-2.2815169811877274,0.6858276989761893,United Kingdom
3980,1.7451158263934654,-0.8495595463869724,United Kingdom
3981,-2.5986152548366435,-0.9617086901201719,United Kingdom
3982,-0.6025305682374463,0.21352565569910617,United Kingdom
3983,-0.8722579922190307,-0.6196754208643784,United Kingdom
3984,-0.12101102279373127,-0.11654917308013181,United Kingdom
3985,0.6667624166382645,-0.5407945417522434,United Kingdom
3986,2.676165487678581,-0.5380783302933836,United Kingdom
3987,0.9009665279032958,-1.1577717342122416,United Kingdom
3988,0.9217200917944511,0.0573799702664256,United Kingdom
3989,-0.7203055264674614,0.3478717107768327,United Kingdom
3990,0.4761613189787266,-0.9626148290065445,United Kingdom
3991,2.6255773450788378,0.01327605889948016,United Kingdom
3992,4.39217131283318,-1.3067033838661952,United Kingdom
3993,0.6442795077755867,-0.7679965906026753,United Kingdom
3994,1.969391625770057,-0.12864074064886866,United Kingdom
3995,-3.3930305435911015,-3.7428386601511625,United Kingdom
3996,-0.7940407633441989,0.32975959690223355,United Kingdom
3997,1.53270191214337,1.129031543541099,United Kingdom
3998,-0.9668912587732126,-0.9874456927268809,United Kingdom
3999,2.316371694920882,-0.6607145022838653,United Kingdom
4000,1.1412929659860371,0.9422335711092344,Other
4001,-0.2326659203707005,1.2683786580088694,Other
4002,-0.6869464653504179,-0.35588682197826127,United Kingdom
4003,-4.407045448884407,-1.688881686577068,United Kingdom
4004,-1.183222669435257,-1.6239931500212874,United Kingdom
4005,0.06462961767824175,-2.0759506867132194,United Kingdom
4006,-2.0981876546006313,-1.662693750677523,United Kingdom
4007,1.1720221008653569,-0.12085110915412693,United Kingdom
4008,2.066990183943918,0.6432386025744118,United Kingdom
4009,-0.5222734158238428,-0.5368230446529791,United Kingdom
4010,7.1216086873902835,-1.2859399640921312,United Kingdom
4011,-1.8785261523450039,0.2685912031284009,United Kingdom
4012,-3.543110434215583,-2.2864327722548947,Other
4013,-3.1290096939027245,12.535058012402192,United Kingdom
4014,0.129614850389523,-0.3674516604707684,United Kingdom
4015,-1.4240490125891012,1.65064662450792,United Kingdom
4016,1.7024720082683924,0.28298294426635306,United Kingdom
4017,-2.0584147334605194,-1.9388614999739258,United Kingdom
4018,-1.8894452702139877,0.1349390125904233,United Kingdom
4019,-1.9186432941851208,-0.32025540574892936,United Kingdom
4020,1.037975427525593,-0.2349445026773247,United Kingdom
4021,4.611629337534724,2.291395845197929,United Kingdom
4022,3.085417184378897,0.6245599492177281,United Kingdom
4023,-2.195872763005431,-0.656435857131398,United Kingdom
4024,-1.6548044011309277,0.20222711865436027,United Kingdom
4025,2.629751806711296,-1.12715888647776,United Kingdom
4026,-2.0184293708960137,1.4185513184332046,United Kingdom
4027,2.269962227206777,-0.2845569310638626,United Kingdom
4028,0.6403531005524047,-1.278060395321042,United Kingdom
4029,3.960736554098924,0.09930570842464372,United Kingdom
4030,-1.6551836130673288,0.6547891334939447,United Kingdom
4031,0.852064567528907,-0.757937308198943,United Kingdom
4032,-1.1217991490127872,0.14031082079377913,United Kingdom
4033,2.6365886716110256,-1.7738086599713176,United Kingdom
4034,-2.235362658182248,-0.4843980946719727,United Kingdom
4035,0.7792332414025215,0.9534274990521374,United Kingdom
4036,-0.569069481975476,-0.060712547619120635,United Kingdom
4037,-2.065330881843497,0.4570258193654921,United Kingdom
4038,-0.577443642876784,-0.1123180780492552,United Kingdom
4039,-2.7918898038714026,0.3097697740456476,United Kingdom
4040,-1.0113646379558408,0.6982622495137496,United Kingdom
4041,-3.2054024751335137,0.47661762642566774,United Kingdom
4042,0.9847525728609856,-1.5063695454438053,United Kingdom
4043,1.2082957491656046,-1.600378812317196,United Kingdom
4044,-0.9108252193248751,-1.0757562315000706,United Kingdom
4045,0.6334544907208729,-0.12493946584322373,United Kingdom
4046,-3.115939259617378,0.2886021598941995,United Kingdom
4047,0.7391179559130014,-1.2864816831279702,United Kingdom
4048,-2.176788448842928,-0.2665597604309169,United Kingdom
4049,-0.2792229086764928,0.2303926151105459,United Kingdom
4050,-1.19313236351898,-1.4131860272840067,United Kingdom
4051,-1.495427117959308,-0.892974220415012,United Kingdom
4052,-2.423740463171697,-0.7925675206817293,United Kingdom
4053,0.7692835123644569,-0.7138618659804312,United Kingdom
4054,-2.2155571855522664,-1.445850714362945,United Kingdom
4055,-1.5695161451423367,-1.3476273268198218,United Kingdom
4056,-0.3605451074210105,-0.060476660937937674,United Kingdom
4057,-1.7029619750493366,-1.7660478402636182,United Kingdom
4058,-1.848326407736242,-0.4916062041428299,United Kingdom
4059,-3.173428140410145,-0.6537411086318132,United Kingdom
4060,-2.641116551510791,-0.10403639341171403,United Kingdom
4061,-1.564199520726988,-0.28274270585616423,United Kingdom
4062,-0.07765939045783002,0.09747124936292918,United Kingdom
4063,-3.5525390406191555,-0.35186290410358645,United Kingdom
4064,-1.503056326078193,0.21076955562704375,United Kingdom
4065,-0.31260799290211005,-0.5731516045212288,United Kingdom
4066,-1.4122392705521292,-0.4802921968406449,United Kingdom
4067,-0.4795420454586222,-0.5058371214547415,United Kingdom
4068,0.27060568907378646,-1.0010992915957029,United Kingdom
4069,-0.5812808574243714,-1.2074147206555206,United Kingdom
4070,0.4313145171615872,1.0985489919276727,United Kingdom
4071,3.636783323537347,-1.2652753544505162,United Kingdom
4072,0.48336457144750133,-0.5853372256118793,United Kingdom
4073,-3.2155898220492953,0.8257145264230146,United Kingdom
4074,1.7228424348019133,0.10122169107128659,United Kingdom
4075,-3.0028418294342827,0.7655282821212347,United Kingdom
4076,-1.1132954533565886,0.06402070245162986,United Kingdom
4077,-1.5223235963533666,-0.8259017514345922,United Kingdom
4078,-0.8531638414503255,0.8233643644925025,United Kingdom
4079,1.2072624316112388,-0.6955898602989423,United Kingdom
4080,-0.7046798642027312,-0.03184466748318976,United Kingdom
4081,1.1146167948059826,0.08491705248095309,United Kingdom
4082,-0.22196813244257915,0.42228418538503965,United Kingdom
4083,-2.1482299193892977,-1.4244451967656298,United Kingdom
4084,0.10017851114767272,-0.5881175003933068,United Kingdom
4085,2.1106347893420896,0.46170521193484676,United Kingdom
4086,-3.012993923527947,-0.7570784982304365,United Kingdom
4087,1.502669380463624,5.6896157957702425,United Kingdom
4088,-1.904059332139142,-0.46796903849261895,United Kingdom
4089,-3.0311197095066698,-2.1160494997207344,United Kingdom
4090,-2.487617787950308,-0.625719641821029,United Kingdom
4091,-1.7309850903865145,-1.5875077595988647,United Kingdom
4092,-2.2055411983697466,0.4719854075895803,United Kingdom
4093,6.013758836498471,0.5046315473455929,United Kingdom
4094,-0.25648691920521993,-0.7415206459873122,United Kingdom
4095,0.21623986306877135,-0.22045605619713726,United Kingdom
4096,2.967008137422673,-1.603686446064706,United Kingdom
4097,-1.0872216815658482,0.6459902255464933,United Kingdom
4098,-6.6373215434157915,0.10146978765163576,United Kingdom
4099,-1.651651180030322,-1.6264698993862945,United Kingdom
4100,-1.614884489225585,1.2440073838172447,United Kingdom
4101,-2.954972746048299,-1.449239098611206,United Kingdom
4102,1.7043214357795984,-2.1885893909843412,United Kingdom
4103,-2.1709608201089106,-1.2911524886370125,United Kingdom
4104,-0.0765326602764184,-0.4539000576109789,United Kingdom
4105,2.3942484130106965,-0.446453002011544,United Kingdom
4106,1.2432996723529126,-1.1437202545986533,United Kingdom
4107,-2.3514866098401783,-0.7587601342615259,United Kingdom
4108,-1.2601845959689402,-0.07435188721963751,United Kingdom
4109,-1.961751857028717,0.18826547718581055,United Kingdom
4110,-0.5210856352461729,0.981310259379096,United Kingdom
4111,-2.633264391984742,0.2507302709475512,United Kingdom
4112,-1.2246378740874557,0.32681433046939057,United Kingdom
4113,0.7553854230154913,-0.8482425046383072,United Kingdom
4114,2.9012569102824792,-0.2273242140619919,United Kingdom
4115,-1.372121064882727,0.8908230439149973,United Kingdom
4116,-0.9053711121401735,0.014768074915245087,United Kingdom
4117,-1.4461167621179358,0.3215288783820735,United Kingdom
4118,0.5249741728486985,-0.8090916053172794,United Kingdom
4119,-0.16667471659303057,-0.07771456931063994,United Kingdom
4120,-1.8442123376665163,-0.7190040375334729,United Kingdom
4121,-0.4493795591147404,1.0733803636145738,United Kingdom
4122,-5.105844364591813,-2.3900090511876084,United Kingdom
4123,-1.7335409865813594,-1.1456921786126217,United Kingdom
4124,-1.4864953400798928,-1.5969646987732578,United Kingdom
4125,-0.5742021053528449,-0.14846085765847802,United Kingdom
4126,-3.759502279055652,-0.3332812862438905,United Kingdom
4127,0.015626044931331292,-0.5563388497278634,United Kingdom
4128,-3.4322938227111264,-1.184943689525436,United Kingdom
4129,1.8958781658257584,-0.9364940484872272,United Kingdom
4130,-0.37811963109488983,-0.5355103449778503,United Kingdom
4131,-0.04114972233182396,-0.7034142933705719,United Kingdom
4132,-2.226187265810413,-0.022202163872262013,United Kingdom
4133,-0.7372619501648735,-1.2147488550363033,United Kingdom
4134,-0.625097280031872,0.33589755102665486,United Kingdom
4135,1.150109873562445,0.2077195765486348,United Kingdom
4136,-1.6842052544527801,0.7427323520722985,United Kingdom
4137,-2.565147989617761,0.7591842805916618,United Kingdom
4138,-2.692347317123997,-0.6293407468151505,United Kingdom
4139,-1.468502185955632,-1.6747767463840921,United Kingdom
4140,-1.7363306282180055,-0.5968848134424266,United Kingdom
4141,-1.052444089570872,-2.2873682067725505,United Kingdom
4142,1.3084455868153007,-0.010331986726217266,United Kingdom
4143,-1.508302228561745,-0.702229013100962,United Kingdom
4144,-2.433029946856015,-0.7739682332687695,United Kingdom
4145,-4.444815697315259,-0.6646813578622535,United Kingdom
4146,0.7539782603181924,-0.07109948971698335,United Kingdom
4147,-1.2434656960866117,-0.166414212288877,United Kingdom
4148,-2.377147475803984,-0.6446881307404401,United Kingdom
4149,-1.6425031912640575,-0.13525228024455976,United Kingdom
4150,-3.655798194540342,-1.0858135781361695,United Kingdom
4151,-1.814149876215065,-1.4138410357437505,United Kingdom
4152,0.2635098939113714,-1.4232386460470836,United Kingdom
4153,0.2789554911047758,-0.46369728818052564,United Kingdom
4154,-0.27188047617504457,-1.3279270598752149,United Kingdom
4155,-3.3528584991228794,-2.1275546674695036,United Kingdom
4156,-0.9819039141857085,-0.532388220248203,United Kingdom
4157,3.4784376767609597,-1.399601175435176,United Kingdom
4158,-2.6892450892675885,0.49253390709466405,United Kingdom
4159,0.17420735136615403,-0.6317767364256457,United Kingdom
4160,2.0716827814880205,-0.5053777305631304,United Kingdom
4161,-1.3366847456152111,-0.5539277191807741,United Kingdom
4162,-2.44642029670682,-1.3161470172953538,United Kingdom
4163,-3.700803691680182,-0.8190612041930896,United Kingdom
4164,-1.03038528026822,-0.5528789995964595,United Kingdom
4165,3.543664485735576,0.4891396462141631,United Kingdom
4166,-1.435107874992023,0.9927443700267479,United Kingdom
4167,-2.0781278291131806,-1.2479085058380355,United Kingdom
4168,-0.9157171449117525,-1.537818780499723,United Kingdom
4169,1.122115287967371,0.2319305263480173,United Kingdom
4170,-0.5401630842623921,0.7348543065275093,United Kingdom
4171,-0.7174531958418093,0.3387903366751009,United Kingdom
4172,2.231525065730814,-0.6569427657020349,United Kingdom
4173,-1.6658872267339864,0.4765763018379532,United Kingdom
4174,-0.6933359188714058,0.17277752198527746,United Kingdom
4175,-4.66557389908614,2.326312189165105,United Kingdom
4176,2.2080388610181285,-0.3927310376794021,United Kingdom
4177,-1.1103309135855655,0.26505941329241306,United Kingdom
4178,-1.4133998361056141,-0.996743515720112,United Kingdom
4179,1.781268129005762,0.5976471156698172,United Kingdom
4180,-1.4524408062661995,1.6720293299412239,United Kingdom
4181,2.062726764007607,-0.1952920391825879,United Kingdom
4182,2.4817193535339714,-1.293562468362,United Kingdom
4183,-1.4543874908787588,-0.04351511711996916,United Kingdom
4184,2.778465171086112,-0.3654833832876221,United Kingdom
4185,-0.09860470789026762,0.09300726899899132,United Kingdom
4186,-1.1646330361502948,-0.465971127426472,United Kingdom
4187,0.4969052966965695,0.18223740987010453,United Kingdom
4188,-2.3780016591010487,-2.9538127875149813,United Kingdom
4189,-0.7907872403131551,0.6259926061128509,United Kingdom
4190,-2.912288576273723,-1.1401845177695078,United Kingdom
4191,0.3688459852501797,9.798640451105607,United Kingdom
4192,-1.644641228231184,-0.8194412543005769,United Kingdom
4193,3.4832365756203747,0.44107333438814467,United Kingdom
4194,1.1278896632908741,-0.0010469128952131249,United Kingdom
4195,1.7587562503676053,0.04744795866115887,United Kingdom
4196,-0.8256490087082917,0.36447404919117316,United Kingdom
4197,1.2654713759719096,-0.7205994376010137,United Kingdom
4198,2.1790665753073233,-0.11964470963168596,United Kingdom
4199,-1.917234501238711,-0.5728600297857817,United Kingdom
4200,-1.145837635113117,-1.3236623414475035,United Kingdom
4201,8.06580634870418,1.7897515968259237,United Kingdom
4202,0.051527247834934425,1.0610139273001542,United Kingdom
4203,-2.379385725526128,-1.139935549780475,United Kingdom
4204,-1.3193376196635063,1.210003308694297,United Kingdom
4205,-2.0240973297729346,1.0346254038513738,United Kingdom
4206,4.002172210359004,-0.18382983166297898,United Kingdom
4207,-1.2497064849416724,-0.45161549256402306,United Kingdom
4208,-0.6145632472803226,-0.25601988049035906,United Kingdom
4209,-3.8114147256565007,-1.5110413639328875,United Kingdom
4210,-2.214490463737057,1.0836826166067732,United Kingdom
4211,1.4582428444389317,-0.7776683019284651,United Kingdom
4212,-0.04669621005824431,-1.1028489264989871,United Kingdom
4213,3.7929874615190298,-1.0883425389036585,United Kingdom
4214,-2.049345430507145,0.04389426834759707,United Kingdom
4215,-3.015019784826645,0.022239328075173568,United Kingdom
4216,-0.35801235896336875,-0.10479143197300532,United Kingdom
4217,2.249233445266002,-0.8363322430029799,United Kingdom
4218,0.11281081867332479,-0.9669389991503539,United Kingdom
4219,1.26907691624846,-0.5908300560603842,United Kingdom
4220,-1.234890377926205,-0.7482235276684598,United Kingdom
4221,-0.6282818187451913,-0.9266876082365686,United Kingdom
4222,-2.939865527337159,-0.33903004544096105,United Kingdom
4223,0.978270221771243,-0.4230840120551839,United Kingdom
4224,-0.6424594922067314,0.14916819365163955,United Kingdom
4225,-0.3548135561810093,-1.0016840122776793,United Kingdom
4226,-0.060067783235409,-0.11250213552455567,United Kingdom
4227,-3.0729435582692273,1.0342697342732148,United Kingdom
4228,3.1812201526390713,0.32924404712895383,United Kingdom
4229,-0.040722055951072374,0.12045721130959011,United Kingdom
4230,0.31969760633837274,0.5621405006051877,United Kingdom
4231,1.8890678993681476,-0.1055442039848818,United Kingdom
4232,2.643104454316441,-0.24991626456370317,United Kingdom
4233,-2.2157026957000183,-1.2328199068618173,United Kingdom
4234,-1.847422638962597,-1.813963337093144,United Kingdom
4235,-0.6657141289641834,-0.2900699476150589,United Kingdom
4236,-0.24884257822401407,-0.742672822728771,United Kingdom
4237,-0.3912328210758674,0.4627739450496188,United Kingdom
4238,-0.38014451376581726,-0.9455740927786292,United Kingdom
4239,-1.0098519833659205,-0.7949143380752027,United Kingdom
4240,0.528137795997155,-0.1552295371811645,United Kingdom
4241,-0.1427522591682941,-1.4906256799675548,United Kingdom
4242,-1.2579236692094011,1.7183463254555227,United Kingdom
4243,-0.30069034559368296,0.40436846609606214,United Kingdom
4244,1.2400522423207205,0.037594829882721614,United Kingdom
4245,-0.8648100589585416,0.6986063174062637,United Kingdom
4246,-1.5077190236731273,-0.5052568268447944,United Kingdom
4247,0.468300618463506,0.5789719052196501,United Kingdom
4248,0.5829869863069219,0.0050629072574457975,United Kingdom
4249,-2.216829678476873,0.14339499319751534,United Kingdom
4250,0.1865509637709502,0.5002463832130171,United Kingdom
4251,0.44273595829432677,0.6102302996349629,United Kingdom
4252,3.407940396100422,-0.16229755448086097,United Kingdom
4253,0.9433483379002283,0.5723179403477524,United Kingdom
4254,-2.8527161460297727,-1.5362391803512145,United Kingdom
4255,-0.9725659218959624,0.8209254635276044,United Kingdom
4256,1.0000564346863001,-0.9376639749270648,United Kingdom
4257,1.0009878714591913,0.22126294682091555,United Kingdom
4258,1.8606707944862098,-0.5570278761051466,United Kingdom
4259,2.1954124572388247,-1.01495758792346,United Kingdom
4260,-0.6851186636380108,0.3233446651396693,United Kingdom
4261,-0.5528010872032617,0.6840043773541178,United Kingdom
4262,-3.4566106471000184,-2.869632562621792,United Kingdom
4263,-1.626630230694694,0.7635891267274421,United Kingdom
4264,1.632874389971605,0.17294814091944924,United Kingdom
4265,0.4938919507306875,0.7607864992870396,United Kingdom
4266,-1.8272612918778763,0.1782095761892836,United Kingdom
4267,-2.3395107573574974,0.642423679095535,United Kingdom
4268,0.11833964821382746,1.5106108261796538,United Kingdom
4269,-1.8618142351596991,0.46680381711516356,United Kingdom
4270,-0.21778064069169628,0.6143922624641126,United Kingdom
4271,0.28117328540709025,-0.11858403724777658,United Kingdom
4272,3.4276980800708783,-0.9045208328670623,United Kingdom
4273,-1.8443714169839835,-0.7574455633928395,United Kingdom
4274,0.40573452260091414,1.1457836839210718,United Kingdom
4275,-2.517784880847078,0.422885760130643,United Kingdom
4276,1.6137379427698626,0.5199064346407491,United Kingdom
4277,-0.6108075890284345,0.430841430872937,United Kingdom
4278,-2.3865231225148156,-0.5272659323153877,United Kingdom
4279,2.510538373183014,-0.21221395815581828,United Kingdom
4280,-0.013219253863907184,-1.1536680973836555,United Kingdom
4281,-1.8416463281923088,0.4098493727438171,United Kingdom
4282,-1.6985595399373594,-0.5032861270465648,United Kingdom
4283,-1.6208722862206193,0.2743187314168832,United Kingdom
4284,-0.6381109167810988,1.029363329146405,United Kingdom
4285,-0.03762750806489063,-0.45727553117996544,United Kingdom
4286,-0.5292500576477313,-0.049143318818805945,United Kingdom
4287,1.918281089658781,-0.5756305986564427,United Kingdom
4288,-1.9704577509258832,-0.48068778124750555,United Kingdom
4289,0.8970425823423952,-0.6901324309889836,United Kingdom
4290,-0.8372313764180415,0.6860818355346248,United Kingdom
4291,3.4890898900539358,-0.2819941395882593,United Kingdom
4292,-2.6525362699155663,0.049482071270041186,United Kingdom
4293,3.572059056793915,-0.5888738467078173,United Kingdom
4294,2.9675507719202434,-0.12123370001173328,United Kingdom
4295,-3.777186143779159,1.047515929396171,United Kingdom
4296,-0.38950135012909787,0.7329873245565042,United Kingdom
4297,3.1454301725810567,0.309454922484808,United Kingdom
4298,1.9007239880003504,-0.5032816109563851,United Kingdom
4299,1.1320728652136325,0.8792849641538278,United Kingdom
4300,-0.4734289350819479,-0.14239340034199674,United Kingdom
4301,-3.9148796667952817,6.674957913508712,United Kingdom
4302,1.4747789671406106,0.25863962473828345,United Kingdom
4303,0.3301659397668107,-0.5676957695437992,United Kingdom
4304,1.0293343512008633,-0.9919574200427631,United Kingdom
4305,0.7904083397516214,0.3349831398097175,United Kingdom
4306,-1.451672724118065,0.8111766996430094,United Kingdom
4307,1.8630563004314227,-1.1232112627023378,United Kingdom
4308,1.349429807130098,0.7386781543359433,United Kingdom
4309,2.5252418506558296,-0.5655163132921214,United Kingdom
4310,-1.1974024644951062,0.6461227467497597,United Kingdom
4311,-0.09702018783109301,0.9364758901960433,United Kingdom
4312,-2.2213191160948047,-1.8161393769781384,United Kingdom
4313,-1.471965041754019,0.9868821609073035,United Kingdom
4314,2.167261234735641,1.159495559116973,United Kingdom
4315,-0.1677616477978077,-0.050369974720300345,United Kingdom
4316,-2.820877443884222,-1.2371666549745692,United Kingdom
4317,1.7079149543484053,0.025068432211757516,United Kingdom
4318,1.1442326322762453,0.8436679766077663,United Kingdom
4319,1.5034571738359859,0.8065388323831929,United Kingdom
4320,-1.23046786893181,-0.41619700669785353,United Kingdom
4321,-2.035450528497498,-1.2803267558689273,United Kingdom
4322,1.2515104143291336,-1.0858839233959137,United Kingdom
4323,-0.13553645805420003,1.1372471695825848,United Kingdom
4324,-5.826464670653051,0.5147331995757544,United Kingdom
4325,-2.7672077384772202,0.2466374233109018,United Kingdom
4326,-1.6415609477465252,-0.2960276586875247,United Kingdom
4327,2.7200629771988587,-0.5528279674332524,United Kingdom
4328,-1.97760992956259,-1.9054615784314655,United Kingdom
4329,-1.9747256717451505,-0.18393580450280334,United Kingdom
4330,-1.1638504090804227,-0.042827819867998565,United Kingdom
4331,-2.6703906640005486,-0.6025044252028825,United Kingdom
4332,-2.3427789420365266,-0.09462092890124611,United Kingdom
4333,-2.7613793991849005,0.7663623543462444,United Kingdom
4334,-3.3722968551726376,0.20416791498867118,United Kingdom
4335,-1.6729766529492973,-0.6102901648390593,United Kingdom
4336,2.745374757789078,-2.1785026840769404,United Kingdom
4337,1.4599967093956099,-0.19831649123696576,United Kingdom
